Listing ID,PMS Name,Date,Units,No. Booked,No. Blocked,blocking_units,Bookable Units,nightly_revenue,Vacant Units
278915,ownerrez,2026-08-19T00:00:00.000000,1,0,0,0,1,0.0,1
278915,ownerrez,2026-08-20T00:00:00.000000,1,1,0,0,1,0.0,0
278915,ownerrez,2026-08-21T00:00:00.000000,1,1,0,0,1,0.0,0
278915,ownerrez,2026-08-22T00:00:00.000000,1,1,0,0,1,0.0,0
278915,ownerrez,2026-08-23T00:00:00.000000,1,1,0,0,1,0.0,0
278915,ownerrez,2026-08-24T00:00:00.000000,1,1,0,0,1,0.0,0
278915,ownerrez,2026-08-25T00:00:00.000000,1,1,0,0,1,0.0,0
278915,ownerrez,2026-08-26T00:00:00.000000,1,0,0,0,1,0.0,1
278915,ownerrez,2026-08-27T00:00:00.000000,1,1,0,0,1,0.0,0
278915,ownerrez,2026-08-28T00:00:00.000000,1,1,0,0,1,0.0,0
278915,ownerrez,2026-08-29T00:00:00.000000,1,1,0,0,1,0.0,0
278915,ownerrez,2026-08-30T00:00:00.000000,1,1,0,0,1,0.0,0
278915,ownerrez,2026-08-31T00:00:00.000000,1,1,0,0,1,0.0,0
278915,ownerrez,2026-09-01T00:00:00.000000,1,1,0,0,1,0.0,0
278915,ownerrez,2026-09-02T00:00:00.000000,1,0,0,0,1,0.0,1
278915,ownerrez,2026-09-03T00:00:00.000000,1,0,0,0,1,0.0,1
278915,ownerrez,2026-09-04T00:00:00.000000,1,1,0,0,1,0.0,0
278915,ownerrez,2026-09-05T00:00:00.000000,1,1,0,0,1,0.0,0
278915,ownerrez,2026-09-06T00:00:00.000000,1,1,0,0,1,0.0,0
278915,ownerrez,2026-09-07T00:00:00.000000,1,1,0,0,1,0.0,0
278915,ownerrez,2026-09-08T00:00:00.000000,1,1,0,0,1,0.0,0
278915,ownerrez,2026-09-09T00:00:00.000000,1,1,0,0,1,0.0,0
278915,ownerrez,2026-09-10T00:00:00.000000,1,1,0,0,1,0.0,0
278915,ownerrez,2026-09-11T00:00:00.000000,1,0,0,0,1,0.0,1
278915,ownerrez,2026-09-12T00:00:00.000000,1,0,0,0,1,0.0,1
278915,ownerrez,2026-09-13T00:00:00.000000,1,1,0,0,1,0.0,0
278915,ownerrez,2026-09-14T00:00:00.000000,1,1,0,0,1,0.0,0
278915,ownerrez,2026-09-15T00:00:00.000000,1,1,0,0,1,0.0,0
278915,ownerrez,2026-09-16T00:00:00.000000,1,1,0,0,1,0.0,0
278915,ownerrez,2026-09-17T00:00:00.000000,1,1,0,0,1,439.0,0
278915,ownerrez,2026-09-18T00:00:00.000000,1,1,0,0,1,576.0,0
278915,ownerrez,2026-09-19T00:00:00.000000,1,1,0,0,1,576.0,0
278915,ownerrez,2026-09-20T00:00:00.000000,1,1,0,0,1,389.0,0
278915,ownerrez,2026-09-21T00:00:00.000000,1,1,0,0,1,355.0,0
278915,ownerrez,2026-09-22T00:00:00.000000,1,1,0,0,1,355.0,0
278915,ownerrez,2026-09-23T00:00:00.000000,1,0,0,0,1,494.0,1
278915,ownerrez,2026-09-24T00:00:00.000000,1,1,0,0,1,314.0,0
278915,ownerrez,2026-09-25T00:00:00.000000,1,1,0,0,1,729.0,0
278915,ownerrez,2026-09-26T00:00:00.000000,1,1,0,0,1,729.0,0
278915,ownerrez,2026-09-27T00:00:00.000000,1,1,0,0,1,389.0,0
278915,ownerrez,2026-09-28T00:00:00.000000,1,1,0,0,1,222.0,0
278915,ownerrez,2026-09-29T00:00:00.000000,1,1,0,0,1,222.0,0
278915,ownerrez,2026-09-30T00:00:00.000000,1,0,0,0,1,399.0,1
278915,ownerrez,2026-10-01T00:00:00.000000,1,0,0,0,1,466.0,1
278915,ownerrez,2026-10-02T00:00:00.000000,1,1,0,0,1,1266.0,0
278915,ownerrez,2026-10-03T00:00:00.000000,1,1,0,0,1,1266.0,0
278915,ownerrez,2026-10-04T00:00:00.000000,1,0,0,0,1,466.0,1
278915,ownerrez,2026-10-05T00:00:00.000000,1,1,0,0,1,355.0,0
278915,ownerrez,2026-10-06T00:00:00.000000,1,1,0,0,1,355.0,0
278915,ownerrez,2026-10-07T00:00:00.000000,1,1,0,0,1,355.0,0
278915,ownerrez,2026-10-08T00:00:00.000000,1,0,0,0,1,636.0,1
278915,ownerrez,2026-10-09T00:00:00.000000,1,0,0,0,1,1090.0,1
278915,ownerrez,2026-10-10T00:00:00.000000,1,1,0,0,1,1049.0,0
278915,ownerrez,2026-10-11T00:00:00.000000,1,1,0,0,1,578.0,0
278915,ownerrez,2026-10-12T00:00:00.000000,1,0,0,0,1,502.0,1
278915,ownerrez,2026-10-13T00:00:00.000000,1,0,0,0,1,502.0,1
278915,ownerrez,2026-10-14T00:00:00.000000,1,0,0,0,1,502.0,1
278915,ownerrez,2026-10-15T00:00:00.000000,1,1,0,0,1,626.0,0
278915,ownerrez,2026-10-16T00:00:00.000000,1,1,0,0,1,1307.0,0
278915,ownerrez,2026-10-17T00:00:00.000000,1,1,0,0,1,1569.0,0
278915,ownerrez,2026-10-18T00:00:00.000000,1,1,0,0,1,737.0,0
278915,ownerrez,2026-10-19T00:00:00.000000,1,0,0,0,1,494.0,1
278915,ownerrez,2026-10-20T00:00:00.000000,1,0,0,0,1,494.0,1
278915,ownerrez,2026-10-21T00:00:00.000000,1,0,0,0,1,494.0,1
278915,ownerrez,2026-10-22T00:00:00.000000,1,0,0,0,1,590.0,1
278915,ownerrez,2026-10-23T00:00:00.000000,1,0,0,0,1,1159.0,1
278915,ownerrez,2026-10-24T00:00:00.000000,1,0,0,0,1,1159.0,1
278915,ownerrez,2026-10-25T00:00:00.000000,1,1,0,0,1,562.0,0
278915,ownerrez,2026-10-26T00:00:00.000000,1,1,0,0,1,471.0,0
278915,ownerrez,2026-10-27T00:00:00.000000,1,0,0,0,1,494.0,1
278915,ownerrez,2026-10-28T00:00:00.000000,1,0,0,0,1,494.0,1
278915,ownerrez,2026-10-29T00:00:00.000000,1,0,0,0,1,481.0,1
278915,ownerrez,2026-10-30T00:00:00.000000,1,0,0,0,1,1045.0,1
278915,ownerrez,2026-10-31T00:00:00.000000,1,0,0,0,1,1045.0,1
278915,ownerrez,2026-11-01T00:00:00.000000,1,0,0,0,1,494.0,1
278915,ownerrez,2026-11-02T00:00:00.000000,1,0,0,0,1,328.0,1
278915,ownerrez,2026-11-03T00:00:00.000000,1,0,0,0,1,328.0,1
278915,ownerrez,2026-11-04T00:00:00.000000,1,0,0,0,1,328.0,1
278915,ownerrez,2026-11-05T00:00:00.000000,1,0,0,0,1,344.0,1
278915,ownerrez,2026-11-06T00:00:00.000000,1,1,0,0,1,568.0,0
278915,ownerrez,2026-11-07T00:00:00.000000,1,1,0,0,1,568.0,0
278915,ownerrez,2026-11-08T00:00:00.000000,1,1,0,0,1,313.0,0
278915,ownerrez,2026-11-09T00:00:00.000000,1,0,0,0,1,328.0,1
278915,ownerrez,2026-11-10T00:00:00.000000,1,1,0,0,1,199.0,0
278915,ownerrez,2026-11-11T00:00:00.000000,1,1,0,0,1,199.0,0
278915,ownerrez,2026-11-12T00:00:00.000000,1,0,0,0,1,569.0,1
278915,ownerrez,2026-11-13T00:00:00.000000,1,0,0,0,1,1371.0,1
278915,ownerrez,2026-11-14T00:00:00.000000,1,0,0,0,1,1371.0,1
278915,ownerrez,2026-11-15T00:00:00.000000,1,0,0,0,1,571.0,1
278915,ownerrez,2026-11-16T00:00:00.000000,1,1,0,0,1,428.0,0
278915,ownerrez,2026-11-17T00:00:00.000000,1,1,0,0,1,543.0,0
278915,ownerrez,2026-11-18T00:00:00.000000,1,1,0,0,1,543.0,0
278915,ownerrez,2026-11-19T00:00:00.000000,1,1,0,0,1,543.0,0
278915,ownerrez,2026-11-20T00:00:00.000000,1,1,0,0,1,566.0,0
278915,ownerrez,2026-11-21T00:00:00.000000,1,1,0,0,1,566.0,0
278915,ownerrez,2026-11-22T00:00:00.000000,1,1,0,0,1,416.0,0
278915,ownerrez,2026-11-23T00:00:00.000000,1,1,0,0,1,372.0,0
278915,ownerrez,2026-11-24T00:00:00.000000,1,1,0,0,1,372.0,0
278915,ownerrez,2026-11-25T00:00:00.000000,1,0,0,0,1,543.0,1
278915,ownerrez,2026-11-26T00:00:00.000000,1,0,0,0,1,670.0,1
278915,ownerrez,2026-11-27T00:00:00.000000,1,0,0,0,1,1045.0,1
278915,ownerrez,2026-11-28T00:00:00.000000,1,0,0,0,1,1045.0,1
278915,ownerrez,2026-11-29T00:00:00.000000,1,0,0,0,1,549.0,1
278915,ownerrez,2026-11-30T00:00:00.000000,1,0,0,0,1,390.0,1
278915,ownerrez,2026-12-01T00:00:00.000000,1,0,0,0,1,390.0,1
278915,ownerrez,2026-12-02T00:00:00.000000,1,0,0,0,1,390.0,1
278915,ownerrez,2026-12-03T00:00:00.000000,1,0,0,0,1,311.0,1
278915,ownerrez,2026-12-04T00:00:00.000000,1,1,0,0,1,1149.0,0
278915,ownerrez,2026-12-05T00:00:00.000000,1,1,0,0,1,1149.0,0
278915,ownerrez,2026-12-06T00:00:00.000000,1,0,0,0,1,311.0,1
278915,ownerrez,2026-12-07T00:00:00.000000,1,1,0,0,1,196.0,0
278915,ownerrez,2026-12-08T00:00:00.000000,1,1,0,0,1,196.0,0
278915,ownerrez,2026-12-09T00:00:00.000000,1,1,0,0,1,196.0,0
278915,ownerrez,2026-12-10T00:00:00.000000,1,1,0,0,1,311.0,0
278915,ownerrez,2026-12-11T00:00:00.000000,1,1,0,0,1,637.0,0
278915,ownerrez,2026-12-12T00:00:00.000000,1,0,0,0,1,765.0,1
278915,ownerrez,2026-12-13T00:00:00.000000,1,0,0,0,1,460.0,1
278915,ownerrez,2026-12-14T00:00:00.000000,1,0,0,0,1,306.0,1
278915,ownerrez,2026-12-15T00:00:00.000000,1,0,0,0,1,306.0,1
278915,ownerrez,2026-12-16T00:00:00.000000,1,0,0,0,1,306.0,1
278915,ownerrez,2026-12-17T00:00:00.000000,1,0,0,0,1,381.0,1
278915,ownerrez,2026-12-18T00:00:00.000000,1,0,0,0,1,644.0,1
278915,ownerrez,2026-12-19T00:00:00.000000,1,0,0,0,1,644.0,1
278915,ownerrez,2026-12-20T00:00:00.000000,1,0,0,0,1,609.0,1
278915,ownerrez,2026-12-21T00:00:00.000000,1,0,0,0,1,355.0,1
278915,ownerrez,2026-12-22T00:00:00.000000,1,0,0,0,1,355.0,1
278915,ownerrez,2026-12-23T00:00:00.000000,1,0,0,0,1,393.0,1
278915,ownerrez,2026-12-24T00:00:00.000000,1,0,0,0,1,929.0,1
278915,ownerrez,2026-12-25T00:00:00.000000,1,0,0,0,1,929.0,1
278915,ownerrez,2026-12-26T00:00:00.000000,1,0,0,0,1,929.0,1
278915,ownerrez,2026-12-27T00:00:00.000000,1,0,0,0,1,594.0,1
278915,ownerrez,2026-12-28T00:00:00.000000,1,1,0,0,1,436.0,0
278915,ownerrez,2026-12-29T00:00:00.000000,1,1,0,0,1,436.0,0
278915,ownerrez,2026-12-30T00:00:00.000000,1,0,0,0,1,764.0,1
278915,ownerrez,2026-12-31T00:00:00.000000,1,0,0,0,1,1209.0,1
278915,ownerrez,2027-01-01T00:00:00.000000,1,0,0,0,1,799.0,1
278915,ownerrez,2027-01-02T00:00:00.000000,1,0,0,0,1,799.0,1
278915,ownerrez,2027-01-03T00:00:00.000000,1,0,0,0,1,410.0,1
278915,ownerrez,2027-01-04T00:00:00.000000,1,0,0,0,1,311.0,1
278915,ownerrez,2027-01-05T00:00:00.000000,1,0,0,0,1,311.0,1
278915,ownerrez,2027-01-06T00:00:00.000000,1,0,0,0,1,311.0,1
278915,ownerrez,2027-01-07T00:00:00.000000,1,0,0,0,1,420.0,1
278915,ownerrez,2027-01-08T00:00:00.000000,1,0,0,0,1,612.0,1
278915,ownerrez,2027-01-09T00:00:00.000000,1,0,0,0,1,612.0,1
278915,ownerrez,2027-01-10T00:00:00.000000,1,0,0,0,1,420.0,1
278915,ownerrez,2027-01-11T00:00:00.000000,1,0,0,0,1,311.0,1
278915,ownerrez,2027-01-12T00:00:00.000000,1,0,0,0,1,311.0,1
278915,ownerrez,2027-01-13T00:00:00.000000,1,0,0,0,1,311.0,1
278915,ownerrez,2027-01-14T00:00:00.000000,1,0,0,0,1,420.0,1
278915,ownerrez,2027-01-15T00:00:00.000000,1,0,0,0,1,842.0,1
278915,ownerrez,2027-01-16T00:00:00.000000,1,0,0,0,1,842.0,1
278915,ownerrez,2027-01-17T00:00:00.000000,1,0,0,0,1,590.0,1
278915,ownerrez,2027-01-18T00:00:00.000000,1,0,0,0,1,364.0,1
278915,ownerrez,2027-01-19T00:00:00.000000,1,0,0,0,1,311.0,1
278915,ownerrez,2027-01-20T00:00:00.000000,1,0,0,0,1,311.0,1
278915,ownerrez,2027-01-21T00:00:00.000000,1,0,0,0,1,420.0,1
278915,ownerrez,2027-01-22T00:00:00.000000,1,0,0,0,1,612.0,1
278915,ownerrez,2027-01-23T00:00:00.000000,1,0,0,0,1,612.0,1
278915,ownerrez,2027-01-24T00:00:00.000000,1,0,0,0,1,420.0,1
278915,ownerrez,2027-01-25T00:00:00.000000,1,1,0,0,1,271.0,0
278915,ownerrez,2027-01-26T00:00:00.000000,1,1,0,0,1,271.0,0
278915,ownerrez,2027-01-27T00:00:00.000000,1,0,0,0,1,311.0,1
278915,ownerrez,2027-01-28T00:00:00.000000,1,0,0,0,1,420.0,1
278915,ownerrez,2027-01-29T00:00:00.000000,1,0,0,0,1,612.0,1
278915,ownerrez,2027-01-30T00:00:00.000000,1,0,0,0,1,612.0,1
278915,ownerrez,2027-01-31T00:00:00.000000,1,0,0,0,1,420.0,1
278915,ownerrez,2027-02-01T00:00:00.000000,1,0,0,0,1,311.0,1
278915,ownerrez,2027-02-02T00:00:00.000000,1,0,0,0,1,311.0,1
278915,ownerrez,2027-02-03T00:00:00.000000,1,0,0,0,1,311.0,1
278915,ownerrez,2027-02-04T00:00:00.000000,1,0,0,0,1,459.0,1
278915,ownerrez,2027-02-05T00:00:00.000000,1,0,0,0,1,656.0,1
278915,ownerrez,2027-02-06T00:00:00.000000,1,0,0,0,1,656.0,1
278915,ownerrez,2027-02-07T00:00:00.000000,1,1,0,0,1,459.0,0
278915,ownerrez,2027-02-08T00:00:00.000000,1,1,0,0,1,374.0,0
278915,ownerrez,2027-02-09T00:00:00.000000,1,1,0,0,1,264.0,0
278915,ownerrez,2027-02-10T00:00:00.000000,1,1,0,0,1,264.0,0
278915,ownerrez,2027-02-11T00:00:00.000000,1,0,0,0,1,642.0,1
278915,ownerrez,2027-02-12T00:00:00.000000,1,0,0,0,1,1289.0,1
278915,ownerrez,2027-02-13T00:00:00.000000,1,0,0,0,1,1289.0,1
278915,ownerrez,2027-02-14T00:00:00.000000,1,0,0,0,1,1078.0,1
278915,ownerrez,2027-02-15T00:00:00.000000,1,0,0,0,1,687.0,1
278915,ownerrez,2027-02-16T00:00:00.000000,1,0,0,0,1,490.0,1
278915,ownerrez,2027-02-17T00:00:00.000000,1,0,0,0,1,490.0,1
278915,ownerrez,2027-02-18T00:00:00.000000,1,0,0,0,1,656.0,1
278915,ownerrez,2027-02-19T00:00:00.000000,1,0,0,0,1,982.0,1
278915,ownerrez,2027-02-20T00:00:00.000000,1,0,0,0,1,982.0,1
278915,ownerrez,2027-02-21T00:00:00.000000,1,0,0,0,1,656.0,1
278915,ownerrez,2027-02-22T00:00:00.000000,1,0,0,0,1,287.0,1
278915,ownerrez,2027-02-23T00:00:00.000000,1,0,0,0,1,287.0,1
278915,ownerrez,2027-02-24T00:00:00.000000,1,0,0,0,1,287.0,1
278915,ownerrez,2027-02-25T00:00:00.000000,1,0,0,0,1,459.0,1
278915,ownerrez,2027-02-26T00:00:00.000000,1,0,0,0,1,732.0,1
278915,ownerrez,2027-02-27T00:00:00.000000,1,0,0,0,1,732.0,1
278915,ownerrez,2027-02-28T00:00:00.000000,1,0,0,0,1,459.0,1
278915,ownerrez,2027-03-01T00:00:00.000000,1,0,0,0,1,456.0,1
278915,ownerrez,2027-03-02T00:00:00.000000,1,1,0,0,1,293.0,0
278915,ownerrez,2027-03-03T00:00:00.000000,1,1,0,0,1,293.0,0
278915,ownerrez,2027-03-04T00:00:00.000000,1,1,0,0,1,472.0,0
278915,ownerrez,2027-03-05T00:00:00.000000,1,1,0,0,1,665.0,0
278915,ownerrez,2027-03-06T00:00:00.000000,1,0,0,0,1,771.0,1
278915,ownerrez,2027-03-07T00:00:00.000000,1,0,0,0,1,578.0,1
278915,ownerrez,2027-03-08T00:00:00.000000,1,0,0,0,1,523.0,1
278915,ownerrez,2027-03-09T00:00:00.000000,1,0,0,0,1,523.0,1
278915,ownerrez,2027-03-10T00:00:00.000000,1,0,0,0,1,523.0,1
278915,ownerrez,2027-03-11T00:00:00.000000,1,0,0,0,1,764.0,1
278915,ownerrez,2027-03-12T00:00:00.000000,1,0,0,0,1,1129.0,1
278915,ownerrez,2027-03-13T00:00:00.000000,1,0,0,0,1,1129.0,1
278915,ownerrez,2027-03-14T00:00:00.000000,1,0,0,0,1,764.0,1
278915,ownerrez,2027-03-15T00:00:00.000000,1,0,0,0,1,549.0,1
278915,ownerrez,2027-03-16T00:00:00.000000,1,0,0,0,1,549.0,1
278915,ownerrez,2027-03-17T00:00:00.000000,1,0,0,0,1,549.0,1
278915,ownerrez,2027-03-18T00:00:00.000000,1,0,0,0,1,764.0,1
278915,ownerrez,2027-03-19T00:00:00.000000,1,0,0,0,1,1129.0,1
278915,ownerrez,2027-03-20T00:00:00.000000,1,0,0,0,1,1129.0,1
278915,ownerrez,2027-03-21T00:00:00.000000,1,1,0,0,1,764.0,0
278915,ownerrez,2027-03-22T00:00:00.000000,1,1,0,0,1,456.0,0
278915,ownerrez,2027-03-23T00:00:00.000000,1,0,0,0,1,456.0,1
278915,ownerrez,2027-03-24T00:00:00.000000,1,0,0,0,1,456.0,1
278915,ownerrez,2027-03-25T00:00:00.000000,1,0,0,0,1,497.0,1
278915,ownerrez,2027-03-26T00:00:00.000000,1,0,0,0,1,700.0,1
278915,ownerrez,2027-03-27T00:00:00.000000,1,0,0,0,1,700.0,1
278915,ownerrez,2027-03-28T00:00:00.000000,1,0,0,0,1,497.0,1
278915,ownerrez,2027-03-29T00:00:00.000000,1,1,0,0,1,397.0,0
278915,ownerrez,2027-03-30T00:00:00.000000,1,1,0,0,1,397.0,0
278915,ownerrez,2027-03-31T00:00:00.000000,1,1,0,0,1,397.0,0
278915,ownerrez,2027-04-01T00:00:00.000000,1,0,0,0,1,612.0,1
278915,ownerrez,2027-04-02T00:00:00.000000,1,0,0,0,1,912.0,1
278915,ownerrez,2027-04-03T00:00:00.000000,1,0,0,0,1,1009.0,1
278915,ownerrez,2027-04-04T00:00:00.000000,1,0,0,0,1,612.0,1
278915,ownerrez,2027-04-05T00:00:00.000000,1,0,0,0,1,449.0,1
278915,ownerrez,2027-04-06T00:00:00.000000,1,0,0,0,1,449.0,1
278915,ownerrez,2027-04-07T00:00:00.000000,1,0,0,0,1,449.0,1
278915,ownerrez,2027-04-08T00:00:00.000000,1,0,0,0,1,612.0,1
278915,ownerrez,2027-04-09T00:00:00.000000,1,0,0,0,1,912.0,1
278915,ownerrez,2027-04-10T00:00:00.000000,1,0,0,0,1,912.0,1
278915,ownerrez,2027-04-11T00:00:00.000000,1,0,0,0,1,612.0,1
278915,ownerrez,2027-04-12T00:00:00.000000,1,0,0,0,1,449.0,1
278915,ownerrez,2027-04-13T00:00:00.000000,1,0,0,0,1,449.0,1
278915,ownerrez,2027-04-14T00:00:00.000000,1,0,0,0,1,449.0,1
278915,ownerrez,2027-04-15T00:00:00.000000,1,0,0,0,1,612.0,1
278915,ownerrez,2027-04-16T00:00:00.000000,1,0,0,0,1,912.0,1
278915,ownerrez,2027-04-17T00:00:00.000000,1,0,0,0,1,912.0,1
278915,ownerrez,2027-04-18T00:00:00.000000,1,0,0,0,1,612.0,1
278915,ownerrez,2027-04-19T00:00:00.000000,1,0,0,0,1,449.0,1
278915,ownerrez,2027-04-20T00:00:00.000000,1,0,0,0,1,449.0,1
278915,ownerrez,2027-04-21T00:00:00.000000,1,0,0,0,1,449.0,1
278915,ownerrez,2027-04-22T00:00:00.000000,1,0,0,0,1,612.0,1
278915,ownerrez,2027-04-23T00:00:00.000000,1,0,0,0,1,912.0,1
278915,ownerrez,2027-04-24T00:00:00.000000,1,0,0,0,1,912.0,1
278915,ownerrez,2027-04-25T00:00:00.000000,1,0,0,0,1,612.0,1
278915,ownerrez,2027-04-26T00:00:00.000000,1,0,0,0,1,449.0,1
278915,ownerrez,2027-04-27T00:00:00.000000,1,0,0,0,1,449.0,1
278915,ownerrez,2027-04-28T00:00:00.000000,1,0,0,0,1,449.0,1
278915,ownerrez,2027-04-29T00:00:00.000000,1,0,0,0,1,612.0,1
278915,ownerrez,2027-04-30T00:00:00.000000,1,0,0,0,1,912.0,1
278915,ownerrez,2027-05-01T00:00:00.000000,1,0,0,0,1,1009.0,1
278915,ownerrez,2027-05-02T00:00:00.000000,1,0,0,0,1,612.0,1
278915,ownerrez,2027-05-03T00:00:00.000000,1,0,0,0,1,451.0,1
278915,ownerrez,2027-05-04T00:00:00.000000,1,0,0,0,1,451.0,1
278915,ownerrez,2027-05-05T00:00:00.000000,1,0,0,0,1,451.0,1
278915,ownerrez,2027-05-06T00:00:00.000000,1,0,0,0,1,612.0,1
278915,ownerrez,2027-05-07T00:00:00.000000,1,0,0,0,1,912.0,1
278915,ownerrez,2027-05-08T00:00:00.000000,1,0,0,0,1,912.0,1
278915,ownerrez,2027-05-09T00:00:00.000000,1,0,0,0,1,612.0,1
278915,ownerrez,2027-05-10T00:00:00.000000,1,0,0,0,1,451.0,1
278915,ownerrez,2027-05-11T00:00:00.000000,1,0,0,0,1,451.0,1
278915,ownerrez,2027-05-12T00:00:00.000000,1,0,0,0,1,451.0,1
278915,ownerrez,2027-05-13T00:00:00.000000,1,0,0,0,1,612.0,1
278915,ownerrez,2027-05-14T00:00:00.000000,1,0,0,0,1,912.0,1
278915,ownerrez,2027-05-15T00:00:00.000000,1,0,0,0,1,912.0,1
278915,ownerrez,2027-05-16T00:00:00.000000,1,0,0,0,1,612.0,1
278915,ownerrez,2027-05-17T00:00:00.000000,1,0,0,0,1,451.0,1
278915,ownerrez,2027-05-18T00:00:00.000000,1,0,0,0,1,451.0,1
278915,ownerrez,2027-05-19T00:00:00.000000,1,0,0,0,1,451.0,1
278915,ownerrez,2027-05-20T00:00:00.000000,1,0,0,0,1,612.0,1
278915,ownerrez,2027-05-21T00:00:00.000000,1,0,0,0,1,912.0,1
278915,ownerrez,2027-05-22T00:00:00.000000,1,0,0,0,1,912.0,1
278915,ownerrez,2027-05-23T00:00:00.000000,1,0,0,0,1,612.0,1
278915,ownerrez,2027-05-24T00:00:00.000000,1,0,0,0,1,451.0,1
278915,ownerrez,2027-05-25T00:00:00.000000,1,0,0,0,1,451.0,1
278915,ownerrez,2027-05-26T00:00:00.000000,1,0,0,0,1,451.0,1
278915,ownerrez,2027-05-27T00:00:00.000000,1,0,0,0,1,612.0,1
278915,ownerrez,2027-05-28T00:00:00.000000,1,0,0,0,1,1198.0,1
278915,ownerrez,2027-05-29T00:00:00.000000,1,0,0,0,1,1142.0,1
278915,ownerrez,2027-05-30T00:00:00.000000,1,0,0,0,1,673.0,1
278915,ownerrez,2027-05-31T00:00:00.000000,1,0,0,0,1,525.0,1
278915,ownerrez,2027-06-01T00:00:00.000000,1,0,0,0,1,451.0,1
278915,ownerrez,2027-06-02T00:00:00.000000,1,0,0,0,1,451.0,1
278915,ownerrez,2027-06-03T00:00:00.000000,1,0,0,0,1,744.0,1
278915,ownerrez,2027-06-04T00:00:00.000000,1,0,0,0,1,1142.0,1
278915,ownerrez,2027-06-05T00:00:00.000000,1,0,0,0,1,1264.0,1
278915,ownerrez,2027-06-06T00:00:00.000000,1,0,0,0,1,750.0,1
278915,ownerrez,2027-06-07T00:00:00.000000,1,0,0,0,1,483.0,1
278915,ownerrez,2027-06-08T00:00:00.000000,1,0,0,0,1,483.0,1
278915,ownerrez,2027-06-09T00:00:00.000000,1,0,0,0,1,487.0,1
278915,ownerrez,2027-06-10T00:00:00.000000,1,0,0,0,1,764.0,1
278915,ownerrez,2027-06-11T00:00:00.000000,1,0,0,0,1,1165.0,1
278915,ownerrez,2027-06-12T00:00:00.000000,1,0,0,0,1,1169.0,1
278915,ownerrez,2027-06-13T00:00:00.000000,1,0,0,0,1,771.0,1
278915,ownerrez,2027-06-14T00:00:00.000000,1,0,0,0,1,497.0,1
278915,ownerrez,2027-06-15T00:00:00.000000,1,0,0,0,1,527.0,1
278915,ownerrez,2027-06-16T00:00:00.000000,1,0,0,0,1,530.0,1
278915,ownerrez,2027-06-17T00:00:00.000000,1,0,0,0,1,784.0,1
278915,ownerrez,2027-06-18T00:00:00.000000,1,0,0,0,1,1193.0,1
278915,ownerrez,2027-06-19T00:00:00.000000,1,0,0,0,1,1198.0,1
278915,ownerrez,2027-06-20T00:00:00.000000,1,0,0,0,1,791.0,1
278915,ownerrez,2027-06-21T00:00:00.000000,1,0,0,0,1,513.0,1
278915,ownerrez,2027-06-22T00:00:00.000000,1,0,0,0,1,547.0,1
278915,ownerrez,2027-06-23T00:00:00.000000,1,0,0,0,1,517.0,1
278915,ownerrez,2027-06-24T00:00:00.000000,1,0,0,0,1,804.0,1
278915,ownerrez,2027-06-25T00:00:00.000000,1,0,0,0,1,1230.0,1
278915,ownerrez,2027-06-26T00:00:00.000000,1,0,0,0,1,1296.0,1
278915,ownerrez,2027-06-27T00:00:00.000000,1,0,0,0,1,863.0,1
278915,ownerrez,2027-06-28T00:00:00.000000,1,0,0,0,1,562.0,1
278915,ownerrez,2027-06-29T00:00:00.000000,1,0,0,0,1,564.0,1
278915,ownerrez,2027-06-30T00:00:00.000000,1,0,0,0,1,568.0,1
278915,ownerrez,2027-07-01T00:00:00.000000,1,0,0,0,1,966.0,1
278915,ownerrez,2027-07-02T00:00:00.000000,1,0,0,0,1,1530.0,1
278915,ownerrez,2027-07-03T00:00:00.000000,1,0,0,0,1,1536.0,1
278915,ownerrez,2027-07-04T00:00:00.000000,1,0,0,0,1,977.0,1
278915,ownerrez,2027-07-05T00:00:00.000000,1,0,0,0,1,609.0,1
278915,ownerrez,2027-07-06T00:00:00.000000,1,0,0,0,1,612.0,1
278915,ownerrez,2027-07-07T00:00:00.000000,1,0,0,0,1,614.0,1
278915,ownerrez,2027-07-08T00:00:00.000000,1,0,0,0,1,943.0,1
278915,ownerrez,2027-07-09T00:00:00.000000,1,0,0,0,1,1421.0,1
278915,ownerrez,2027-07-10T00:00:00.000000,1,0,0,0,1,1426.0,1
278915,ownerrez,2027-07-11T00:00:00.000000,1,0,0,0,1,954.0,1
278915,ownerrez,2027-07-12T00:00:00.000000,1,0,0,0,1,625.0,1
278915,ownerrez,2027-07-13T00:00:00.000000,1,0,0,0,1,628.0,1
278915,ownerrez,2027-07-14T00:00:00.000000,1,0,0,0,1,662.0,1
278915,ownerrez,2027-07-15T00:00:00.000000,1,0,0,0,1,963.0,1
278915,ownerrez,2027-07-16T00:00:00.000000,1,0,0,0,1,1444.0,1
278915,ownerrez,2027-07-17T00:00:00.000000,1,0,0,0,1,1444.0,1
278915,ownerrez,2027-07-18T00:00:00.000000,1,0,0,0,1,963.0,1
278915,ownerrez,2027-07-19T00:00:00.000000,1,0,0,0,1,631.0,1
278915,ownerrez,2027-07-20T00:00:00.000000,1,0,0,0,1,631.0,1
278915,ownerrez,2027-07-21T00:00:00.000000,1,0,0,0,1,631.0,1
278915,ownerrez,2027-07-22T00:00:00.000000,1,0,0,0,1,963.0,1
278915,ownerrez,2027-07-23T00:00:00.000000,1,0,0,0,1,1444.0,1
278915,ownerrez,2027-07-24T00:00:00.000000,1,0,0,0,1,1444.0,1
278915,ownerrez,2027-07-25T00:00:00.000000,1,0,0,0,1,963.0,1
278915,ownerrez,2027-07-26T00:00:00.000000,1,0,0,0,1,631.0,1
278915,ownerrez,2027-07-27T00:00:00.000000,1,0,0,0,1,631.0,1
278915,ownerrez,2027-07-28T00:00:00.000000,1,0,0,0,1,631.0,1
278915,ownerrez,2027-07-29T00:00:00.000000,1,0,0,0,1,963.0,1
278915,ownerrez,2027-07-30T00:00:00.000000,1,0,0,0,1,1444.0,1
278915,ownerrez,2027-07-31T00:00:00.000000,1,0,0,0,1,1444.0,1
278915,ownerrez,2027-08-01T00:00:00.000000,1,0,0,0,1,963.0,1
278915,ownerrez,2027-08-02T00:00:00.000000,1,0,0,0,1,573.0,1
278915,ownerrez,2027-08-03T00:00:00.000000,1,0,0,0,1,573.0,1
278915,ownerrez,2027-08-04T00:00:00.000000,1,0,0,0,1,573.0,1
278915,ownerrez,2027-08-05T00:00:00.000000,1,0,0,0,1,874.0,1
278915,ownerrez,2027-08-06T00:00:00.000000,1,0,0,0,1,1310.0,1
278915,ownerrez,2027-08-07T00:00:00.000000,1,0,0,0,1,1441.0,1
278915,ownerrez,2027-08-08T00:00:00.000000,1,0,0,0,1,874.0,1
278915,ownerrez,2027-08-09T00:00:00.000000,1,0,0,0,1,520.0,1
278915,ownerrez,2027-08-10T00:00:00.000000,1,0,0,0,1,520.0,1
278915,ownerrez,2027-08-11T00:00:00.000000,1,0,0,0,1,520.0,1
278915,ownerrez,2027-08-12T00:00:00.000000,1,0,0,0,1,794.0,1
278915,ownerrez,2027-08-13T00:00:00.000000,1,0,0,0,1,1189.0,1
278915,ownerrez,2027-08-14T00:00:00.000000,1,0,0,0,1,1189.0,1
278915,ownerrez,2027-08-15T00:00:00.000000,1,0,0,0,1,794.0,1
278915,ownerrez,2027-08-16T00:00:00.000000,1,0,0,0,1,520.0,1
278915,ownerrez,2027-08-17T00:00:00.000000,1,0,0,0,1,520.0,1
278915,ownerrez,2027-08-18T00:00:00.000000,1,0,0,0,1,520.0,1
278915,ownerrez,2027-08-19T00:00:00.000000,1,0,0,0,1,794.0,1
278915,ownerrez,2027-08-20T00:00:00.000000,1,0,0,0,1,1189.0,1
278915,ownerrez,2027-08-21T00:00:00.000000,1,0,0,0,1,1189.0,1
278915,ownerrez,2027-08-22T00:00:00.000000,1,0,0,0,1,794.0,1
278915,ownerrez,2027-08-23T00:00:00.000000,1,0,0,0,1,520.0,1
278915,ownerrez,2027-08-24T00:00:00.000000,1,0,0,0,1,520.0,1
278915,ownerrez,2027-08-25T00:00:00.000000,1,0,0,0,1,520.0,1
278915,ownerrez,2027-08-26T00:00:00.000000,1,0,0,0,1,833.0,1
278915,ownerrez,2027-08-27T00:00:00.000000,1,0,0,0,1,1248.0,1
278915,ownerrez,2027-08-28T00:00:00.000000,1,0,0,0,1,1248.0,1
278915,ownerrez,2027-08-29T00:00:00.000000,1,0,0,0,1,833.0,1
278915,ownerrez,2027-08-30T00:00:00.000000,1,0,0,0,1,406.0,1
278915,ownerrez,2027-08-31T00:00:00.000000,1,0,0,0,1,406.0,1
278915,ownerrez,2027-09-01T00:00:00.000000,1,0,0,0,1,406.0,1
278915,ownerrez,2027-09-02T00:00:00.000000,1,0,0,0,1,622.0,1
278915,ownerrez,2027-09-03T00:00:00.000000,1,0,0,0,1,1392.0,1
278915,ownerrez,2027-09-04T00:00:00.000000,1,0,0,0,1,1392.0,1
278915,ownerrez,2027-09-05T00:00:00.000000,1,0,0,0,1,746.0,1
278915,ownerrez,2027-09-06T00:00:00.000000,1,0,0,0,1,507.0,1
278915,ownerrez,2027-09-07T00:00:00.000000,1,0,0,0,1,406.0,1
278915,ownerrez,2027-09-08T00:00:00.000000,1,0,0,0,1,406.0,1
278915,ownerrez,2027-09-09T00:00:00.000000,1,0,0,0,1,622.0,1
278915,ownerrez,2027-09-10T00:00:00.000000,1,0,0,0,1,928.0,1
278915,ownerrez,2027-09-11T00:00:00.000000,1,0,0,0,1,928.0,1
278915,ownerrez,2027-09-12T00:00:00.000000,1,0,0,0,1,622.0,1
278915,ownerrez,2027-09-13T00:00:00.000000,1,0,0,0,1,406.0,1
278915,ownerrez,2027-09-14T00:00:00.000000,1,0,0,0,1,406.0,1
278915,ownerrez,2027-09-15T00:00:00.000000,1,0,0,0,1,406.0,1
278915,ownerrez,2027-09-16T00:00:00.000000,1,0,0,0,1,622.0,1
278915,ownerrez,2027-09-17T00:00:00.000000,1,0,0,0,1,928.0,1
278915,ownerrez,2027-09-18T00:00:00.000000,1,0,0,0,1,928.0,1
278915,ownerrez,2027-09-19T00:00:00.000000,1,0,0,0,1,593.0,1
278915,ownerrez,2027-09-20T00:00:00.000000,1,0,0,0,1,387.0,1
278915,ownerrez,2027-09-21T00:00:00.000000,1,0,0,0,1,387.0,1
278915,ownerrez,2027-09-22T00:00:00.000000,1,0,0,0,1,387.0,1
278915,ownerrez,2027-09-23T00:00:00.000000,1,0,0,0,1,593.0,1
278915,ownerrez,2027-09-24T00:00:00.000000,1,0,0,0,1,884.0,1
278915,ownerrez,2027-09-25T00:00:00.000000,1,0,0,0,1,884.0,1
278915,ownerrez,2027-09-26T00:00:00.000000,1,0,0,0,1,593.0,1
278915,ownerrez,2027-09-27T00:00:00.000000,1,0,0,0,1,387.0,1
278915,ownerrez,2027-09-28T00:00:00.000000,1,0,0,0,1,387.0,1
278915,ownerrez,2027-09-29T00:00:00.000000,1,0,0,0,1,387.0,1
278915,ownerrez,2027-09-30T00:00:00.000000,1,0,0,0,1,737.0,1
278915,ownerrez,2027-10-01T00:00:00.000000,1,0,0,0,1,1054.0,1
278915,ownerrez,2027-10-02T00:00:00.000000,1,0,0,0,1,1160.0,1
278915,ownerrez,2027-10-03T00:00:00.000000,1,0,0,0,1,737.0,1
278915,ownerrez,2027-10-04T00:00:00.000000,1,0,0,0,1,499.0,1
278915,ownerrez,2027-10-05T00:00:00.000000,1,0,0,0,1,499.0,1
278915,ownerrez,2027-10-06T00:00:00.000000,1,0,0,0,1,499.0,1
278915,ownerrez,2027-10-07T00:00:00.000000,1,0,0,0,1,737.0,1
278915,ownerrez,2027-10-08T00:00:00.000000,1,0,0,0,1,1054.0,1
278915,ownerrez,2027-10-09T00:00:00.000000,1,0,0,0,1,1054.0,1
278915,ownerrez,2027-10-10T00:00:00.000000,1,0,0,0,1,737.0,1
278915,ownerrez,2027-10-11T00:00:00.000000,1,0,0,0,1,499.0,1
278915,ownerrez,2027-10-12T00:00:00.000000,1,0,0,0,1,499.0,1
278915,ownerrez,2027-10-13T00:00:00.000000,1,0,0,0,1,499.0,1
278915,ownerrez,2027-10-14T00:00:00.000000,1,0,0,0,1,737.0,1
278915,ownerrez,2027-10-15T00:00:00.000000,1,0,0,0,1,1054.0,1
278915,ownerrez,2027-10-16T00:00:00.000000,1,0,0,0,1,1054.0,1
278915,ownerrez,2027-10-17T00:00:00.000000,1,0,0,0,1,737.0,1
278915,ownerrez,2027-10-18T00:00:00.000000,1,0,0,0,1,499.0,1
278915,ownerrez,2027-10-19T00:00:00.000000,1,0,0,0,1,499.0,1
278915,ownerrez,2027-10-20T00:00:00.000000,1,0,0,0,1,499.0,1
278915,ownerrez,2027-10-21T00:00:00.000000,1,0,0,0,1,737.0,1
278915,ownerrez,2027-10-22T00:00:00.000000,1,0,0,0,1,1054.0,1
278915,ownerrez,2027-10-23T00:00:00.000000,1,0,0,0,1,1054.0,1
278915,ownerrez,2027-10-24T00:00:00.000000,1,0,0,0,1,737.0,1
278915,ownerrez,2027-10-25T00:00:00.000000,1,0,0,0,1,499.0,1
278915,ownerrez,2027-10-26T00:00:00.000000,1,0,0,0,1,499.0,1
278915,ownerrez,2027-10-27T00:00:00.000000,1,0,0,0,1,499.0,1
278915,ownerrez,2027-10-28T00:00:00.000000,1,0,0,0,1,737.0,1
278915,ownerrez,2027-10-29T00:00:00.000000,1,0,0,0,1,1054.0,1
278915,ownerrez,2027-10-30T00:00:00.000000,1,0,0,0,1,1054.0,1
278915,ownerrez,2027-10-31T00:00:00.000000,1,0,0,0,1,737.0,1
278915,ownerrez,2027-11-01T00:00:00.000000,1,0,0,0,1,520.0,1
278915,ownerrez,2027-11-02T00:00:00.000000,1,0,0,0,1,520.0,1
278915,ownerrez,2027-11-03T00:00:00.000000,1,0,0,0,1,520.0,1
278915,ownerrez,2027-11-04T00:00:00.000000,1,0,0,0,1,794.0,1
278915,ownerrez,2027-11-05T00:00:00.000000,1,0,0,0,1,1189.0,1
278915,ownerrez,2027-11-06T00:00:00.000000,1,0,0,0,1,1308.0,1
278915,ownerrez,2027-11-07T00:00:00.000000,1,0,0,0,1,794.0,1
278915,ownerrez,2027-11-08T00:00:00.000000,1,0,0,0,1,520.0,1
278915,ownerrez,2027-11-09T00:00:00.000000,1,0,0,0,1,520.0,1
278915,ownerrez,2027-11-10T00:00:00.000000,1,0,0,0,1,520.0,1
278915,ownerrez,2027-11-11T00:00:00.000000,1,0,0,0,1,794.0,1
278915,ownerrez,2027-11-12T00:00:00.000000,1,0,0,0,1,1189.0,1
278915,ownerrez,2027-11-13T00:00:00.000000,1,0,0,0,1,1189.0,1
278915,ownerrez,2027-11-14T00:00:00.000000,1,0,0,0,1,794.0,1
278915,ownerrez,2027-11-15T00:00:00.000000,1,0,0,0,1,520.0,1
278915,ownerrez,2027-11-16T00:00:00.000000,1,0,0,0,1,520.0,1
278915,ownerrez,2027-11-17T00:00:00.000000,1,0,0,0,1,520.0,1
278915,ownerrez,2027-11-18T00:00:00.000000,1,0,0,0,1,794.0,1
278915,ownerrez,2027-11-19T00:00:00.000000,1,0,0,0,1,1189.0,1
278915,ownerrez,2027-11-20T00:00:00.000000,1,0,0,0,1,1189.0,1
278915,ownerrez,2027-11-21T00:00:00.000000,1,0,0,0,1,794.0,1
278915,ownerrez,2027-11-22T00:00:00.000000,1,0,0,0,1,520.0,1
278915,ownerrez,2027-11-23T00:00:00.000000,1,0,0,0,1,520.0,1
278915,ownerrez,2027-11-24T00:00:00.000000,1,0,0,0,1,520.0,1
278915,ownerrez,2027-11-25T00:00:00.000000,1,0,0,0,1,1032.0,1
278915,ownerrez,2027-11-26T00:00:00.000000,1,0,0,0,1,1224.0,1
278915,ownerrez,2027-11-27T00:00:00.000000,1,0,0,0,1,1224.0,1
278915,ownerrez,2027-11-28T00:00:00.000000,1,0,0,0,1,794.0,1
278915,ownerrez,2027-11-29T00:00:00.000000,1,0,0,0,1,360.0,1
278915,ownerrez,2027-11-30T00:00:00.000000,1,0,0,0,1,360.0,1
278915,ownerrez,2027-12-01T00:00:00.000000,1,0,0,0,1,360.0,1
278915,ownerrez,2027-12-02T00:00:00.000000,1,0,0,0,1,555.0,1
278915,ownerrez,2027-12-03T00:00:00.000000,1,0,0,0,1,761.0,1
278915,ownerrez,2027-12-04T00:00:00.000000,1,0,0,0,1,837.0,1
278915,ownerrez,2027-12-05T00:00:00.000000,1,0,0,0,1,555.0,1
278915,ownerrez,2027-12-06T00:00:00.000000,1,0,0,0,1,360.0,1
278915,ownerrez,2027-12-07T00:00:00.000000,1,0,0,0,1,360.0,1
278915,ownerrez,2027-12-08T00:00:00.000000,1,0,0,0,1,360.0,1
278915,ownerrez,2027-12-09T00:00:00.000000,1,0,0,0,1,555.0,1
278915,ownerrez,2027-12-10T00:00:00.000000,1,0,0,0,1,761.0,1
278915,ownerrez,2027-12-11T00:00:00.000000,1,0,0,0,1,761.0,1
278915,ownerrez,2027-12-12T00:00:00.000000,1,0,0,0,1,555.0,1
278915,ownerrez,2027-12-13T00:00:00.000000,1,0,0,0,1,360.0,1
278915,ownerrez,2027-12-14T00:00:00.000000,1,0,0,0,1,360.0,1
278915,ownerrez,2027-12-15T00:00:00.000000,1,0,0,0,1,360.0,1
278915,ownerrez,2027-12-16T00:00:00.000000,1,0,0,0,1,555.0,1
278915,ownerrez,2027-12-17T00:00:00.000000,1,0,0,0,1,807.0,1
278915,ownerrez,2027-12-18T00:00:00.000000,1,0,0,0,1,807.0,1
278915,ownerrez,2027-12-19T00:00:00.000000,1,0,0,0,1,588.0,1
278915,ownerrez,2027-12-20T00:00:00.000000,1,0,0,0,1,381.0,1
278915,ownerrez,2027-12-21T00:00:00.000000,1,0,0,0,1,381.0,1
278915,ownerrez,2027-12-22T00:00:00.000000,1,0,0,0,1,381.0,1
278915,ownerrez,2027-12-23T00:00:00.000000,1,0,0,0,1,588.0,1
278915,ownerrez,2027-12-24T00:00:00.000000,1,0,0,0,1,913.0,1
278915,ownerrez,2027-12-25T00:00:00.000000,1,0,0,0,1,913.0,1
278915,ownerrez,2027-12-26T00:00:00.000000,1,0,0,0,1,913.0,1
278915,ownerrez,2027-12-27T00:00:00.000000,1,0,0,0,1,360.0,1
278915,ownerrez,2027-12-28T00:00:00.000000,1,0,0,0,1,360.0,1
278915,ownerrez,2027-12-29T00:00:00.000000,1,0,0,0,1,360.0,1
278915,ownerrez,2027-12-30T00:00:00.000000,1,0,0,0,1,1217.0,1
278915,ownerrez,2027-12-31T00:00:00.000000,1,0,0,0,1,1217.0,1
278915,ownerrez,2028-01-01T00:00:00.000000,1,0,0,0,1,1217.0,1
278915,ownerrez,2028-01-02T00:00:00.000000,1,0,0,0,1,974.0,1
278915,ownerrez,2028-01-03T00:00:00.000000,1,0,0,0,1,369.0,1
278915,ownerrez,2028-01-04T00:00:00.000000,1,0,0,0,1,369.0,1
278915,ownerrez,2028-01-05T00:00:00.000000,1,0,0,0,1,369.0,1
278915,ownerrez,2028-01-06T00:00:00.000000,1,0,0,0,1,573.0,1
278915,ownerrez,2028-01-07T00:00:00.000000,1,0,0,0,1,808.0,1
278915,ownerrez,2028-01-08T00:00:00.000000,1,0,0,0,1,808.0,1
278915,ownerrez,2028-01-09T00:00:00.000000,1,0,0,0,1,573.0,1
303587,ownerrez,2026-08-19T00:00:00.000000,1,1,0,0,1,0.0,0
303587,ownerrez,2026-08-20T00:00:00.000000,1,1,0,0,1,0.0,0
303587,ownerrez,2026-08-21T00:00:00.000000,1,1,0,0,1,0.0,0
303587,ownerrez,2026-08-22T00:00:00.000000,1,1,0,0,1,0.0,0
303587,ownerrez,2026-08-23T00:00:00.000000,1,1,0,0,1,0.0,0
303587,ownerrez,2026-08-24T00:00:00.000000,1,1,0,0,1,0.0,0
303587,ownerrez,2026-08-25T00:00:00.000000,1,1,0,0,1,0.0,0
303587,ownerrez,2026-08-26T00:00:00.000000,1,1,0,0,1,0.0,0
303587,ownerrez,2026-08-27T00:00:00.000000,1,1,0,0,1,0.0,0
303587,ownerrez,2026-08-28T00:00:00.000000,1,1,0,0,1,0.0,0
303587,ownerrez,2026-08-29T00:00:00.000000,1,1,0,0,1,0.0,0
303587,ownerrez,2026-08-30T00:00:00.000000,1,0,0,0,1,0.0,1
303587,ownerrez,2026-08-31T00:00:00.000000,1,0,0,0,1,0.0,1
303587,ownerrez,2026-09-01T00:00:00.000000,1,0,0,0,1,0.0,1
303587,ownerrez,2026-09-02T00:00:00.000000,1,0,0,0,1,0.0,1
303587,ownerrez,2026-09-03T00:00:00.000000,1,0,0,0,1,0.0,1
303587,ownerrez,2026-09-04T00:00:00.000000,1,1,0,0,1,0.0,0
303587,ownerrez,2026-09-05T00:00:00.000000,1,1,0,0,1,0.0,0
303587,ownerrez,2026-09-06T00:00:00.000000,1,1,0,0,1,0.0,0
303587,ownerrez,2026-09-07T00:00:00.000000,1,1,0,0,1,0.0,0
303587,ownerrez,2026-09-08T00:00:00.000000,1,1,0,0,1,0.0,0
303587,ownerrez,2026-09-09T00:00:00.000000,1,0,0,0,1,0.0,1
303587,ownerrez,2026-09-10T00:00:00.000000,1,0,0,0,1,0.0,1
303587,ownerrez,2026-09-11T00:00:00.000000,1,1,0,0,1,0.0,0
303587,ownerrez,2026-09-12T00:00:00.000000,1,1,0,0,1,0.0,0
303587,ownerrez,2026-09-13T00:00:00.000000,1,0,0,0,1,0.0,1
303587,ownerrez,2026-09-14T00:00:00.000000,1,1,0,0,1,0.0,0
303587,ownerrez,2026-09-15T00:00:00.000000,1,1,0,0,1,0.0,0
303587,ownerrez,2026-09-16T00:00:00.000000,1,1,0,0,1,0.0,0
303587,ownerrez,2026-09-17T00:00:00.000000,1,1,0,0,1,380.0,0
303587,ownerrez,2026-09-18T00:00:00.000000,1,1,0,0,1,519.0,0
303587,ownerrez,2026-09-19T00:00:00.000000,1,1,0,0,1,664.0,0
303587,ownerrez,2026-09-20T00:00:00.000000,1,1,0,0,1,362.0,0
303587,ownerrez,2026-09-21T00:00:00.000000,1,1,0,0,1,303.0,0
303587,ownerrez,2026-09-22T00:00:00.000000,1,1,0,0,1,303.0,0
303587,ownerrez,2026-09-23T00:00:00.000000,1,1,0,0,1,303.0,0
303587,ownerrez,2026-09-24T00:00:00.000000,1,0,0,0,1,354.0,1
303587,ownerrez,2026-09-25T00:00:00.000000,1,1,0,0,1,1056.0,0
303587,ownerrez,2026-09-26T00:00:00.000000,1,1,0,0,1,1056.0,0
303587,ownerrez,2026-09-27T00:00:00.000000,1,1,0,0,1,582.0,0
303587,ownerrez,2026-09-28T00:00:00.000000,1,1,0,0,1,438.0,0
303587,ownerrez,2026-09-29T00:00:00.000000,1,1,0,0,1,438.0,0
303587,ownerrez,2026-09-30T00:00:00.000000,1,1,0,0,1,399.0,0
303587,ownerrez,2026-10-01T00:00:00.000000,1,0,0,0,1,610.0,1
303587,ownerrez,2026-10-02T00:00:00.000000,1,0,0,0,1,891.0,1
303587,ownerrez,2026-10-03T00:00:00.000000,1,1,0,0,1,994.0,0
303587,ownerrez,2026-10-04T00:00:00.000000,1,1,0,0,1,586.0,0
303587,ownerrez,2026-10-05T00:00:00.000000,1,1,0,0,1,449.0,0
303587,ownerrez,2026-10-06T00:00:00.000000,1,1,0,0,1,449.0,0
303587,ownerrez,2026-10-07T00:00:00.000000,1,1,0,0,1,449.0,0
303587,ownerrez,2026-10-08T00:00:00.000000,1,1,0,0,1,438.0,0
303587,ownerrez,2026-10-09T00:00:00.000000,1,1,0,0,1,786.0,0
303587,ownerrez,2026-10-10T00:00:00.000000,1,1,0,0,1,786.0,0
303587,ownerrez,2026-10-11T00:00:00.000000,1,0,0,0,1,703.0,1
303587,ownerrez,2026-10-12T00:00:00.000000,1,0,0,0,1,502.0,1
303587,ownerrez,2026-10-13T00:00:00.000000,1,0,0,0,1,502.0,1
303587,ownerrez,2026-10-14T00:00:00.000000,1,0,0,0,1,502.0,1
303587,ownerrez,2026-10-15T00:00:00.000000,1,0,0,0,1,809.0,1
303587,ownerrez,2026-10-16T00:00:00.000000,1,0,0,0,1,1729.0,1
303587,ownerrez,2026-10-17T00:00:00.000000,1,0,0,0,1,1729.0,1
303587,ownerrez,2026-10-18T00:00:00.000000,1,0,0,0,1,809.0,1
303587,ownerrez,2026-10-19T00:00:00.000000,1,0,0,0,1,494.0,1
303587,ownerrez,2026-10-20T00:00:00.000000,1,1,0,0,1,355.0,0
303587,ownerrez,2026-10-21T00:00:00.000000,1,1,0,0,1,355.0,0
303587,ownerrez,2026-10-22T00:00:00.000000,1,1,0,0,1,502.0,0
303587,ownerrez,2026-10-23T00:00:00.000000,1,0,0,0,1,870.0,1
303587,ownerrez,2026-10-24T00:00:00.000000,1,1,0,0,1,992.0,0
303587,ownerrez,2026-10-25T00:00:00.000000,1,1,0,0,1,560.0,0
303587,ownerrez,2026-10-26T00:00:00.000000,1,0,0,0,1,494.0,1
303587,ownerrez,2026-10-27T00:00:00.000000,1,0,0,0,1,494.0,1
303587,ownerrez,2026-10-28T00:00:00.000000,1,0,0,0,1,494.0,1
303587,ownerrez,2026-10-29T00:00:00.000000,1,0,0,0,1,481.0,1
303587,ownerrez,2026-10-30T00:00:00.000000,1,0,0,0,1,1045.0,1
303587,ownerrez,2026-10-31T00:00:00.000000,1,0,0,0,1,1045.0,1
303587,ownerrez,2026-11-01T00:00:00.000000,1,0,0,0,1,494.0,1
303587,ownerrez,2026-11-02T00:00:00.000000,1,0,0,0,1,328.0,1
303587,ownerrez,2026-11-03T00:00:00.000000,1,0,0,0,1,328.0,1
303587,ownerrez,2026-11-04T00:00:00.000000,1,0,0,0,1,328.0,1
303587,ownerrez,2026-11-05T00:00:00.000000,1,0,0,0,1,361.0,1
303587,ownerrez,2026-11-06T00:00:00.000000,1,1,0,0,1,981.0,0
303587,ownerrez,2026-11-07T00:00:00.000000,1,1,0,0,1,981.0,0
303587,ownerrez,2026-11-08T00:00:00.000000,1,1,0,0,1,564.0,0
303587,ownerrez,2026-11-09T00:00:00.000000,1,0,0,0,1,328.0,1
303587,ownerrez,2026-11-10T00:00:00.000000,1,0,0,0,1,328.0,1
303587,ownerrez,2026-11-11T00:00:00.000000,1,0,0,0,1,328.0,1
303587,ownerrez,2026-11-12T00:00:00.000000,1,0,0,0,1,448.0,1
303587,ownerrez,2026-11-13T00:00:00.000000,1,0,0,0,1,975.0,1
303587,ownerrez,2026-11-14T00:00:00.000000,1,1,0,0,1,1144.0,0
303587,ownerrez,2026-11-15T00:00:00.000000,1,1,0,0,1,448.0,0
303587,ownerrez,2026-11-16T00:00:00.000000,1,1,0,0,1,428.0,0
303587,ownerrez,2026-11-17T00:00:00.000000,1,1,0,0,1,299.0,0
303587,ownerrez,2026-11-18T00:00:00.000000,1,1,0,0,1,299.0,0
303587,ownerrez,2026-11-19T00:00:00.000000,1,0,0,0,1,479.0,1
303587,ownerrez,2026-11-20T00:00:00.000000,1,1,0,0,1,729.0,0
303587,ownerrez,2026-11-21T00:00:00.000000,1,1,0,0,1,729.0,0
303587,ownerrez,2026-11-22T00:00:00.000000,1,0,0,0,1,471.0,1
303587,ownerrez,2026-11-23T00:00:00.000000,1,1,0,0,1,353.0,0
303587,ownerrez,2026-11-24T00:00:00.000000,1,1,0,0,1,353.0,0
303587,ownerrez,2026-11-25T00:00:00.000000,1,0,0,0,1,543.0,1
303587,ownerrez,2026-11-26T00:00:00.000000,1,0,0,0,1,670.0,1
303587,ownerrez,2026-11-27T00:00:00.000000,1,0,0,0,1,1045.0,1
303587,ownerrez,2026-11-28T00:00:00.000000,1,0,0,0,1,1045.0,1
303587,ownerrez,2026-11-29T00:00:00.000000,1,0,0,0,1,549.0,1
303587,ownerrez,2026-11-30T00:00:00.000000,1,0,0,0,1,390.0,1
303587,ownerrez,2026-12-01T00:00:00.000000,1,0,0,0,1,390.0,1
303587,ownerrez,2026-12-02T00:00:00.000000,1,0,0,0,1,390.0,1
303587,ownerrez,2026-12-03T00:00:00.000000,1,0,0,0,1,311.0,1
303587,ownerrez,2026-12-04T00:00:00.000000,1,0,0,0,1,1206.0,1
303587,ownerrez,2026-12-05T00:00:00.000000,1,0,0,0,1,1206.0,1
303587,ownerrez,2026-12-06T00:00:00.000000,1,0,0,0,1,311.0,1
303587,ownerrez,2026-12-07T00:00:00.000000,1,0,0,0,1,450.0,1
303587,ownerrez,2026-12-08T00:00:00.000000,1,0,0,0,1,450.0,1
303587,ownerrez,2026-12-09T00:00:00.000000,1,0,0,0,1,450.0,1
303587,ownerrez,2026-12-10T00:00:00.000000,1,1,0,0,1,311.0,0
303587,ownerrez,2026-12-11T00:00:00.000000,1,1,0,0,1,637.0,0
303587,ownerrez,2026-12-12T00:00:00.000000,1,0,0,0,1,765.0,1
303587,ownerrez,2026-12-13T00:00:00.000000,1,0,0,0,1,460.0,1
303587,ownerrez,2026-12-14T00:00:00.000000,1,0,0,0,1,306.0,1
303587,ownerrez,2026-12-15T00:00:00.000000,1,0,0,0,1,306.0,1
303587,ownerrez,2026-12-16T00:00:00.000000,1,0,0,0,1,306.0,1
303587,ownerrez,2026-12-17T00:00:00.000000,1,0,0,0,1,381.0,1
303587,ownerrez,2026-12-18T00:00:00.000000,1,0,0,0,1,644.0,1
303587,ownerrez,2026-12-19T00:00:00.000000,1,0,0,0,1,644.0,1
303587,ownerrez,2026-12-20T00:00:00.000000,1,0,0,0,1,609.0,1
303587,ownerrez,2026-12-21T00:00:00.000000,1,0,0,0,1,355.0,1
303587,ownerrez,2026-12-22T00:00:00.000000,1,0,0,0,1,355.0,1
303587,ownerrez,2026-12-23T00:00:00.000000,1,0,0,0,1,393.0,1
303587,ownerrez,2026-12-24T00:00:00.000000,1,0,0,0,1,929.0,1
303587,ownerrez,2026-12-25T00:00:00.000000,1,0,0,0,1,929.0,1
303587,ownerrez,2026-12-26T00:00:00.000000,1,0,0,0,1,929.0,1
303587,ownerrez,2026-12-27T00:00:00.000000,1,0,0,0,1,594.0,1
303587,ownerrez,2026-12-28T00:00:00.000000,1,0,0,0,1,594.0,1
303587,ownerrez,2026-12-29T00:00:00.000000,1,0,0,0,1,594.0,1
303587,ownerrez,2026-12-30T00:00:00.000000,1,0,0,0,1,764.0,1
303587,ownerrez,2026-12-31T00:00:00.000000,1,1,0,0,1,1106.0,0
303587,ownerrez,2027-01-01T00:00:00.000000,1,1,0,0,1,725.0,0
303587,ownerrez,2027-01-02T00:00:00.000000,1,1,0,0,1,725.0,0
303587,ownerrez,2027-01-03T00:00:00.000000,1,0,0,0,1,410.0,1
303587,ownerrez,2027-01-04T00:00:00.000000,1,0,0,0,1,311.0,1
303587,ownerrez,2027-01-05T00:00:00.000000,1,0,0,0,1,311.0,1
303587,ownerrez,2027-01-06T00:00:00.000000,1,0,0,0,1,311.0,1
303587,ownerrez,2027-01-07T00:00:00.000000,1,0,0,0,1,420.0,1
303587,ownerrez,2027-01-08T00:00:00.000000,1,0,0,0,1,612.0,1
303587,ownerrez,2027-01-09T00:00:00.000000,1,0,0,0,1,612.0,1
303587,ownerrez,2027-01-10T00:00:00.000000,1,0,0,0,1,420.0,1
303587,ownerrez,2027-01-11T00:00:00.000000,1,0,0,0,1,311.0,1
303587,ownerrez,2027-01-12T00:00:00.000000,1,0,0,0,1,311.0,1
303587,ownerrez,2027-01-13T00:00:00.000000,1,0,0,0,1,311.0,1
303587,ownerrez,2027-01-14T00:00:00.000000,1,0,0,0,1,420.0,1
303587,ownerrez,2027-01-15T00:00:00.000000,1,0,0,0,1,842.0,1
303587,ownerrez,2027-01-16T00:00:00.000000,1,0,0,0,1,842.0,1
303587,ownerrez,2027-01-17T00:00:00.000000,1,0,0,0,1,590.0,1
303587,ownerrez,2027-01-18T00:00:00.000000,1,0,0,0,1,364.0,1
303587,ownerrez,2027-01-19T00:00:00.000000,1,0,0,0,1,311.0,1
303587,ownerrez,2027-01-20T00:00:00.000000,1,0,0,0,1,311.0,1
303587,ownerrez,2027-01-21T00:00:00.000000,1,0,0,0,1,420.0,1
303587,ownerrez,2027-01-22T00:00:00.000000,1,0,0,0,1,612.0,1
303587,ownerrez,2027-01-23T00:00:00.000000,1,0,0,0,1,612.0,1
303587,ownerrez,2027-01-24T00:00:00.000000,1,0,0,0,1,420.0,1
303587,ownerrez,2027-01-25T00:00:00.000000,1,0,0,0,1,311.0,1
303587,ownerrez,2027-01-26T00:00:00.000000,1,0,0,0,1,311.0,1
303587,ownerrez,2027-01-27T00:00:00.000000,1,0,0,0,1,311.0,1
303587,ownerrez,2027-01-28T00:00:00.000000,1,0,0,0,1,420.0,1
303587,ownerrez,2027-01-29T00:00:00.000000,1,0,0,0,1,612.0,1
303587,ownerrez,2027-01-30T00:00:00.000000,1,0,0,0,1,612.0,1
303587,ownerrez,2027-01-31T00:00:00.000000,1,0,0,0,1,420.0,1
303587,ownerrez,2027-02-01T00:00:00.000000,1,0,0,0,1,311.0,1
303587,ownerrez,2027-02-02T00:00:00.000000,1,0,0,0,1,311.0,1
303587,ownerrez,2027-02-03T00:00:00.000000,1,0,0,0,1,311.0,1
303587,ownerrez,2027-02-04T00:00:00.000000,1,0,0,0,1,459.0,1
303587,ownerrez,2027-02-05T00:00:00.000000,1,0,0,0,1,656.0,1
303587,ownerrez,2027-02-06T00:00:00.000000,1,0,0,0,1,656.0,1
303587,ownerrez,2027-02-07T00:00:00.000000,1,0,0,0,1,459.0,1
303587,ownerrez,2027-02-08T00:00:00.000000,1,0,0,0,1,374.0,1
303587,ownerrez,2027-02-09T00:00:00.000000,1,0,0,0,1,374.0,1
303587,ownerrez,2027-02-10T00:00:00.000000,1,0,0,0,1,374.0,1
303587,ownerrez,2027-02-11T00:00:00.000000,1,0,0,0,1,642.0,1
303587,ownerrez,2027-02-12T00:00:00.000000,1,0,0,0,1,1289.0,1
303587,ownerrez,2027-02-13T00:00:00.000000,1,0,0,0,1,1289.0,1
303587,ownerrez,2027-02-14T00:00:00.000000,1,0,0,0,1,1078.0,1
303587,ownerrez,2027-02-15T00:00:00.000000,1,0,0,0,1,687.0,1
303587,ownerrez,2027-02-16T00:00:00.000000,1,0,0,0,1,490.0,1
303587,ownerrez,2027-02-17T00:00:00.000000,1,0,0,0,1,490.0,1
303587,ownerrez,2027-02-18T00:00:00.000000,1,0,0,0,1,656.0,1
303587,ownerrez,2027-02-19T00:00:00.000000,1,0,0,0,1,982.0,1
303587,ownerrez,2027-02-20T00:00:00.000000,1,0,0,0,1,982.0,1
303587,ownerrez,2027-02-21T00:00:00.000000,1,0,0,0,1,656.0,1
303587,ownerrez,2027-02-22T00:00:00.000000,1,0,0,0,1,287.0,1
303587,ownerrez,2027-02-23T00:00:00.000000,1,0,0,0,1,287.0,1
303587,ownerrez,2027-02-24T00:00:00.000000,1,0,0,0,1,287.0,1
303587,ownerrez,2027-02-25T00:00:00.000000,1,0,0,0,1,459.0,1
303587,ownerrez,2027-02-26T00:00:00.000000,1,0,0,0,1,732.0,1
303587,ownerrez,2027-02-27T00:00:00.000000,1,0,0,0,1,732.0,1
303587,ownerrez,2027-02-28T00:00:00.000000,1,0,0,0,1,459.0,1
303587,ownerrez,2027-03-01T00:00:00.000000,1,0,0,0,1,456.0,1
303587,ownerrez,2027-03-02T00:00:00.000000,1,0,0,0,1,456.0,1
303587,ownerrez,2027-03-03T00:00:00.000000,1,0,0,0,1,456.0,1
303587,ownerrez,2027-03-04T00:00:00.000000,1,0,0,0,1,497.0,1
303587,ownerrez,2027-03-05T00:00:00.000000,1,0,0,0,1,732.0,1
303587,ownerrez,2027-03-06T00:00:00.000000,1,0,0,0,1,771.0,1
303587,ownerrez,2027-03-07T00:00:00.000000,1,0,0,0,1,578.0,1
303587,ownerrez,2027-03-08T00:00:00.000000,1,0,0,0,1,523.0,1
303587,ownerrez,2027-03-09T00:00:00.000000,1,0,0,0,1,523.0,1
303587,ownerrez,2027-03-10T00:00:00.000000,1,0,0,0,1,523.0,1
303587,ownerrez,2027-03-11T00:00:00.000000,1,0,0,0,1,764.0,1
303587,ownerrez,2027-03-12T00:00:00.000000,1,0,0,0,1,1129.0,1
303587,ownerrez,2027-03-13T00:00:00.000000,1,0,0,0,1,1129.0,1
303587,ownerrez,2027-03-14T00:00:00.000000,1,0,0,0,1,764.0,1
303587,ownerrez,2027-03-15T00:00:00.000000,1,0,0,0,1,549.0,1
303587,ownerrez,2027-03-16T00:00:00.000000,1,0,0,0,1,549.0,1
303587,ownerrez,2027-03-17T00:00:00.000000,1,0,0,0,1,549.0,1
303587,ownerrez,2027-03-18T00:00:00.000000,1,0,0,0,1,764.0,1
303587,ownerrez,2027-03-19T00:00:00.000000,1,0,0,0,1,1129.0,1
303587,ownerrez,2027-03-20T00:00:00.000000,1,0,0,0,1,1129.0,1
303587,ownerrez,2027-03-21T00:00:00.000000,1,0,0,0,1,764.0,1
303587,ownerrez,2027-03-22T00:00:00.000000,1,0,0,0,1,456.0,1
303587,ownerrez,2027-03-23T00:00:00.000000,1,0,0,0,1,456.0,1
303587,ownerrez,2027-03-24T00:00:00.000000,1,0,0,0,1,456.0,1
303587,ownerrez,2027-03-25T00:00:00.000000,1,0,0,0,1,497.0,1
303587,ownerrez,2027-03-26T00:00:00.000000,1,0,0,0,1,700.0,1
303587,ownerrez,2027-03-27T00:00:00.000000,1,0,0,0,1,700.0,1
303587,ownerrez,2027-03-28T00:00:00.000000,1,0,0,0,1,497.0,1
303587,ownerrez,2027-03-29T00:00:00.000000,1,0,0,0,1,456.0,1
303587,ownerrez,2027-03-30T00:00:00.000000,1,0,0,0,1,456.0,1
303587,ownerrez,2027-03-31T00:00:00.000000,1,0,0,0,1,456.0,1
303587,ownerrez,2027-04-01T00:00:00.000000,1,0,0,0,1,612.0,1
303587,ownerrez,2027-04-02T00:00:00.000000,1,0,0,0,1,912.0,1
303587,ownerrez,2027-04-03T00:00:00.000000,1,0,0,0,1,1009.0,1
303587,ownerrez,2027-04-04T00:00:00.000000,1,0,0,0,1,612.0,1
303587,ownerrez,2027-04-05T00:00:00.000000,1,0,0,0,1,449.0,1
303587,ownerrez,2027-04-06T00:00:00.000000,1,0,0,0,1,449.0,1
303587,ownerrez,2027-04-07T00:00:00.000000,1,0,0,0,1,449.0,1
303587,ownerrez,2027-04-08T00:00:00.000000,1,0,0,0,1,612.0,1
303587,ownerrez,2027-04-09T00:00:00.000000,1,0,0,0,1,912.0,1
303587,ownerrez,2027-04-10T00:00:00.000000,1,0,0,0,1,912.0,1
303587,ownerrez,2027-04-11T00:00:00.000000,1,0,0,0,1,612.0,1
303587,ownerrez,2027-04-12T00:00:00.000000,1,0,0,0,1,449.0,1
303587,ownerrez,2027-04-13T00:00:00.000000,1,0,0,0,1,449.0,1
303587,ownerrez,2027-04-14T00:00:00.000000,1,0,0,0,1,449.0,1
303587,ownerrez,2027-04-15T00:00:00.000000,1,0,0,0,1,612.0,1
303587,ownerrez,2027-04-16T00:00:00.000000,1,0,0,0,1,912.0,1
303587,ownerrez,2027-04-17T00:00:00.000000,1,0,0,0,1,912.0,1
303587,ownerrez,2027-04-18T00:00:00.000000,1,0,0,0,1,612.0,1
303587,ownerrez,2027-04-19T00:00:00.000000,1,0,0,0,1,449.0,1
303587,ownerrez,2027-04-20T00:00:00.000000,1,0,0,0,1,449.0,1
303587,ownerrez,2027-04-21T00:00:00.000000,1,0,0,0,1,449.0,1
303587,ownerrez,2027-04-22T00:00:00.000000,1,0,0,0,1,612.0,1
303587,ownerrez,2027-04-23T00:00:00.000000,1,0,0,0,1,912.0,1
303587,ownerrez,2027-04-24T00:00:00.000000,1,0,0,0,1,912.0,1
303587,ownerrez,2027-04-25T00:00:00.000000,1,1,0,0,1,612.0,0
303587,ownerrez,2027-04-26T00:00:00.000000,1,1,0,0,1,408.0,0
303587,ownerrez,2027-04-27T00:00:00.000000,1,1,0,0,1,408.0,0
303587,ownerrez,2027-04-28T00:00:00.000000,1,0,0,0,1,449.0,1
303587,ownerrez,2027-04-29T00:00:00.000000,1,0,0,0,1,612.0,1
303587,ownerrez,2027-04-30T00:00:00.000000,1,0,0,0,1,912.0,1
303587,ownerrez,2027-05-01T00:00:00.000000,1,0,0,0,1,1009.0,1
303587,ownerrez,2027-05-02T00:00:00.000000,1,0,0,0,1,612.0,1
303587,ownerrez,2027-05-03T00:00:00.000000,1,0,0,0,1,451.0,1
303587,ownerrez,2027-05-04T00:00:00.000000,1,0,0,0,1,451.0,1
303587,ownerrez,2027-05-05T00:00:00.000000,1,0,0,0,1,451.0,1
303587,ownerrez,2027-05-06T00:00:00.000000,1,0,0,0,1,612.0,1
303587,ownerrez,2027-05-07T00:00:00.000000,1,0,0,0,1,912.0,1
303587,ownerrez,2027-05-08T00:00:00.000000,1,0,0,0,1,912.0,1
303587,ownerrez,2027-05-09T00:00:00.000000,1,0,0,0,1,612.0,1
303587,ownerrez,2027-05-10T00:00:00.000000,1,1,0,0,1,428.0,0
303587,ownerrez,2027-05-11T00:00:00.000000,1,1,0,0,1,428.0,0
303587,ownerrez,2027-05-12T00:00:00.000000,1,0,0,0,1,451.0,1
303587,ownerrez,2027-05-13T00:00:00.000000,1,0,0,0,1,612.0,1
303587,ownerrez,2027-05-14T00:00:00.000000,1,0,0,0,1,912.0,1
303587,ownerrez,2027-05-15T00:00:00.000000,1,0,0,0,1,912.0,1
303587,ownerrez,2027-05-16T00:00:00.000000,1,0,0,0,1,612.0,1
303587,ownerrez,2027-05-17T00:00:00.000000,1,0,0,0,1,451.0,1
303587,ownerrez,2027-05-18T00:00:00.000000,1,0,0,0,1,451.0,1
303587,ownerrez,2027-05-19T00:00:00.000000,1,0,0,0,1,451.0,1
303587,ownerrez,2027-05-20T00:00:00.000000,1,0,0,0,1,612.0,1
303587,ownerrez,2027-05-21T00:00:00.000000,1,0,0,0,1,912.0,1
303587,ownerrez,2027-05-22T00:00:00.000000,1,0,0,0,1,912.0,1
303587,ownerrez,2027-05-23T00:00:00.000000,1,0,0,0,1,612.0,1
303587,ownerrez,2027-05-24T00:00:00.000000,1,0,0,0,1,451.0,1
303587,ownerrez,2027-05-25T00:00:00.000000,1,0,0,0,1,451.0,1
303587,ownerrez,2027-05-26T00:00:00.000000,1,0,0,0,1,451.0,1
303587,ownerrez,2027-05-27T00:00:00.000000,1,0,0,0,1,612.0,1
303587,ownerrez,2027-05-28T00:00:00.000000,1,0,0,0,1,1198.0,1
303587,ownerrez,2027-05-29T00:00:00.000000,1,0,0,0,1,1142.0,1
303587,ownerrez,2027-05-30T00:00:00.000000,1,0,0,0,1,673.0,1
303587,ownerrez,2027-05-31T00:00:00.000000,1,0,0,0,1,525.0,1
303587,ownerrez,2027-06-01T00:00:00.000000,1,0,0,0,1,451.0,1
303587,ownerrez,2027-06-02T00:00:00.000000,1,0,0,0,1,451.0,1
303587,ownerrez,2027-06-03T00:00:00.000000,1,0,0,0,1,744.0,1
303587,ownerrez,2027-06-04T00:00:00.000000,1,0,0,0,1,1142.0,1
303587,ownerrez,2027-06-05T00:00:00.000000,1,0,0,0,1,1264.0,1
303587,ownerrez,2027-06-06T00:00:00.000000,1,0,0,0,1,750.0,1
303587,ownerrez,2027-06-07T00:00:00.000000,1,0,0,0,1,483.0,1
303587,ownerrez,2027-06-08T00:00:00.000000,1,0,0,0,1,483.0,1
303587,ownerrez,2027-06-09T00:00:00.000000,1,0,0,0,1,487.0,1
303587,ownerrez,2027-06-10T00:00:00.000000,1,0,0,0,1,764.0,1
303587,ownerrez,2027-06-11T00:00:00.000000,1,0,0,0,1,1165.0,1
303587,ownerrez,2027-06-12T00:00:00.000000,1,0,0,0,1,1169.0,1
303587,ownerrez,2027-06-13T00:00:00.000000,1,0,0,0,1,771.0,1
303587,ownerrez,2027-06-14T00:00:00.000000,1,0,0,0,1,497.0,1
303587,ownerrez,2027-06-15T00:00:00.000000,1,0,0,0,1,527.0,1
303587,ownerrez,2027-06-16T00:00:00.000000,1,0,0,0,1,530.0,1
303587,ownerrez,2027-06-17T00:00:00.000000,1,0,0,0,1,784.0,1
303587,ownerrez,2027-06-18T00:00:00.000000,1,0,0,0,1,1193.0,1
303587,ownerrez,2027-06-19T00:00:00.000000,1,0,0,0,1,1198.0,1
303587,ownerrez,2027-06-20T00:00:00.000000,1,0,0,0,1,791.0,1
303587,ownerrez,2027-06-21T00:00:00.000000,1,0,0,0,1,513.0,1
303587,ownerrez,2027-06-22T00:00:00.000000,1,0,0,0,1,547.0,1
303587,ownerrez,2027-06-23T00:00:00.000000,1,0,0,0,1,517.0,1
303587,ownerrez,2027-06-24T00:00:00.000000,1,0,0,0,1,804.0,1
303587,ownerrez,2027-06-25T00:00:00.000000,1,0,0,0,1,1230.0,1
303587,ownerrez,2027-06-26T00:00:00.000000,1,0,0,0,1,1296.0,1
303587,ownerrez,2027-06-27T00:00:00.000000,1,0,0,0,1,863.0,1
303587,ownerrez,2027-06-28T00:00:00.000000,1,0,0,0,1,562.0,1
303587,ownerrez,2027-06-29T00:00:00.000000,1,0,0,0,1,564.0,1
303587,ownerrez,2027-06-30T00:00:00.000000,1,0,0,0,1,568.0,1
303587,ownerrez,2027-07-01T00:00:00.000000,1,0,0,0,1,966.0,1
303587,ownerrez,2027-07-02T00:00:00.000000,1,0,0,0,1,1530.0,1
303587,ownerrez,2027-07-03T00:00:00.000000,1,0,0,0,1,1536.0,1
303587,ownerrez,2027-07-04T00:00:00.000000,1,0,0,0,1,977.0,1
303587,ownerrez,2027-07-05T00:00:00.000000,1,0,0,0,1,609.0,1
303587,ownerrez,2027-07-06T00:00:00.000000,1,0,0,0,1,612.0,1
303587,ownerrez,2027-07-07T00:00:00.000000,1,0,0,0,1,614.0,1
303587,ownerrez,2027-07-08T00:00:00.000000,1,0,0,0,1,943.0,1
303587,ownerrez,2027-07-09T00:00:00.000000,1,0,0,0,1,1421.0,1
303587,ownerrez,2027-07-10T00:00:00.000000,1,0,0,0,1,1426.0,1
303587,ownerrez,2027-07-11T00:00:00.000000,1,0,0,0,1,954.0,1
303587,ownerrez,2027-07-12T00:00:00.000000,1,0,0,0,1,625.0,1
303587,ownerrez,2027-07-13T00:00:00.000000,1,0,0,0,1,628.0,1
303587,ownerrez,2027-07-14T00:00:00.000000,1,0,0,0,1,662.0,1
303587,ownerrez,2027-07-15T00:00:00.000000,1,0,0,0,1,963.0,1
303587,ownerrez,2027-07-16T00:00:00.000000,1,0,0,0,1,1444.0,1
303587,ownerrez,2027-07-17T00:00:00.000000,1,0,0,0,1,1444.0,1
303587,ownerrez,2027-07-18T00:00:00.000000,1,0,0,0,1,963.0,1
303587,ownerrez,2027-07-19T00:00:00.000000,1,0,0,0,1,631.0,1
303587,ownerrez,2027-07-20T00:00:00.000000,1,0,0,0,1,631.0,1
303587,ownerrez,2027-07-21T00:00:00.000000,1,0,0,0,1,631.0,1
303587,ownerrez,2027-07-22T00:00:00.000000,1,0,0,0,1,963.0,1
303587,ownerrez,2027-07-23T00:00:00.000000,1,0,0,0,1,1444.0,1
303587,ownerrez,2027-07-24T00:00:00.000000,1,0,0,0,1,1444.0,1
303587,ownerrez,2027-07-25T00:00:00.000000,1,0,0,0,1,963.0,1
303587,ownerrez,2027-07-26T00:00:00.000000,1,0,0,0,1,631.0,1
303587,ownerrez,2027-07-27T00:00:00.000000,1,0,0,0,1,631.0,1
303587,ownerrez,2027-07-28T00:00:00.000000,1,0,0,0,1,631.0,1
303587,ownerrez,2027-07-29T00:00:00.000000,1,0,0,0,1,963.0,1
303587,ownerrez,2027-07-30T00:00:00.000000,1,0,0,0,1,1444.0,1
303587,ownerrez,2027-07-31T00:00:00.000000,1,0,0,0,1,1444.0,1
303587,ownerrez,2027-08-01T00:00:00.000000,1,0,0,0,1,963.0,1
303587,ownerrez,2027-08-02T00:00:00.000000,1,0,0,0,1,573.0,1
303587,ownerrez,2027-08-03T00:00:00.000000,1,0,0,0,1,573.0,1
303587,ownerrez,2027-08-04T00:00:00.000000,1,0,0,0,1,573.0,1
303587,ownerrez,2027-08-05T00:00:00.000000,1,0,0,0,1,874.0,1
303587,ownerrez,2027-08-06T00:00:00.000000,1,0,0,0,1,1310.0,1
303587,ownerrez,2027-08-07T00:00:00.000000,1,0,0,0,1,1441.0,1
303587,ownerrez,2027-08-08T00:00:00.000000,1,0,0,0,1,874.0,1
303587,ownerrez,2027-08-09T00:00:00.000000,1,0,0,0,1,520.0,1
303587,ownerrez,2027-08-10T00:00:00.000000,1,0,0,0,1,520.0,1
303587,ownerrez,2027-08-11T00:00:00.000000,1,0,0,0,1,520.0,1
303587,ownerrez,2027-08-12T00:00:00.000000,1,0,0,0,1,794.0,1
303587,ownerrez,2027-08-13T00:00:00.000000,1,0,0,0,1,1189.0,1
303587,ownerrez,2027-08-14T00:00:00.000000,1,0,0,0,1,1189.0,1
303587,ownerrez,2027-08-15T00:00:00.000000,1,0,0,0,1,794.0,1
303587,ownerrez,2027-08-16T00:00:00.000000,1,0,0,0,1,520.0,1
303587,ownerrez,2027-08-17T00:00:00.000000,1,0,0,0,1,520.0,1
303587,ownerrez,2027-08-18T00:00:00.000000,1,0,0,0,1,520.0,1
303587,ownerrez,2027-08-19T00:00:00.000000,1,0,0,0,1,794.0,1
303587,ownerrez,2027-08-20T00:00:00.000000,1,0,0,0,1,1189.0,1
303587,ownerrez,2027-08-21T00:00:00.000000,1,0,0,0,1,1189.0,1
303587,ownerrez,2027-08-22T00:00:00.000000,1,0,0,0,1,794.0,1
303587,ownerrez,2027-08-23T00:00:00.000000,1,0,0,0,1,520.0,1
303587,ownerrez,2027-08-24T00:00:00.000000,1,0,0,0,1,520.0,1
303587,ownerrez,2027-08-25T00:00:00.000000,1,0,0,0,1,520.0,1
303587,ownerrez,2027-08-26T00:00:00.000000,1,0,0,0,1,833.0,1
303587,ownerrez,2027-08-27T00:00:00.000000,1,0,0,0,1,1248.0,1
303587,ownerrez,2027-08-28T00:00:00.000000,1,0,0,0,1,1248.0,1
303587,ownerrez,2027-08-29T00:00:00.000000,1,0,0,0,1,833.0,1
303587,ownerrez,2027-08-30T00:00:00.000000,1,0,0,0,1,406.0,1
303587,ownerrez,2027-08-31T00:00:00.000000,1,0,0,0,1,406.0,1
303587,ownerrez,2027-09-01T00:00:00.000000,1,0,0,0,1,406.0,1
303587,ownerrez,2027-09-02T00:00:00.000000,1,0,0,0,1,622.0,1
303587,ownerrez,2027-09-03T00:00:00.000000,1,0,0,0,1,1392.0,1
303587,ownerrez,2027-09-04T00:00:00.000000,1,0,0,0,1,1392.0,1
303587,ownerrez,2027-09-05T00:00:00.000000,1,0,0,0,1,746.0,1
303587,ownerrez,2027-09-06T00:00:00.000000,1,0,0,0,1,507.0,1
303587,ownerrez,2027-09-07T00:00:00.000000,1,0,0,0,1,406.0,1
303587,ownerrez,2027-09-08T00:00:00.000000,1,0,0,0,1,406.0,1
303587,ownerrez,2027-09-09T00:00:00.000000,1,0,0,0,1,622.0,1
303587,ownerrez,2027-09-10T00:00:00.000000,1,0,0,0,1,928.0,1
303587,ownerrez,2027-09-11T00:00:00.000000,1,0,0,0,1,928.0,1
303587,ownerrez,2027-09-12T00:00:00.000000,1,0,0,0,1,622.0,1
303587,ownerrez,2027-09-13T00:00:00.000000,1,0,0,0,1,406.0,1
303587,ownerrez,2027-09-14T00:00:00.000000,1,0,0,0,1,406.0,1
303587,ownerrez,2027-09-15T00:00:00.000000,1,0,0,0,1,406.0,1
303587,ownerrez,2027-09-16T00:00:00.000000,1,0,0,0,1,622.0,1
303587,ownerrez,2027-09-17T00:00:00.000000,1,0,0,0,1,928.0,1
303587,ownerrez,2027-09-18T00:00:00.000000,1,0,0,0,1,928.0,1
303587,ownerrez,2027-09-19T00:00:00.000000,1,0,0,0,1,593.0,1
303587,ownerrez,2027-09-20T00:00:00.000000,1,0,0,0,1,387.0,1
303587,ownerrez,2027-09-21T00:00:00.000000,1,0,0,0,1,387.0,1
303587,ownerrez,2027-09-22T00:00:00.000000,1,0,0,0,1,387.0,1
303587,ownerrez,2027-09-23T00:00:00.000000,1,0,0,0,1,593.0,1
303587,ownerrez,2027-09-24T00:00:00.000000,1,0,0,0,1,884.0,1
303587,ownerrez,2027-09-25T00:00:00.000000,1,0,0,0,1,884.0,1
303587,ownerrez,2027-09-26T00:00:00.000000,1,0,0,0,1,593.0,1
303587,ownerrez,2027-09-27T00:00:00.000000,1,0,0,0,1,387.0,1
303587,ownerrez,2027-09-28T00:00:00.000000,1,0,0,0,1,387.0,1
303587,ownerrez,2027-09-29T00:00:00.000000,1,0,0,0,1,387.0,1
303587,ownerrez,2027-09-30T00:00:00.000000,1,0,0,0,1,737.0,1
303587,ownerrez,2027-10-01T00:00:00.000000,1,0,0,0,1,1054.0,1
303587,ownerrez,2027-10-02T00:00:00.000000,1,0,0,0,1,1160.0,1
303587,ownerrez,2027-10-03T00:00:00.000000,1,0,0,0,1,737.0,1
303587,ownerrez,2027-10-04T00:00:00.000000,1,0,0,0,1,499.0,1
303587,ownerrez,2027-10-05T00:00:00.000000,1,0,0,0,1,499.0,1
303587,ownerrez,2027-10-06T00:00:00.000000,1,0,0,0,1,499.0,1
303587,ownerrez,2027-10-07T00:00:00.000000,1,0,0,0,1,737.0,1
303587,ownerrez,2027-10-08T00:00:00.000000,1,0,0,0,1,1054.0,1
303587,ownerrez,2027-10-09T00:00:00.000000,1,0,0,0,1,1054.0,1
303587,ownerrez,2027-10-10T00:00:00.000000,1,0,0,0,1,737.0,1
303587,ownerrez,2027-10-11T00:00:00.000000,1,0,0,0,1,499.0,1
303587,ownerrez,2027-10-12T00:00:00.000000,1,0,0,0,1,499.0,1
303587,ownerrez,2027-10-13T00:00:00.000000,1,0,0,0,1,499.0,1
303587,ownerrez,2027-10-14T00:00:00.000000,1,0,0,0,1,737.0,1
303587,ownerrez,2027-10-15T00:00:00.000000,1,0,0,0,1,1054.0,1
303587,ownerrez,2027-10-16T00:00:00.000000,1,0,0,0,1,1054.0,1
303587,ownerrez,2027-10-17T00:00:00.000000,1,0,0,0,1,737.0,1
303587,ownerrez,2027-10-18T00:00:00.000000,1,0,0,0,1,499.0,1
303587,ownerrez,2027-10-19T00:00:00.000000,1,0,0,0,1,499.0,1
303587,ownerrez,2027-10-20T00:00:00.000000,1,0,0,0,1,499.0,1
303587,ownerrez,2027-10-21T00:00:00.000000,1,0,0,0,1,737.0,1
303587,ownerrez,2027-10-22T00:00:00.000000,1,0,0,0,1,1054.0,1
303587,ownerrez,2027-10-23T00:00:00.000000,1,0,0,0,1,1054.0,1
303587,ownerrez,2027-10-24T00:00:00.000000,1,0,0,0,1,737.0,1
303587,ownerrez,2027-10-25T00:00:00.000000,1,0,0,0,1,499.0,1
303587,ownerrez,2027-10-26T00:00:00.000000,1,0,0,0,1,499.0,1
303587,ownerrez,2027-10-27T00:00:00.000000,1,0,0,0,1,499.0,1
303587,ownerrez,2027-10-28T00:00:00.000000,1,0,0,0,1,737.0,1
303587,ownerrez,2027-10-29T00:00:00.000000,1,0,0,0,1,1054.0,1
303587,ownerrez,2027-10-30T00:00:00.000000,1,0,0,0,1,1054.0,1
303587,ownerrez,2027-10-31T00:00:00.000000,1,0,0,0,1,737.0,1
303587,ownerrez,2027-11-01T00:00:00.000000,1,0,0,0,1,520.0,1
303587,ownerrez,2027-11-02T00:00:00.000000,1,0,0,0,1,520.0,1
303587,ownerrez,2027-11-03T00:00:00.000000,1,0,0,0,1,520.0,1
303587,ownerrez,2027-11-04T00:00:00.000000,1,0,0,0,1,794.0,1
303587,ownerrez,2027-11-05T00:00:00.000000,1,0,0,0,1,1189.0,1
303587,ownerrez,2027-11-06T00:00:00.000000,1,0,0,0,1,1308.0,1
303587,ownerrez,2027-11-07T00:00:00.000000,1,0,0,0,1,794.0,1
303587,ownerrez,2027-11-08T00:00:00.000000,1,0,0,0,1,520.0,1
303587,ownerrez,2027-11-09T00:00:00.000000,1,0,0,0,1,520.0,1
303587,ownerrez,2027-11-10T00:00:00.000000,1,0,0,0,1,520.0,1
303587,ownerrez,2027-11-11T00:00:00.000000,1,0,0,0,1,794.0,1
303587,ownerrez,2027-11-12T00:00:00.000000,1,0,0,0,1,1189.0,1
303587,ownerrez,2027-11-13T00:00:00.000000,1,0,0,0,1,1189.0,1
303587,ownerrez,2027-11-14T00:00:00.000000,1,0,0,0,1,794.0,1
303587,ownerrez,2027-11-15T00:00:00.000000,1,0,0,0,1,520.0,1
303587,ownerrez,2027-11-16T00:00:00.000000,1,0,0,0,1,520.0,1
303587,ownerrez,2027-11-17T00:00:00.000000,1,0,0,0,1,520.0,1
303587,ownerrez,2027-11-18T00:00:00.000000,1,0,0,0,1,794.0,1
303587,ownerrez,2027-11-19T00:00:00.000000,1,0,0,0,1,1189.0,1
303587,ownerrez,2027-11-20T00:00:00.000000,1,0,0,0,1,1189.0,1
303587,ownerrez,2027-11-21T00:00:00.000000,1,0,0,0,1,794.0,1
303587,ownerrez,2027-11-22T00:00:00.000000,1,0,0,0,1,520.0,1
303587,ownerrez,2027-11-23T00:00:00.000000,1,0,0,0,1,520.0,1
303587,ownerrez,2027-11-24T00:00:00.000000,1,0,0,0,1,520.0,1
303587,ownerrez,2027-11-25T00:00:00.000000,1,0,0,0,1,1032.0,1
303587,ownerrez,2027-11-26T00:00:00.000000,1,0,0,0,1,1224.0,1
303587,ownerrez,2027-11-27T00:00:00.000000,1,0,0,0,1,1224.0,1
303587,ownerrez,2027-11-28T00:00:00.000000,1,0,0,0,1,794.0,1
303587,ownerrez,2027-11-29T00:00:00.000000,1,0,0,0,1,360.0,1
303587,ownerrez,2027-11-30T00:00:00.000000,1,0,0,0,1,360.0,1
303587,ownerrez,2027-12-01T00:00:00.000000,1,0,0,0,1,360.0,1
303587,ownerrez,2027-12-02T00:00:00.000000,1,0,0,0,1,555.0,1
303587,ownerrez,2027-12-03T00:00:00.000000,1,0,0,0,1,761.0,1
303587,ownerrez,2027-12-04T00:00:00.000000,1,0,0,0,1,837.0,1
303587,ownerrez,2027-12-05T00:00:00.000000,1,0,0,0,1,555.0,1
303587,ownerrez,2027-12-06T00:00:00.000000,1,0,0,0,1,360.0,1
303587,ownerrez,2027-12-07T00:00:00.000000,1,0,0,0,1,360.0,1
303587,ownerrez,2027-12-08T00:00:00.000000,1,0,0,0,1,360.0,1
303587,ownerrez,2027-12-09T00:00:00.000000,1,0,0,0,1,555.0,1
303587,ownerrez,2027-12-10T00:00:00.000000,1,0,0,0,1,761.0,1
303587,ownerrez,2027-12-11T00:00:00.000000,1,0,0,0,1,761.0,1
303587,ownerrez,2027-12-12T00:00:00.000000,1,0,0,0,1,555.0,1
303587,ownerrez,2027-12-13T00:00:00.000000,1,0,0,0,1,360.0,1
303587,ownerrez,2027-12-14T00:00:00.000000,1,0,0,0,1,360.0,1
303587,ownerrez,2027-12-15T00:00:00.000000,1,0,0,0,1,360.0,1
303587,ownerrez,2027-12-16T00:00:00.000000,1,0,0,0,1,555.0,1
303587,ownerrez,2027-12-17T00:00:00.000000,1,0,0,0,1,807.0,1
303587,ownerrez,2027-12-18T00:00:00.000000,1,0,0,0,1,807.0,1
303587,ownerrez,2027-12-19T00:00:00.000000,1,0,0,0,1,588.0,1
303587,ownerrez,2027-12-20T00:00:00.000000,1,0,0,0,1,381.0,1
303587,ownerrez,2027-12-21T00:00:00.000000,1,0,0,0,1,381.0,1
303587,ownerrez,2027-12-22T00:00:00.000000,1,0,0,0,1,381.0,1
303587,ownerrez,2027-12-23T00:00:00.000000,1,0,0,0,1,588.0,1
303587,ownerrez,2027-12-24T00:00:00.000000,1,0,0,0,1,913.0,1
303587,ownerrez,2027-12-25T00:00:00.000000,1,0,0,0,1,913.0,1
303587,ownerrez,2027-12-26T00:00:00.000000,1,0,0,0,1,913.0,1
303587,ownerrez,2027-12-27T00:00:00.000000,1,0,0,0,1,360.0,1
303587,ownerrez,2027-12-28T00:00:00.000000,1,0,0,0,1,360.0,1
303587,ownerrez,2027-12-29T00:00:00.000000,1,0,0,0,1,360.0,1
303587,ownerrez,2027-12-30T00:00:00.000000,1,0,0,0,1,1217.0,1
303587,ownerrez,2027-12-31T00:00:00.000000,1,0,0,0,1,1217.0,1
303587,ownerrez,2028-01-01T00:00:00.000000,1,0,0,0,1,1217.0,1
303587,ownerrez,2028-01-02T00:00:00.000000,1,0,0,0,1,974.0,1
303587,ownerrez,2028-01-03T00:00:00.000000,1,0,0,0,1,369.0,1
303587,ownerrez,2028-01-04T00:00:00.000000,1,0,0,0,1,369.0,1
303587,ownerrez,2028-01-05T00:00:00.000000,1,0,0,0,1,369.0,1
303587,ownerrez,2028-01-06T00:00:00.000000,1,0,0,0,1,573.0,1
303587,ownerrez,2028-01-07T00:00:00.000000,1,0,0,0,1,808.0,1
303587,ownerrez,2028-01-08T00:00:00.000000,1,0,0,0,1,808.0,1
303587,ownerrez,2028-01-09T00:00:00.000000,1,0,0,0,1,573.0,1
303588,ownerrez,2026-08-19T00:00:00.000000,1,1,0,0,1,0.0,0
303588,ownerrez,2026-08-20T00:00:00.000000,1,1,0,0,1,0.0,0
303588,ownerrez,2026-08-21T00:00:00.000000,1,1,0,0,1,0.0,0
303588,ownerrez,2026-08-22T00:00:00.000000,1,1,0,0,1,0.0,0
303588,ownerrez,2026-08-23T00:00:00.000000,1,1,0,0,1,0.0,0
303588,ownerrez,2026-08-24T00:00:00.000000,1,1,0,0,1,0.0,0
303588,ownerrez,2026-08-25T00:00:00.000000,1,1,0,0,1,0.0,0
303588,ownerrez,2026-08-26T00:00:00.000000,1,1,0,0,1,0.0,0
303588,ownerrez,2026-08-27T00:00:00.000000,1,1,0,0,1,0.0,0
303588,ownerrez,2026-08-28T00:00:00.000000,1,1,0,0,1,0.0,0
303588,ownerrez,2026-08-29T00:00:00.000000,1,1,0,0,1,0.0,0
303588,ownerrez,2026-08-30T00:00:00.000000,1,1,0,0,1,0.0,0
303588,ownerrez,2026-08-31T00:00:00.000000,1,1,0,0,1,0.0,0
303588,ownerrez,2026-09-01T00:00:00.000000,1,1,0,0,1,0.0,0
303588,ownerrez,2026-09-02T00:00:00.000000,1,0,0,0,1,0.0,1
303588,ownerrez,2026-09-03T00:00:00.000000,1,1,0,0,1,0.0,0
303588,ownerrez,2026-09-04T00:00:00.000000,1,1,0,0,1,0.0,0
303588,ownerrez,2026-09-05T00:00:00.000000,1,1,0,0,1,0.0,0
303588,ownerrez,2026-09-06T00:00:00.000000,1,1,0,0,1,0.0,0
303588,ownerrez,2026-09-07T00:00:00.000000,1,1,0,0,1,0.0,0
303588,ownerrez,2026-09-08T00:00:00.000000,1,1,0,0,1,0.0,0
303588,ownerrez,2026-09-09T00:00:00.000000,1,1,0,0,1,0.0,0
303588,ownerrez,2026-09-10T00:00:00.000000,1,1,0,0,1,0.0,0
303588,ownerrez,2026-09-11T00:00:00.000000,1,1,0,0,1,0.0,0
303588,ownerrez,2026-09-12T00:00:00.000000,1,1,0,0,1,0.0,0
303588,ownerrez,2026-09-13T00:00:00.000000,1,1,0,0,1,0.0,0
303588,ownerrez,2026-09-14T00:00:00.000000,1,1,0,0,1,0.0,0
303588,ownerrez,2026-09-15T00:00:00.000000,1,1,0,0,1,0.0,0
303588,ownerrez,2026-09-16T00:00:00.000000,1,1,0,0,1,0.0,0
303588,ownerrez,2026-09-17T00:00:00.000000,1,1,0,0,1,380.0,0
303588,ownerrez,2026-09-18T00:00:00.000000,1,1,0,0,1,445.0,0
303588,ownerrez,2026-09-19T00:00:00.000000,1,1,0,0,1,576.0,0
303588,ownerrez,2026-09-20T00:00:00.000000,1,1,0,0,1,329.0,0
303588,ownerrez,2026-09-21T00:00:00.000000,1,1,0,0,1,303.0,0
303588,ownerrez,2026-09-22T00:00:00.000000,1,1,0,0,1,403.0,0
303588,ownerrez,2026-09-23T00:00:00.000000,1,1,0,0,1,403.0,0
303588,ownerrez,2026-09-24T00:00:00.000000,1,0,0,0,1,354.0,1
303588,ownerrez,2026-09-25T00:00:00.000000,1,1,0,0,1,765.0,0
303588,ownerrez,2026-09-26T00:00:00.000000,1,1,0,0,1,1056.0,0
303588,ownerrez,2026-09-27T00:00:00.000000,1,1,0,0,1,380.0,0
303588,ownerrez,2026-09-28T00:00:00.000000,1,1,0,0,1,229.0,0
303588,ownerrez,2026-09-29T00:00:00.000000,1,1,0,0,1,303.0,0
303588,ownerrez,2026-09-30T00:00:00.000000,1,1,0,0,1,303.0,0
303588,ownerrez,2026-10-01T00:00:00.000000,1,1,0,0,1,218.0,0
303588,ownerrez,2026-10-02T00:00:00.000000,1,1,0,0,1,841.0,0
303588,ownerrez,2026-10-03T00:00:00.000000,1,1,0,0,1,841.0,0
303588,ownerrez,2026-10-04T00:00:00.000000,1,1,0,0,1,502.0,0
303588,ownerrez,2026-10-05T00:00:00.000000,1,1,0,0,1,333.0,0
303588,ownerrez,2026-10-06T00:00:00.000000,1,1,0,0,1,333.0,0
303588,ownerrez,2026-10-07T00:00:00.000000,1,1,0,0,1,333.0,0
303588,ownerrez,2026-10-08T00:00:00.000000,1,0,0,0,1,636.0,1
303588,ownerrez,2026-10-09T00:00:00.000000,1,0,0,0,1,1342.0,1
303588,ownerrez,2026-10-10T00:00:00.000000,1,0,0,0,1,1342.0,1
303588,ownerrez,2026-10-11T00:00:00.000000,1,1,0,0,1,490.0,0
303588,ownerrez,2026-10-12T00:00:00.000000,1,1,0,0,1,343.0,0
303588,ownerrez,2026-10-13T00:00:00.000000,1,1,0,0,1,303.0,0
303588,ownerrez,2026-10-14T00:00:00.000000,1,0,0,0,1,502.0,1
303588,ownerrez,2026-10-15T00:00:00.000000,1,0,0,0,1,557.0,1
303588,ownerrez,2026-10-16T00:00:00.000000,1,1,0,0,1,949.0,0
303588,ownerrez,2026-10-17T00:00:00.000000,1,1,0,0,1,949.0,0
303588,ownerrez,2026-10-18T00:00:00.000000,1,0,0,0,1,557.0,1
303588,ownerrez,2026-10-19T00:00:00.000000,1,0,0,0,1,494.0,1
303588,ownerrez,2026-10-20T00:00:00.000000,1,0,0,0,1,494.0,1
303588,ownerrez,2026-10-21T00:00:00.000000,1,0,0,0,1,494.0,1
303588,ownerrez,2026-10-22T00:00:00.000000,1,0,0,0,1,590.0,1
303588,ownerrez,2026-10-23T00:00:00.000000,1,0,0,0,1,1159.0,1
303588,ownerrez,2026-10-24T00:00:00.000000,1,0,0,0,1,1290.0,1
303588,ownerrez,2026-10-25T00:00:00.000000,1,0,0,0,1,870.0,1
303588,ownerrez,2026-10-26T00:00:00.000000,1,0,0,0,1,494.0,1
303588,ownerrez,2026-10-27T00:00:00.000000,1,0,0,0,1,494.0,1
303588,ownerrez,2026-10-28T00:00:00.000000,1,0,0,0,1,494.0,1
303588,ownerrez,2026-10-29T00:00:00.000000,1,0,0,0,1,481.0,1
303588,ownerrez,2026-10-30T00:00:00.000000,1,0,0,0,1,1045.0,1
303588,ownerrez,2026-10-31T00:00:00.000000,1,0,0,0,1,1045.0,1
303588,ownerrez,2026-11-01T00:00:00.000000,1,1,0,0,1,494.0,0
303588,ownerrez,2026-11-02T00:00:00.000000,1,1,0,0,1,328.0,0
303588,ownerrez,2026-11-03T00:00:00.000000,1,1,0,0,1,311.0,0
303588,ownerrez,2026-11-04T00:00:00.000000,1,1,0,0,1,311.0,0
303588,ownerrez,2026-11-05T00:00:00.000000,1,1,0,0,1,342.0,0
303588,ownerrez,2026-11-06T00:00:00.000000,1,1,0,0,1,1199.0,0
303588,ownerrez,2026-11-07T00:00:00.000000,1,1,0,0,1,1199.0,0
303588,ownerrez,2026-11-08T00:00:00.000000,1,0,0,0,1,699.0,1
303588,ownerrez,2026-11-09T00:00:00.000000,1,0,0,0,1,328.0,1
303588,ownerrez,2026-11-10T00:00:00.000000,1,0,0,0,1,328.0,1
303588,ownerrez,2026-11-11T00:00:00.000000,1,0,0,0,1,328.0,1
303588,ownerrez,2026-11-12T00:00:00.000000,1,1,0,0,1,313.0,0
303588,ownerrez,2026-11-13T00:00:00.000000,1,1,0,0,1,799.0,0
303588,ownerrez,2026-11-14T00:00:00.000000,1,1,0,0,1,799.0,0
303588,ownerrez,2026-11-15T00:00:00.000000,1,1,0,0,1,313.0,0
303588,ownerrez,2026-11-16T00:00:00.000000,1,0,0,0,1,428.0,1
303588,ownerrez,2026-11-17T00:00:00.000000,1,1,0,0,1,215.0,0
303588,ownerrez,2026-11-18T00:00:00.000000,1,1,0,0,1,215.0,0
303588,ownerrez,2026-11-19T00:00:00.000000,1,0,0,0,1,479.0,1
303588,ownerrez,2026-11-20T00:00:00.000000,1,1,0,0,1,1049.0,0
303588,ownerrez,2026-11-21T00:00:00.000000,1,1,0,0,1,1049.0,0
303588,ownerrez,2026-11-22T00:00:00.000000,1,1,0,0,1,499.0,0
303588,ownerrez,2026-11-23T00:00:00.000000,1,1,0,0,1,446.0,0
303588,ownerrez,2026-11-24T00:00:00.000000,1,0,0,0,1,471.0,1
303588,ownerrez,2026-11-25T00:00:00.000000,1,0,0,0,1,543.0,1
303588,ownerrez,2026-11-26T00:00:00.000000,1,0,0,0,1,670.0,1
303588,ownerrez,2026-11-27T00:00:00.000000,1,0,0,0,1,1045.0,1
303588,ownerrez,2026-11-28T00:00:00.000000,1,0,0,0,1,1045.0,1
303588,ownerrez,2026-11-29T00:00:00.000000,1,1,0,0,1,436.0,0
303588,ownerrez,2026-11-30T00:00:00.000000,1,1,0,0,1,321.0,0
303588,ownerrez,2026-12-01T00:00:00.000000,1,0,0,0,1,390.0,1
303588,ownerrez,2026-12-02T00:00:00.000000,1,0,0,0,1,390.0,1
303588,ownerrez,2026-12-03T00:00:00.000000,1,0,0,0,1,227.0,1
303588,ownerrez,2026-12-04T00:00:00.000000,1,1,0,0,1,424.0,0
303588,ownerrez,2026-12-05T00:00:00.000000,1,1,0,0,1,424.0,0
303588,ownerrez,2026-12-06T00:00:00.000000,1,0,0,0,1,227.0,1
303588,ownerrez,2026-12-07T00:00:00.000000,1,1,0,0,1,196.0,0
303588,ownerrez,2026-12-08T00:00:00.000000,1,1,0,0,1,196.0,0
303588,ownerrez,2026-12-09T00:00:00.000000,1,1,0,0,1,196.0,0
303588,ownerrez,2026-12-10T00:00:00.000000,1,1,0,0,1,311.0,0
303588,ownerrez,2026-12-11T00:00:00.000000,1,1,0,0,1,637.0,0
303588,ownerrez,2026-12-12T00:00:00.000000,1,0,0,0,1,765.0,1
303588,ownerrez,2026-12-13T00:00:00.000000,1,0,0,0,1,460.0,1
303588,ownerrez,2026-12-14T00:00:00.000000,1,0,0,0,1,306.0,1
303588,ownerrez,2026-12-15T00:00:00.000000,1,0,0,0,1,306.0,1
303588,ownerrez,2026-12-16T00:00:00.000000,1,0,0,0,1,306.0,1
303588,ownerrez,2026-12-17T00:00:00.000000,1,0,0,0,1,381.0,1
303588,ownerrez,2026-12-18T00:00:00.000000,1,1,0,0,1,526.0,0
303588,ownerrez,2026-12-19T00:00:00.000000,1,1,0,0,1,526.0,0
303588,ownerrez,2026-12-20T00:00:00.000000,1,0,0,0,1,609.0,1
303588,ownerrez,2026-12-21T00:00:00.000000,1,0,0,0,1,355.0,1
303588,ownerrez,2026-12-22T00:00:00.000000,1,0,0,0,1,355.0,1
303588,ownerrez,2026-12-23T00:00:00.000000,1,0,0,0,1,393.0,1
303588,ownerrez,2026-12-24T00:00:00.000000,1,0,0,0,1,929.0,1
303588,ownerrez,2026-12-25T00:00:00.000000,1,0,0,0,1,929.0,1
303588,ownerrez,2026-12-26T00:00:00.000000,1,0,0,0,1,929.0,1
303588,ownerrez,2026-12-27T00:00:00.000000,1,1,0,0,1,492.0,0
303588,ownerrez,2026-12-28T00:00:00.000000,1,1,0,0,1,317.0,0
303588,ownerrez,2026-12-29T00:00:00.000000,1,1,0,0,1,317.0,0
303588,ownerrez,2026-12-30T00:00:00.000000,1,0,0,0,1,764.0,1
303588,ownerrez,2026-12-31T00:00:00.000000,1,0,0,0,1,1209.0,1
303588,ownerrez,2027-01-01T00:00:00.000000,1,0,0,0,1,799.0,1
303588,ownerrez,2027-01-02T00:00:00.000000,1,0,0,0,1,799.0,1
303588,ownerrez,2027-01-03T00:00:00.000000,1,0,0,0,1,410.0,1
303588,ownerrez,2027-01-04T00:00:00.000000,1,0,0,0,1,311.0,1
303588,ownerrez,2027-01-05T00:00:00.000000,1,0,0,0,1,311.0,1
303588,ownerrez,2027-01-06T00:00:00.000000,1,0,0,0,1,311.0,1
303588,ownerrez,2027-01-07T00:00:00.000000,1,0,0,0,1,420.0,1
303588,ownerrez,2027-01-08T00:00:00.000000,1,0,0,0,1,612.0,1
303588,ownerrez,2027-01-09T00:00:00.000000,1,0,0,0,1,612.0,1
303588,ownerrez,2027-01-10T00:00:00.000000,1,0,0,0,1,420.0,1
303588,ownerrez,2027-01-11T00:00:00.000000,1,0,0,0,1,311.0,1
303588,ownerrez,2027-01-12T00:00:00.000000,1,0,0,0,1,311.0,1
303588,ownerrez,2027-01-13T00:00:00.000000,1,0,0,0,1,311.0,1
303588,ownerrez,2027-01-14T00:00:00.000000,1,0,0,0,1,420.0,1
303588,ownerrez,2027-01-15T00:00:00.000000,1,0,0,0,1,842.0,1
303588,ownerrez,2027-01-16T00:00:00.000000,1,0,0,0,1,842.0,1
303588,ownerrez,2027-01-17T00:00:00.000000,1,0,0,0,1,590.0,1
303588,ownerrez,2027-01-18T00:00:00.000000,1,0,0,0,1,364.0,1
303588,ownerrez,2027-01-19T00:00:00.000000,1,0,0,0,1,311.0,1
303588,ownerrez,2027-01-20T00:00:00.000000,1,0,0,0,1,311.0,1
303588,ownerrez,2027-01-21T00:00:00.000000,1,0,0,0,1,420.0,1
303588,ownerrez,2027-01-22T00:00:00.000000,1,0,0,0,1,612.0,1
303588,ownerrez,2027-01-23T00:00:00.000000,1,0,0,0,1,612.0,1
303588,ownerrez,2027-01-24T00:00:00.000000,1,0,0,0,1,420.0,1
303588,ownerrez,2027-01-25T00:00:00.000000,1,0,0,0,1,311.0,1
303588,ownerrez,2027-01-26T00:00:00.000000,1,0,0,0,1,311.0,1
303588,ownerrez,2027-01-27T00:00:00.000000,1,0,0,0,1,311.0,1
303588,ownerrez,2027-01-28T00:00:00.000000,1,0,0,0,1,420.0,1
303588,ownerrez,2027-01-29T00:00:00.000000,1,0,0,0,1,612.0,1
303588,ownerrez,2027-01-30T00:00:00.000000,1,0,0,0,1,612.0,1
303588,ownerrez,2027-01-31T00:00:00.000000,1,0,0,0,1,420.0,1
303588,ownerrez,2027-02-01T00:00:00.000000,1,0,0,0,1,311.0,1
303588,ownerrez,2027-02-02T00:00:00.000000,1,0,0,0,1,311.0,1
303588,ownerrez,2027-02-03T00:00:00.000000,1,0,0,0,1,311.0,1
303588,ownerrez,2027-02-04T00:00:00.000000,1,0,0,0,1,459.0,1
303588,ownerrez,2027-02-05T00:00:00.000000,1,0,0,0,1,656.0,1
303588,ownerrez,2027-02-06T00:00:00.000000,1,0,0,0,1,656.0,1
303588,ownerrez,2027-02-07T00:00:00.000000,1,0,0,0,1,459.0,1
303588,ownerrez,2027-02-08T00:00:00.000000,1,0,0,0,1,374.0,1
303588,ownerrez,2027-02-09T00:00:00.000000,1,0,0,0,1,374.0,1
303588,ownerrez,2027-02-10T00:00:00.000000,1,0,0,0,1,374.0,1
303588,ownerrez,2027-02-11T00:00:00.000000,1,0,0,0,1,642.0,1
303588,ownerrez,2027-02-12T00:00:00.000000,1,0,0,0,1,1289.0,1
303588,ownerrez,2027-02-13T00:00:00.000000,1,0,0,0,1,1289.0,1
303588,ownerrez,2027-02-14T00:00:00.000000,1,0,0,0,1,1078.0,1
303588,ownerrez,2027-02-15T00:00:00.000000,1,0,0,0,1,687.0,1
303588,ownerrez,2027-02-16T00:00:00.000000,1,0,0,0,1,490.0,1
303588,ownerrez,2027-02-17T00:00:00.000000,1,0,0,0,1,490.0,1
303588,ownerrez,2027-02-18T00:00:00.000000,1,0,0,0,1,656.0,1
303588,ownerrez,2027-02-19T00:00:00.000000,1,0,0,0,1,982.0,1
303588,ownerrez,2027-02-20T00:00:00.000000,1,0,0,0,1,982.0,1
303588,ownerrez,2027-02-21T00:00:00.000000,1,0,0,0,1,656.0,1
303588,ownerrez,2027-02-22T00:00:00.000000,1,0,0,0,1,287.0,1
303588,ownerrez,2027-02-23T00:00:00.000000,1,0,0,0,1,287.0,1
303588,ownerrez,2027-02-24T00:00:00.000000,1,0,0,0,1,287.0,1
303588,ownerrez,2027-02-25T00:00:00.000000,1,0,0,0,1,459.0,1
303588,ownerrez,2027-02-26T00:00:00.000000,1,0,0,0,1,732.0,1
303588,ownerrez,2027-02-27T00:00:00.000000,1,0,0,0,1,732.0,1
303588,ownerrez,2027-02-28T00:00:00.000000,1,0,0,0,1,459.0,1
303588,ownerrez,2027-03-01T00:00:00.000000,1,0,0,0,1,456.0,1
303588,ownerrez,2027-03-02T00:00:00.000000,1,0,0,0,1,456.0,1
303588,ownerrez,2027-03-03T00:00:00.000000,1,0,0,0,1,456.0,1
303588,ownerrez,2027-03-04T00:00:00.000000,1,0,0,0,1,497.0,1
303588,ownerrez,2027-03-05T00:00:00.000000,1,0,0,0,1,732.0,1
303588,ownerrez,2027-03-06T00:00:00.000000,1,0,0,0,1,771.0,1
303588,ownerrez,2027-03-07T00:00:00.000000,1,0,0,0,1,497.0,1
303588,ownerrez,2027-03-08T00:00:00.000000,1,0,0,0,1,456.0,1
303588,ownerrez,2027-03-09T00:00:00.000000,1,1,0,0,1,433.0,0
303588,ownerrez,2027-03-10T00:00:00.000000,1,1,0,0,1,433.0,0
303588,ownerrez,2027-03-11T00:00:00.000000,1,0,0,0,1,764.0,1
303588,ownerrez,2027-03-12T00:00:00.000000,1,0,0,0,1,1129.0,1
303588,ownerrez,2027-03-13T00:00:00.000000,1,0,0,0,1,1129.0,1
303588,ownerrez,2027-03-14T00:00:00.000000,1,0,0,0,1,764.0,1
303588,ownerrez,2027-03-15T00:00:00.000000,1,0,0,0,1,549.0,1
303588,ownerrez,2027-03-16T00:00:00.000000,1,0,0,0,1,549.0,1
303588,ownerrez,2027-03-17T00:00:00.000000,1,0,0,0,1,549.0,1
303588,ownerrez,2027-03-18T00:00:00.000000,1,0,0,0,1,764.0,1
303588,ownerrez,2027-03-19T00:00:00.000000,1,0,0,0,1,1129.0,1
303588,ownerrez,2027-03-20T00:00:00.000000,1,0,0,0,1,1129.0,1
303588,ownerrez,2027-03-21T00:00:00.000000,1,0,0,0,1,764.0,1
303588,ownerrez,2027-03-22T00:00:00.000000,1,0,0,0,1,456.0,1
303588,ownerrez,2027-03-23T00:00:00.000000,1,0,0,0,1,456.0,1
303588,ownerrez,2027-03-24T00:00:00.000000,1,0,0,0,1,456.0,1
303588,ownerrez,2027-03-25T00:00:00.000000,1,0,0,0,1,497.0,1
303588,ownerrez,2027-03-26T00:00:00.000000,1,0,0,0,1,700.0,1
303588,ownerrez,2027-03-27T00:00:00.000000,1,0,0,0,1,700.0,1
303588,ownerrez,2027-03-28T00:00:00.000000,1,0,0,0,1,497.0,1
303588,ownerrez,2027-03-29T00:00:00.000000,1,0,0,0,1,456.0,1
303588,ownerrez,2027-03-30T00:00:00.000000,1,0,0,0,1,456.0,1
303588,ownerrez,2027-03-31T00:00:00.000000,1,0,0,0,1,456.0,1
303588,ownerrez,2027-04-01T00:00:00.000000,1,0,0,0,1,612.0,1
303588,ownerrez,2027-04-02T00:00:00.000000,1,0,0,0,1,912.0,1
303588,ownerrez,2027-04-03T00:00:00.000000,1,0,0,0,1,1009.0,1
303588,ownerrez,2027-04-04T00:00:00.000000,1,0,0,0,1,612.0,1
303588,ownerrez,2027-04-05T00:00:00.000000,1,0,0,0,1,449.0,1
303588,ownerrez,2027-04-06T00:00:00.000000,1,0,0,0,1,449.0,1
303588,ownerrez,2027-04-07T00:00:00.000000,1,0,0,0,1,449.0,1
303588,ownerrez,2027-04-08T00:00:00.000000,1,0,0,0,1,612.0,1
303588,ownerrez,2027-04-09T00:00:00.000000,1,0,0,0,1,912.0,1
303588,ownerrez,2027-04-10T00:00:00.000000,1,0,0,0,1,912.0,1
303588,ownerrez,2027-04-11T00:00:00.000000,1,0,0,0,1,612.0,1
303588,ownerrez,2027-04-12T00:00:00.000000,1,0,0,0,1,449.0,1
303588,ownerrez,2027-04-13T00:00:00.000000,1,0,0,0,1,449.0,1
303588,ownerrez,2027-04-14T00:00:00.000000,1,0,0,0,1,449.0,1
303588,ownerrez,2027-04-15T00:00:00.000000,1,0,0,0,1,612.0,1
303588,ownerrez,2027-04-16T00:00:00.000000,1,0,0,0,1,912.0,1
303588,ownerrez,2027-04-17T00:00:00.000000,1,0,0,0,1,912.0,1
303588,ownerrez,2027-04-18T00:00:00.000000,1,0,0,0,1,612.0,1
303588,ownerrez,2027-04-19T00:00:00.000000,1,0,0,0,1,449.0,1
303588,ownerrez,2027-04-20T00:00:00.000000,1,0,0,0,1,449.0,1
303588,ownerrez,2027-04-21T00:00:00.000000,1,0,0,0,1,449.0,1
303588,ownerrez,2027-04-22T00:00:00.000000,1,0,0,0,1,612.0,1
303588,ownerrez,2027-04-23T00:00:00.000000,1,0,0,0,1,912.0,1
303588,ownerrez,2027-04-24T00:00:00.000000,1,0,0,0,1,912.0,1
303588,ownerrez,2027-04-25T00:00:00.000000,1,0,0,0,1,612.0,1
303588,ownerrez,2027-04-26T00:00:00.000000,1,0,0,0,1,449.0,1
303588,ownerrez,2027-04-27T00:00:00.000000,1,0,0,0,1,449.0,1
303588,ownerrez,2027-04-28T00:00:00.000000,1,0,0,0,1,449.0,1
303588,ownerrez,2027-04-29T00:00:00.000000,1,0,0,0,1,612.0,1
303588,ownerrez,2027-04-30T00:00:00.000000,1,0,0,0,1,912.0,1
303588,ownerrez,2027-05-01T00:00:00.000000,1,0,0,0,1,1009.0,1
303588,ownerrez,2027-05-02T00:00:00.000000,1,0,0,0,1,612.0,1
303588,ownerrez,2027-05-03T00:00:00.000000,1,0,0,0,1,451.0,1
303588,ownerrez,2027-05-04T00:00:00.000000,1,0,0,0,1,451.0,1
303588,ownerrez,2027-05-05T00:00:00.000000,1,0,0,0,1,451.0,1
303588,ownerrez,2027-05-06T00:00:00.000000,1,0,0,0,1,612.0,1
303588,ownerrez,2027-05-07T00:00:00.000000,1,0,0,0,1,912.0,1
303588,ownerrez,2027-05-08T00:00:00.000000,1,0,0,0,1,912.0,1
303588,ownerrez,2027-05-09T00:00:00.000000,1,0,0,0,1,612.0,1
303588,ownerrez,2027-05-10T00:00:00.000000,1,0,0,0,1,451.0,1
303588,ownerrez,2027-05-11T00:00:00.000000,1,0,0,0,1,451.0,1
303588,ownerrez,2027-05-12T00:00:00.000000,1,0,0,0,1,451.0,1
303588,ownerrez,2027-05-13T00:00:00.000000,1,0,0,0,1,612.0,1
303588,ownerrez,2027-05-14T00:00:00.000000,1,0,0,0,1,912.0,1
303588,ownerrez,2027-05-15T00:00:00.000000,1,0,0,0,1,912.0,1
303588,ownerrez,2027-05-16T00:00:00.000000,1,0,0,0,1,612.0,1
303588,ownerrez,2027-05-17T00:00:00.000000,1,0,0,0,1,451.0,1
303588,ownerrez,2027-05-18T00:00:00.000000,1,0,0,0,1,451.0,1
303588,ownerrez,2027-05-19T00:00:00.000000,1,0,0,0,1,451.0,1
303588,ownerrez,2027-05-20T00:00:00.000000,1,0,0,0,1,612.0,1
303588,ownerrez,2027-05-21T00:00:00.000000,1,0,0,0,1,912.0,1
303588,ownerrez,2027-05-22T00:00:00.000000,1,0,0,0,1,912.0,1
303588,ownerrez,2027-05-23T00:00:00.000000,1,0,0,0,1,612.0,1
303588,ownerrez,2027-05-24T00:00:00.000000,1,0,0,0,1,451.0,1
303588,ownerrez,2027-05-25T00:00:00.000000,1,0,0,0,1,451.0,1
303588,ownerrez,2027-05-26T00:00:00.000000,1,0,0,0,1,451.0,1
303588,ownerrez,2027-05-27T00:00:00.000000,1,0,0,0,1,612.0,1
303588,ownerrez,2027-05-28T00:00:00.000000,1,0,0,0,1,1198.0,1
303588,ownerrez,2027-05-29T00:00:00.000000,1,0,0,0,1,1142.0,1
303588,ownerrez,2027-05-30T00:00:00.000000,1,0,0,0,1,673.0,1
303588,ownerrez,2027-05-31T00:00:00.000000,1,0,0,0,1,525.0,1
303588,ownerrez,2027-06-01T00:00:00.000000,1,0,0,0,1,451.0,1
303588,ownerrez,2027-06-02T00:00:00.000000,1,0,0,0,1,451.0,1
303588,ownerrez,2027-06-03T00:00:00.000000,1,0,0,0,1,744.0,1
303588,ownerrez,2027-06-04T00:00:00.000000,1,0,0,0,1,1142.0,1
303588,ownerrez,2027-06-05T00:00:00.000000,1,0,0,0,1,1264.0,1
303588,ownerrez,2027-06-06T00:00:00.000000,1,0,0,0,1,750.0,1
303588,ownerrez,2027-06-07T00:00:00.000000,1,0,0,0,1,483.0,1
303588,ownerrez,2027-06-08T00:00:00.000000,1,0,0,0,1,483.0,1
303588,ownerrez,2027-06-09T00:00:00.000000,1,0,0,0,1,487.0,1
303588,ownerrez,2027-06-10T00:00:00.000000,1,0,0,0,1,764.0,1
303588,ownerrez,2027-06-11T00:00:00.000000,1,0,0,0,1,1165.0,1
303588,ownerrez,2027-06-12T00:00:00.000000,1,0,0,0,1,1169.0,1
303588,ownerrez,2027-06-13T00:00:00.000000,1,0,0,0,1,771.0,1
303588,ownerrez,2027-06-14T00:00:00.000000,1,0,0,0,1,497.0,1
303588,ownerrez,2027-06-15T00:00:00.000000,1,0,0,0,1,527.0,1
303588,ownerrez,2027-06-16T00:00:00.000000,1,0,0,0,1,530.0,1
303588,ownerrez,2027-06-17T00:00:00.000000,1,0,0,0,1,784.0,1
303588,ownerrez,2027-06-18T00:00:00.000000,1,0,0,0,1,1193.0,1
303588,ownerrez,2027-06-19T00:00:00.000000,1,0,0,0,1,1198.0,1
303588,ownerrez,2027-06-20T00:00:00.000000,1,0,0,0,1,791.0,1
303588,ownerrez,2027-06-21T00:00:00.000000,1,0,0,0,1,513.0,1
303588,ownerrez,2027-06-22T00:00:00.000000,1,0,0,0,1,547.0,1
303588,ownerrez,2027-06-23T00:00:00.000000,1,0,0,0,1,517.0,1
303588,ownerrez,2027-06-24T00:00:00.000000,1,0,0,0,1,804.0,1
303588,ownerrez,2027-06-25T00:00:00.000000,1,0,0,0,1,1230.0,1
303588,ownerrez,2027-06-26T00:00:00.000000,1,0,0,0,1,1296.0,1
303588,ownerrez,2027-06-27T00:00:00.000000,1,0,0,0,1,863.0,1
303588,ownerrez,2027-06-28T00:00:00.000000,1,0,0,0,1,562.0,1
303588,ownerrez,2027-06-29T00:00:00.000000,1,0,0,0,1,564.0,1
303588,ownerrez,2027-06-30T00:00:00.000000,1,0,0,0,1,568.0,1
303588,ownerrez,2027-07-01T00:00:00.000000,1,0,0,0,1,966.0,1
303588,ownerrez,2027-07-02T00:00:00.000000,1,0,0,0,1,1530.0,1
303588,ownerrez,2027-07-03T00:00:00.000000,1,0,0,0,1,1536.0,1
303588,ownerrez,2027-07-04T00:00:00.000000,1,0,0,0,1,977.0,1
303588,ownerrez,2027-07-05T00:00:00.000000,1,0,0,0,1,609.0,1
303588,ownerrez,2027-07-06T00:00:00.000000,1,0,0,0,1,612.0,1
303588,ownerrez,2027-07-07T00:00:00.000000,1,0,0,0,1,614.0,1
303588,ownerrez,2027-07-08T00:00:00.000000,1,0,0,0,1,943.0,1
303588,ownerrez,2027-07-09T00:00:00.000000,1,0,0,0,1,1421.0,1
303588,ownerrez,2027-07-10T00:00:00.000000,1,0,0,0,1,1426.0,1
303588,ownerrez,2027-07-11T00:00:00.000000,1,0,0,0,1,954.0,1
303588,ownerrez,2027-07-12T00:00:00.000000,1,0,0,0,1,625.0,1
303588,ownerrez,2027-07-13T00:00:00.000000,1,0,0,0,1,628.0,1
303588,ownerrez,2027-07-14T00:00:00.000000,1,0,0,0,1,662.0,1
303588,ownerrez,2027-07-15T00:00:00.000000,1,0,0,0,1,963.0,1
303588,ownerrez,2027-07-16T00:00:00.000000,1,0,0,0,1,1444.0,1
303588,ownerrez,2027-07-17T00:00:00.000000,1,0,0,0,1,1444.0,1
303588,ownerrez,2027-07-18T00:00:00.000000,1,0,0,0,1,963.0,1
303588,ownerrez,2027-07-19T00:00:00.000000,1,0,0,0,1,631.0,1
303588,ownerrez,2027-07-20T00:00:00.000000,1,0,0,0,1,631.0,1
303588,ownerrez,2027-07-21T00:00:00.000000,1,0,0,0,1,631.0,1
303588,ownerrez,2027-07-22T00:00:00.000000,1,0,0,0,1,963.0,1
303588,ownerrez,2027-07-23T00:00:00.000000,1,0,0,0,1,1444.0,1
303588,ownerrez,2027-07-24T00:00:00.000000,1,0,0,0,1,1444.0,1
303588,ownerrez,2027-07-25T00:00:00.000000,1,0,0,0,1,963.0,1
303588,ownerrez,2027-07-26T00:00:00.000000,1,0,0,0,1,631.0,1
303588,ownerrez,2027-07-27T00:00:00.000000,1,0,0,0,1,631.0,1
303588,ownerrez,2027-07-28T00:00:00.000000,1,0,0,0,1,631.0,1
303588,ownerrez,2027-07-29T00:00:00.000000,1,0,0,0,1,963.0,1
303588,ownerrez,2027-07-30T00:00:00.000000,1,0,0,0,1,1444.0,1
303588,ownerrez,2027-07-31T00:00:00.000000,1,0,0,0,1,1444.0,1
303588,ownerrez,2027-08-01T00:00:00.000000,1,0,0,0,1,963.0,1
303588,ownerrez,2027-08-02T00:00:00.000000,1,0,0,0,1,573.0,1
303588,ownerrez,2027-08-03T00:00:00.000000,1,0,0,0,1,573.0,1
303588,ownerrez,2027-08-04T00:00:00.000000,1,0,0,0,1,573.0,1
303588,ownerrez,2027-08-05T00:00:00.000000,1,0,0,0,1,874.0,1
303588,ownerrez,2027-08-06T00:00:00.000000,1,0,0,0,1,1310.0,1
303588,ownerrez,2027-08-07T00:00:00.000000,1,0,0,0,1,1441.0,1
303588,ownerrez,2027-08-08T00:00:00.000000,1,0,0,0,1,874.0,1
303588,ownerrez,2027-08-09T00:00:00.000000,1,0,0,0,1,520.0,1
303588,ownerrez,2027-08-10T00:00:00.000000,1,0,0,0,1,520.0,1
303588,ownerrez,2027-08-11T00:00:00.000000,1,0,0,0,1,520.0,1
303588,ownerrez,2027-08-12T00:00:00.000000,1,0,0,0,1,794.0,1
303588,ownerrez,2027-08-13T00:00:00.000000,1,0,0,0,1,1189.0,1
303588,ownerrez,2027-08-14T00:00:00.000000,1,0,0,0,1,1189.0,1
303588,ownerrez,2027-08-15T00:00:00.000000,1,0,0,0,1,794.0,1
303588,ownerrez,2027-08-16T00:00:00.000000,1,0,0,0,1,520.0,1
303588,ownerrez,2027-08-17T00:00:00.000000,1,0,0,0,1,520.0,1
303588,ownerrez,2027-08-18T00:00:00.000000,1,0,0,0,1,520.0,1
303588,ownerrez,2027-08-19T00:00:00.000000,1,0,0,0,1,794.0,1
303588,ownerrez,2027-08-20T00:00:00.000000,1,0,0,0,1,1189.0,1
303588,ownerrez,2027-08-21T00:00:00.000000,1,0,0,0,1,1189.0,1
303588,ownerrez,2027-08-22T00:00:00.000000,1,0,0,0,1,794.0,1
303588,ownerrez,2027-08-23T00:00:00.000000,1,0,0,0,1,520.0,1
303588,ownerrez,2027-08-24T00:00:00.000000,1,0,0,0,1,520.0,1
303588,ownerrez,2027-08-25T00:00:00.000000,1,0,0,0,1,520.0,1
303588,ownerrez,2027-08-26T00:00:00.000000,1,0,0,0,1,833.0,1
303588,ownerrez,2027-08-27T00:00:00.000000,1,0,0,0,1,1248.0,1
303588,ownerrez,2027-08-28T00:00:00.000000,1,0,0,0,1,1248.0,1
303588,ownerrez,2027-08-29T00:00:00.000000,1,0,0,0,1,833.0,1
303588,ownerrez,2027-08-30T00:00:00.000000,1,0,0,0,1,406.0,1
303588,ownerrez,2027-08-31T00:00:00.000000,1,0,0,0,1,406.0,1
303588,ownerrez,2027-09-01T00:00:00.000000,1,0,0,0,1,406.0,1
303588,ownerrez,2027-09-02T00:00:00.000000,1,0,0,0,1,622.0,1
303588,ownerrez,2027-09-03T00:00:00.000000,1,0,0,0,1,1392.0,1
303588,ownerrez,2027-09-04T00:00:00.000000,1,0,0,0,1,1392.0,1
303588,ownerrez,2027-09-05T00:00:00.000000,1,0,0,0,1,746.0,1
303588,ownerrez,2027-09-06T00:00:00.000000,1,0,0,0,1,507.0,1
303588,ownerrez,2027-09-07T00:00:00.000000,1,0,0,0,1,406.0,1
303588,ownerrez,2027-09-08T00:00:00.000000,1,0,0,0,1,406.0,1
303588,ownerrez,2027-09-09T00:00:00.000000,1,0,0,0,1,622.0,1
303588,ownerrez,2027-09-10T00:00:00.000000,1,0,0,0,1,928.0,1
303588,ownerrez,2027-09-11T00:00:00.000000,1,0,0,0,1,928.0,1
303588,ownerrez,2027-09-12T00:00:00.000000,1,0,0,0,1,622.0,1
303588,ownerrez,2027-09-13T00:00:00.000000,1,0,0,0,1,406.0,1
303588,ownerrez,2027-09-14T00:00:00.000000,1,0,0,0,1,406.0,1
303588,ownerrez,2027-09-15T00:00:00.000000,1,0,0,0,1,406.0,1
303588,ownerrez,2027-09-16T00:00:00.000000,1,0,0,0,1,622.0,1
303588,ownerrez,2027-09-17T00:00:00.000000,1,0,0,0,1,928.0,1
303588,ownerrez,2027-09-18T00:00:00.000000,1,0,0,0,1,928.0,1
303588,ownerrez,2027-09-19T00:00:00.000000,1,0,0,0,1,593.0,1
303588,ownerrez,2027-09-20T00:00:00.000000,1,0,0,0,1,387.0,1
303588,ownerrez,2027-09-21T00:00:00.000000,1,0,0,0,1,387.0,1
303588,ownerrez,2027-09-22T00:00:00.000000,1,0,0,0,1,387.0,1
303588,ownerrez,2027-09-23T00:00:00.000000,1,0,0,0,1,593.0,1
303588,ownerrez,2027-09-24T00:00:00.000000,1,0,0,0,1,884.0,1
303588,ownerrez,2027-09-25T00:00:00.000000,1,0,0,0,1,884.0,1
303588,ownerrez,2027-09-26T00:00:00.000000,1,0,0,0,1,593.0,1
303588,ownerrez,2027-09-27T00:00:00.000000,1,0,0,0,1,387.0,1
303588,ownerrez,2027-09-28T00:00:00.000000,1,0,0,0,1,387.0,1
303588,ownerrez,2027-09-29T00:00:00.000000,1,0,0,0,1,387.0,1
303588,ownerrez,2027-09-30T00:00:00.000000,1,0,0,0,1,737.0,1
303588,ownerrez,2027-10-01T00:00:00.000000,1,0,0,0,1,1054.0,1
303588,ownerrez,2027-10-02T00:00:00.000000,1,0,0,0,1,1160.0,1
303588,ownerrez,2027-10-03T00:00:00.000000,1,0,0,0,1,737.0,1
303588,ownerrez,2027-10-04T00:00:00.000000,1,0,0,0,1,499.0,1
303588,ownerrez,2027-10-05T00:00:00.000000,1,0,0,0,1,499.0,1
303588,ownerrez,2027-10-06T00:00:00.000000,1,0,0,0,1,499.0,1
303588,ownerrez,2027-10-07T00:00:00.000000,1,0,0,0,1,737.0,1
303588,ownerrez,2027-10-08T00:00:00.000000,1,0,0,0,1,1054.0,1
303588,ownerrez,2027-10-09T00:00:00.000000,1,0,0,0,1,1054.0,1
303588,ownerrez,2027-10-10T00:00:00.000000,1,0,0,0,1,737.0,1
303588,ownerrez,2027-10-11T00:00:00.000000,1,0,0,0,1,499.0,1
303588,ownerrez,2027-10-12T00:00:00.000000,1,0,0,0,1,499.0,1
303588,ownerrez,2027-10-13T00:00:00.000000,1,0,0,0,1,499.0,1
303588,ownerrez,2027-10-14T00:00:00.000000,1,0,0,0,1,737.0,1
303588,ownerrez,2027-10-15T00:00:00.000000,1,0,0,0,1,1054.0,1
303588,ownerrez,2027-10-16T00:00:00.000000,1,0,0,0,1,1054.0,1
303588,ownerrez,2027-10-17T00:00:00.000000,1,0,0,0,1,737.0,1
303588,ownerrez,2027-10-18T00:00:00.000000,1,0,0,0,1,499.0,1
303588,ownerrez,2027-10-19T00:00:00.000000,1,0,0,0,1,499.0,1
303588,ownerrez,2027-10-20T00:00:00.000000,1,0,0,0,1,499.0,1
303588,ownerrez,2027-10-21T00:00:00.000000,1,0,0,0,1,737.0,1
303588,ownerrez,2027-10-22T00:00:00.000000,1,0,0,0,1,1054.0,1
303588,ownerrez,2027-10-23T00:00:00.000000,1,0,0,0,1,1054.0,1
303588,ownerrez,2027-10-24T00:00:00.000000,1,0,0,0,1,737.0,1
303588,ownerrez,2027-10-25T00:00:00.000000,1,0,0,0,1,499.0,1
303588,ownerrez,2027-10-26T00:00:00.000000,1,0,0,0,1,499.0,1
303588,ownerrez,2027-10-27T00:00:00.000000,1,0,0,0,1,499.0,1
303588,ownerrez,2027-10-28T00:00:00.000000,1,0,0,0,1,737.0,1
303588,ownerrez,2027-10-29T00:00:00.000000,1,0,0,0,1,1054.0,1
303588,ownerrez,2027-10-30T00:00:00.000000,1,0,0,0,1,1054.0,1
303588,ownerrez,2027-10-31T00:00:00.000000,1,0,0,0,1,737.0,1
303588,ownerrez,2027-11-01T00:00:00.000000,1,0,0,0,1,520.0,1
303588,ownerrez,2027-11-02T00:00:00.000000,1,0,0,0,1,520.0,1
303588,ownerrez,2027-11-03T00:00:00.000000,1,0,0,0,1,520.0,1
303588,ownerrez,2027-11-04T00:00:00.000000,1,0,0,0,1,794.0,1
303588,ownerrez,2027-11-05T00:00:00.000000,1,0,0,0,1,1189.0,1
303588,ownerrez,2027-11-06T00:00:00.000000,1,0,0,0,1,1308.0,1
303588,ownerrez,2027-11-07T00:00:00.000000,1,0,0,0,1,794.0,1
303588,ownerrez,2027-11-08T00:00:00.000000,1,0,0,0,1,520.0,1
303588,ownerrez,2027-11-09T00:00:00.000000,1,0,0,0,1,520.0,1
303588,ownerrez,2027-11-10T00:00:00.000000,1,0,0,0,1,520.0,1
303588,ownerrez,2027-11-11T00:00:00.000000,1,0,0,0,1,794.0,1
303588,ownerrez,2027-11-12T00:00:00.000000,1,0,0,0,1,1189.0,1
303588,ownerrez,2027-11-13T00:00:00.000000,1,0,0,0,1,1189.0,1
303588,ownerrez,2027-11-14T00:00:00.000000,1,0,0,0,1,794.0,1
303588,ownerrez,2027-11-15T00:00:00.000000,1,0,0,0,1,520.0,1
303588,ownerrez,2027-11-16T00:00:00.000000,1,0,0,0,1,520.0,1
303588,ownerrez,2027-11-17T00:00:00.000000,1,0,0,0,1,520.0,1
303588,ownerrez,2027-11-18T00:00:00.000000,1,0,0,0,1,794.0,1
303588,ownerrez,2027-11-19T00:00:00.000000,1,0,0,0,1,1189.0,1
303588,ownerrez,2027-11-20T00:00:00.000000,1,0,0,0,1,1189.0,1
303588,ownerrez,2027-11-21T00:00:00.000000,1,0,0,0,1,794.0,1
303588,ownerrez,2027-11-22T00:00:00.000000,1,0,0,0,1,520.0,1
303588,ownerrez,2027-11-23T00:00:00.000000,1,0,0,0,1,520.0,1
303588,ownerrez,2027-11-24T00:00:00.000000,1,0,0,0,1,520.0,1
303588,ownerrez,2027-11-25T00:00:00.000000,1,0,0,0,1,1032.0,1
303588,ownerrez,2027-11-26T00:00:00.000000,1,0,0,0,1,1224.0,1
303588,ownerrez,2027-11-27T00:00:00.000000,1,0,0,0,1,1224.0,1
303588,ownerrez,2027-11-28T00:00:00.000000,1,0,0,0,1,794.0,1
303588,ownerrez,2027-11-29T00:00:00.000000,1,0,0,0,1,360.0,1
303588,ownerrez,2027-11-30T00:00:00.000000,1,0,0,0,1,360.0,1
303588,ownerrez,2027-12-01T00:00:00.000000,1,0,0,0,1,360.0,1
303588,ownerrez,2027-12-02T00:00:00.000000,1,0,0,0,1,555.0,1
303588,ownerrez,2027-12-03T00:00:00.000000,1,0,0,0,1,761.0,1
303588,ownerrez,2027-12-04T00:00:00.000000,1,0,0,0,1,837.0,1
303588,ownerrez,2027-12-05T00:00:00.000000,1,0,0,0,1,555.0,1
303588,ownerrez,2027-12-06T00:00:00.000000,1,0,0,0,1,360.0,1
303588,ownerrez,2027-12-07T00:00:00.000000,1,0,0,0,1,360.0,1
303588,ownerrez,2027-12-08T00:00:00.000000,1,0,0,0,1,360.0,1
303588,ownerrez,2027-12-09T00:00:00.000000,1,0,0,0,1,555.0,1
303588,ownerrez,2027-12-10T00:00:00.000000,1,0,0,0,1,761.0,1
303588,ownerrez,2027-12-11T00:00:00.000000,1,0,0,0,1,761.0,1
303588,ownerrez,2027-12-12T00:00:00.000000,1,0,0,0,1,555.0,1
303588,ownerrez,2027-12-13T00:00:00.000000,1,0,0,0,1,360.0,1
303588,ownerrez,2027-12-14T00:00:00.000000,1,0,0,0,1,360.0,1
303588,ownerrez,2027-12-15T00:00:00.000000,1,0,0,0,1,360.0,1
303588,ownerrez,2027-12-16T00:00:00.000000,1,0,0,0,1,555.0,1
303588,ownerrez,2027-12-17T00:00:00.000000,1,0,0,0,1,807.0,1
303588,ownerrez,2027-12-18T00:00:00.000000,1,0,0,0,1,807.0,1
303588,ownerrez,2027-12-19T00:00:00.000000,1,0,0,0,1,588.0,1
303588,ownerrez,2027-12-20T00:00:00.000000,1,0,0,0,1,381.0,1
303588,ownerrez,2027-12-21T00:00:00.000000,1,0,0,0,1,381.0,1
303588,ownerrez,2027-12-22T00:00:00.000000,1,0,0,0,1,381.0,1
303588,ownerrez,2027-12-23T00:00:00.000000,1,0,0,0,1,588.0,1
303588,ownerrez,2027-12-24T00:00:00.000000,1,0,0,0,1,913.0,1
303588,ownerrez,2027-12-25T00:00:00.000000,1,0,0,0,1,913.0,1
303588,ownerrez,2027-12-26T00:00:00.000000,1,0,0,0,1,913.0,1
303588,ownerrez,2027-12-27T00:00:00.000000,1,0,0,0,1,360.0,1
303588,ownerrez,2027-12-28T00:00:00.000000,1,0,0,0,1,360.0,1
303588,ownerrez,2027-12-29T00:00:00.000000,1,0,0,0,1,360.0,1
303588,ownerrez,2027-12-30T00:00:00.000000,1,0,0,0,1,1217.0,1
303588,ownerrez,2027-12-31T00:00:00.000000,1,0,0,0,1,1217.0,1
303588,ownerrez,2028-01-01T00:00:00.000000,1,0,0,0,1,1217.0,1
303588,ownerrez,2028-01-02T00:00:00.000000,1,0,0,0,1,974.0,1
303588,ownerrez,2028-01-03T00:00:00.000000,1,0,0,0,1,369.0,1
303588,ownerrez,2028-01-04T00:00:00.000000,1,0,0,0,1,369.0,1
303588,ownerrez,2028-01-05T00:00:00.000000,1,0,0,0,1,369.0,1
303588,ownerrez,2028-01-06T00:00:00.000000,1,0,0,0,1,573.0,1
303588,ownerrez,2028-01-07T00:00:00.000000,1,0,0,0,1,808.0,1
303588,ownerrez,2028-01-08T00:00:00.000000,1,0,0,0,1,808.0,1
303588,ownerrez,2028-01-09T00:00:00.000000,1,0,0,0,1,573.0,1
