listing_id,date,price,currency,min_stay
68642480da9649000fc63fc5,2026-06-24,1302,USD,1
68642480da9649000fc63fc5,2026-06-25,1916,USD,1
68642480da9649000fc63fc5,2026-06-26,2374,USD,2
68642480da9649000fc63fc5,2026-06-27,2743,USD,2
68642480da9649000fc63fc5,2026-06-29,787,USD,2
68642480da9649000fc63fc5,2026-06-30,787,USD,2
68642480da9649000fc63fc5,2026-07-01,787,USD,2
68642480da9649000fc63fc5,2026-07-06,787,USD,2
68642480da9649000fc63fc5,2026-07-07,787,USD,2
68642480da9649000fc63fc5,2026-07-08,787,USD,2
68642480da9649000fc63fc5,2026-07-09,2050,USD,2
68642480da9649000fc63fc5,2026-07-10,2125,USD,2
68642480da9649000fc63fc5,2026-07-11,2459,USD,2
68642480da9649000fc63fc5,2026-07-13,960,USD,2
68642480da9649000fc63fc5,2026-07-14,960,USD,2
68642480da9649000fc63fc5,2026-07-15,960,USD,2
68642480da9649000fc63fc5,2026-07-16,1546,USD,2
68642480da9649000fc63fc5,2026-07-17,2125,USD,2
68642480da9649000fc63fc5,2026-07-18,2459,USD,2
68642480da9649000fc63fc5,2026-07-20,960,USD,2
68642480da9649000fc63fc5,2026-07-21,960,USD,2
68642480da9649000fc63fc5,2026-07-22,960,USD,2
68642480da9649000fc63fc5,2026-07-23,1153,USD,2
68642480da9649000fc63fc5,2026-07-24,1442,USD,2
68642480da9649000fc63fc5,2026-07-25,1671,USD,2
68642480da9649000fc63fc5,2026-07-26,1153,USD,2
68642480da9649000fc63fc5,2026-07-27,960,USD,2
68642480da9649000fc63fc5,2026-07-28,960,USD,2
68642480da9649000fc63fc5,2026-07-29,960,USD,2
68642480da9649000fc63fc5,2026-07-30,787,USD,2
68642480da9649000fc63fc5,2026-07-31,1050,USD,2
68642480da9649000fc63fc5,2026-08-01,1859,USD,2
68642480da9649000fc63fc5,2026-08-03,816,USD,2
68642480da9649000fc63fc5,2026-08-04,816,USD,2
68642480da9649000fc63fc5,2026-08-05,816,USD,2
68642480da9649000fc63fc5,2026-08-10,816,USD,2
68642480da9649000fc63fc5,2026-08-11,816,USD,2
68642480da9649000fc63fc5,2026-08-12,816,USD,2
68642480da9649000fc63fc5,2026-08-13,1153,USD,2
68642480da9649000fc63fc5,2026-08-14,2010,USD,2
68642480da9649000fc63fc5,2026-08-15,2320,USD,2
68642480da9649000fc63fc5,2026-08-16,1153,USD,2
68642480da9649000fc63fc5,2026-08-17,816,USD,2
68642480da9649000fc63fc5,2026-08-18,816,USD,2
68642480da9649000fc63fc5,2026-08-19,816,USD,2
68642480da9649000fc63fc5,2026-08-20,1220,USD,2
68642480da9649000fc63fc5,2026-08-21,1702,USD,2
68642480da9649000fc63fc5,2026-08-22,1966,USD,2
68642480da9649000fc63fc5,2026-08-23,1220,USD,2
68642480da9649000fc63fc5,2026-08-24,816,USD,2
68642480da9649000fc63fc5,2026-08-25,816,USD,2
68642480da9649000fc63fc5,2026-08-26,816,USD,2
68642480da9649000fc63fc5,2026-08-27,1220,USD,2
68642480da9649000fc63fc5,2026-08-28,1702,USD,2
68642480da9649000fc63fc5,2026-08-29,1966,USD,2
68642480da9649000fc63fc5,2026-08-30,1220,USD,2
68642480da9649000fc63fc5,2026-09-11,2142,USD,2
68642480da9649000fc63fc5,2026-09-12,2480,USD,2
68642480da9649000fc63fc5,2026-09-18,2142,USD,2
68642480da9649000fc63fc5,2026-09-19,2480,USD,2
68642480da9649000fc63fc5,2026-09-25,2142,USD,2
68642480da9649000fc63fc5,2026-09-26,2480,USD,2
68642480da9649000fc63fc5,2026-10-02,2527,USD,2
68642480da9649000fc63fc5,2026-10-03,2919,USD,2
68642480da9649000fc63fc5,2026-10-16,2527,USD,2
68642480da9649000fc63fc5,2026-10-17,2919,USD,2
68642480da9649000fc63fc5,2026-10-23,2527,USD,2
68642480da9649000fc63fc5,2026-10-24,2919,USD,2
68642480da9649000fc63fc5,2026-10-30,2527,USD,2
68642480da9649000fc63fc5,2026-10-31,2919,USD,2
68642480da9649000fc63fc5,2026-11-02,1161,USD,1
68642480da9649000fc63fc5,2026-11-03,1161,USD,1
68642480da9649000fc63fc5,2026-11-04,1161,USD,1
68642480da9649000fc63fc5,2026-11-06,2712,USD,2
68642480da9649000fc63fc5,2026-11-07,3134,USD,2
68642480da9649000fc63fc5,2026-11-13,2712,USD,2
68642480da9649000fc63fc5,2026-11-14,3134,USD,2
68642480da9649000fc63fc5,2026-11-19,1836,USD,2
68642480da9649000fc63fc5,2026-11-20,2712,USD,2
68642480da9649000fc63fc5,2026-11-21,3134,USD,2
68642480da9649000fc63fc5,2026-11-22,1836,USD,2
68642480da9649000fc63fc5,2026-11-23,1248,USD,2
68642480da9649000fc63fc5,2026-11-24,1248,USD,2
68642480da9649000fc63fc5,2026-11-25,1248,USD,2
68642480da9649000fc63fc5,2026-11-26,3029,USD,3
68642480da9649000fc63fc5,2026-11-27,4286,USD,3
68642480da9649000fc63fc5,2026-11-28,4943,USD,3
68642480da9649000fc63fc5,2026-11-29,1228,USD,2
68642480da9649000fc63fc5,2026-11-30,1107,USD,2
68642480da9649000fc63fc5,2026-12-01,1107,USD,2
68642480da9649000fc63fc5,2026-12-02,1107,USD,2
68642480da9649000fc63fc5,2026-12-03,1556,USD,2
68642480da9649000fc63fc5,2026-12-04,3751,USD,2
68642480da9649000fc63fc5,2026-12-05,4328,USD,2
68642480da9649000fc63fc5,2026-12-06,1556,USD,2
68642480da9649000fc63fc5,2026-12-07,1053,USD,2
68642480da9649000fc63fc5,2026-12-08,1053,USD,2
68642480da9649000fc63fc5,2026-12-09,1053,USD,2
68642480da9649000fc63fc5,2026-12-10,1556,USD,2
68642480da9649000fc63fc5,2026-12-11,3751,USD,2
68642480da9649000fc63fc5,2026-12-12,4328,USD,2
68642480da9649000fc63fc5,2026-12-13,1556,USD,2
68642480da9649000fc63fc5,2026-12-14,1053,USD,2
68642480da9649000fc63fc5,2026-12-15,1053,USD,2
68642480da9649000fc63fc5,2026-12-16,1053,USD,2
68642480da9649000fc63fc5,2026-12-17,1804,USD,2
68642480da9649000fc63fc5,2026-12-18,3751,USD,2
68642480da9649000fc63fc5,2026-12-19,4990,USD,2
68642480da9649000fc63fc5,2026-12-20,1804,USD,2
68642480da9649000fc63fc5,2027-01-07,1705,USD,2
68642480da9649000fc63fc5,2027-01-09,2396,USD,3
68642480da9649000fc63fc5,2027-01-10,1705,USD,2
68642480da9649000fc63fc5,2027-01-11,1189,USD,2
68642480da9649000fc63fc5,2027-01-12,1189,USD,2
68642480da9649000fc63fc5,2027-01-13,1189,USD,2
68642480da9649000fc63fc5,2027-01-14,1705,USD,2
68642480da9649000fc63fc5,2027-01-15,2287,USD,3
68642480da9649000fc63fc5,2027-01-16,2649,USD,3
68642480da9649000fc63fc5,2027-01-17,1887,USD,2
68642480da9649000fc63fc5,2027-01-18,1315,USD,2
68642480da9649000fc63fc5,2027-01-19,1189,USD,2
68642480da9649000fc63fc5,2027-01-20,1189,USD,2
68642480da9649000fc63fc5,2027-01-21,1705,USD,2
68642480da9649000fc63fc5,2027-01-22,2072,USD,3
68642480da9649000fc63fc5,2027-01-23,2396,USD,3
68642480da9649000fc63fc5,2027-01-24,1705,USD,2
68642480da9649000fc63fc5,2027-01-25,1189,USD,2
68642480da9649000fc63fc5,2027-01-26,1189,USD,2
68642480da9649000fc63fc5,2027-01-27,1189,USD,2
68642480da9649000fc63fc5,2027-01-28,1705,USD,2
68642480da9649000fc63fc5,2027-01-29,2072,USD,3
68642480da9649000fc63fc5,2027-01-30,2396,USD,3
68642480da9649000fc63fc5,2027-01-31,1705,USD,2
68642480da9649000fc63fc5,2027-02-01,1388,USD,2
68642480da9649000fc63fc5,2027-02-02,1388,USD,2
68642480da9649000fc63fc5,2027-02-03,1388,USD,2
68642480da9649000fc63fc5,2027-02-04,2035,USD,2
68642480da9649000fc63fc5,2027-02-05,2517,USD,3
68642480da9649000fc63fc5,2027-02-06,2911,USD,3
68642480da9649000fc63fc5,2027-02-07,2035,USD,2
68642480da9649000fc63fc5,2027-02-08,1388,USD,2
68642480da9649000fc63fc5,2027-02-09,1388,USD,2
68642480da9649000fc63fc5,2027-02-10,1388,USD,2
68642480da9649000fc63fc5,2027-02-11,2035,USD,2
68642480da9649000fc63fc5,2027-02-12,2779,USD,3
68642480da9649000fc63fc5,2027-02-13,3214,USD,3
68642480da9649000fc63fc5,2027-02-14,2248,USD,2
68642480da9649000fc63fc5,2027-02-15,1526,USD,2
68642480da9649000fc63fc5,2027-02-16,1526,USD,2
68642480da9649000fc63fc5,2027-02-17,1388,USD,2
68642480da9649000fc63fc5,2027-02-18,2035,USD,2
68642480da9649000fc63fc5,2027-02-19,2517,USD,3
68642480da9649000fc63fc5,2027-02-20,2911,USD,3
68642480da9649000fc63fc5,2027-02-21,2035,USD,2
68642480da9649000fc63fc5,2027-02-22,1388,USD,2
68642480da9649000fc63fc5,2026-08-06,1153,USD,2
68642480da9649000fc63fc5,2026-08-07,1610,USD,2
68642480da9649000fc63fc5,2026-08-08,1864,USD,2
68642480da9649000fc63fc5,2026-08-09,1153,USD,2
68642480da9649000fc63fc5,2026-08-31,875,USD,2
68642480da9649000fc63fc5,2026-09-01,875,USD,2
68642480da9649000fc63fc5,2026-09-02,875,USD,2
68642480da9649000fc63fc5,2026-09-08,1103,USD,2
68642480da9649000fc63fc5,2026-09-09,1103,USD,2
68642480da9649000fc63fc5,2026-09-14,1103,USD,2
68642480da9649000fc63fc5,2026-09-15,1103,USD,2
68642480da9649000fc63fc5,2026-09-16,1103,USD,2
68642480da9649000fc63fc5,2026-09-21,1103,USD,2
68642480da9649000fc63fc5,2026-09-22,1103,USD,2
68642480da9649000fc63fc5,2026-09-23,1103,USD,2
68642480da9649000fc63fc5,2026-09-03,1635,USD,2
68642480da9649000fc63fc5,2026-09-10,1635,USD,2
68642480da9649000fc63fc5,2026-09-17,1635,USD,2
68642480da9649000fc63fc5,2026-09-13,1635,USD,2
68642480da9649000fc63fc5,2026-09-20,1635,USD,2
68642480da9649000fc63fc5,2026-09-24,1635,USD,2
68642480da9649000fc63fc5,2026-09-27,1635,USD,2
68642480da9649000fc63fc5,2026-10-01,1707,USD,2
68642480da9649000fc63fc5,2026-10-15,1707,USD,2
68642480da9649000fc63fc5,2026-10-22,1707,USD,2
68642480da9649000fc63fc5,2026-10-29,1707,USD,2
68642480da9649000fc63fc5,2026-11-01,1707,USD,2
68642480da9649000fc63fc5,2026-11-08,1836,USD,2
68642480da9649000fc63fc5,2026-11-12,1836,USD,2
68642480da9649000fc63fc5,2026-11-15,1836,USD,2
68642480da9649000fc63fc5,2026-10-11,1620,USD,2
68642480da9649000fc63fc5,2026-10-18,1713,USD,1
68642480da9649000fc63fc5,2026-10-25,1707,USD,2
68642480da9649000fc63fc5,2026-10-04,1707,USD,2
68642480da9649000fc63fc5,2026-09-28,1103,USD,2
68642480da9649000fc63fc5,2026-09-29,1103,USD,2
68642480da9649000fc63fc5,2026-09-30,1103,USD,2
68642480da9649000fc63fc5,2026-10-05,1161,USD,2
68642480da9649000fc63fc5,2026-10-06,1161,USD,2
68642480da9649000fc63fc5,2026-10-07,1161,USD,2
68642480da9649000fc63fc5,2026-10-12,1096,USD,2
68642480da9649000fc63fc5,2026-10-13,1096,USD,2
68642480da9649000fc63fc5,2026-10-14,1096,USD,2
68642480da9649000fc63fc5,2026-10-19,1161,USD,1
68642480da9649000fc63fc5,2026-10-20,1161,USD,2
68642480da9649000fc63fc5,2026-10-21,1161,USD,2
68642480da9649000fc63fc5,2026-10-26,1161,USD,2
68642480da9649000fc63fc5,2026-10-27,1161,USD,2
68642480da9649000fc63fc5,2026-10-28,1161,USD,2
68642480da9649000fc63fc5,2026-11-09,1248,USD,2
68642480da9649000fc63fc5,2026-11-10,1248,USD,2
68642480da9649000fc63fc5,2026-11-11,1248,USD,2
68642480da9649000fc63fc5,2026-11-16,1248,USD,2
68642480da9649000fc63fc5,2026-11-17,1248,USD,2
68642480da9649000fc63fc5,2026-11-18,1248,USD,2
68642480da9649000fc63fc5,2026-07-02,1014,USD,3
68642480da9649000fc63fc5,2026-07-05,1014,USD,3
68642480da9649000fc63fc5,2026-07-03,1220,USD,3
68642480da9649000fc63fc5,2026-07-04,1412,USD,3
68642480da9649000fc63fc5,2026-09-04,2612,USD,3
68642480da9649000fc63fc5,2026-09-05,3021,USD,3
68642480da9649000fc63fc5,2026-09-07,1620,USD,3
68642480da9649000fc63fc5,2026-12-25,5645,USD,3
68642480da9649000fc63fc5,2026-12-26,5645,USD,3
68642480da9649000fc63fc5,2026-12-30,7421,USD,3
68642480da9649000fc63fc5,2026-12-31,7421,USD,3
68642480da9649000fc63fc5,2027-01-03,1686,USD,2
68642480da9649000fc63fc5,2027-01-04,1189,USD,2
68642480da9649000fc63fc5,2027-01-05,1189,USD,2
68642480da9649000fc63fc5,2027-01-06,1189,USD,2
68642480da9649000fc63fc5,2026-09-06,2520,USD,3
68642480da9649000fc63fc5,2026-07-12,1273,USD,2
68642480da9649000fc63fc5,2026-06-28,1071,USD,2
68642480da9649000fc63fc5,2027-02-23,1388,USD,2
68642480da9649000fc63fc5,2027-02-24,1388,USD,2
68642480da9649000fc63fc5,2027-02-25,2035,USD,2
68642480da9649000fc63fc5,2027-02-26,2517,USD,3
68642480da9649000fc63fc5,2027-02-27,2911,USD,3
68642480da9649000fc63fc5,2027-02-28,2040,USD,2
68642480da9649000fc63fc5,2026-12-24,5645,USD,3
68642480da9649000fc63fc5,2026-12-22,2004,USD,2
68642480da9649000fc63fc5,2026-12-23,2004,USD,2
68642480da9649000fc63fc5,2026-12-21,1516,USD,2
68642480da9649000fc63fc5,2026-12-27,2004,USD,2
68642480da9649000fc63fc5,2026-12-28,1516,USD,2
68642480da9649000fc63fc5,2026-12-29,1516,USD,2
68642480da9649000fc63fc5,2027-01-08,2396,USD,3
68642480da9649000fc63fc5,2026-10-08,1981,USD,2
68642480da9649000fc63fc5,2026-10-09,2919,USD,2
68642480da9649000fc63fc5,2026-10-10,4061,USD,2
68642480da9649000fc63fc5,2027-12-15,1871,USD,2
68642480da9649000fc63fc5,2027-01-01,2887,USD,3
68642480da9649000fc63fc5,2027-01-02,2887,USD,3
68642480da9649000fc63fc5,2027-04-12,1975,USD,2
68642480da9649000fc63fc5,2027-04-13,1975,USD,2
68642480da9649000fc63fc5,2027-04-14,1975,USD,2
68642480da9649000fc63fc5,2027-04-15,4672,USD,4
68642480da9649000fc63fc5,2027-04-19,1975,USD,2
68642480da9649000fc63fc5,2027-04-20,1975,USD,2
68642480da9649000fc63fc5,2027-04-21,1975,USD,2
68642480da9649000fc63fc5,2027-04-24,4588,USD,3
68642480da9649000fc63fc5,2027-04-26,1975,USD,2
68642480da9649000fc63fc5,2027-04-06,1975,USD,2
68642480da9649000fc63fc5,2027-04-07,1975,USD,2
68642480da9649000fc63fc5,2027-04-27,1975,USD,2
68642480da9649000fc63fc5,2027-04-28,1975,USD,2
68642480da9649000fc63fc5,2027-04-29,2102,USD,2
68642480da9649000fc63fc5,2027-04-30,3784,USD,3
68642480da9649000fc63fc5,2027-03-01,2376,USD,2
68642480da9649000fc63fc5,2027-03-02,2376,USD,2
68642480da9649000fc63fc5,2027-03-03,2376,USD,2
68642480da9649000fc63fc5,2027-03-04,2531,USD,2
68642480da9649000fc63fc5,2027-03-05,4549,USD,3
68642480da9649000fc63fc5,2027-03-06,5515,USD,3
68642480da9649000fc63fc5,2027-03-07,2327,USD,2
68642480da9649000fc63fc5,2027-03-08,2376,USD,2
68642480da9649000fc63fc5,2027-03-09,2376,USD,2
68642480da9649000fc63fc5,2027-03-10,2376,USD,2
68642480da9649000fc63fc5,2027-03-11,2531,USD,2
68642480da9649000fc63fc5,2027-03-12,4549,USD,3
68642480da9649000fc63fc5,2027-03-13,5515,USD,3
68642480da9649000fc63fc5,2027-03-14,2327,USD,2
68642480da9649000fc63fc5,2027-03-15,1975,USD,2
68642480da9649000fc63fc5,2027-03-16,1975,USD,2
68642480da9649000fc63fc5,2027-03-17,1975,USD,2
68642480da9649000fc63fc5,2027-03-18,2102,USD,2
68642480da9649000fc63fc5,2027-03-19,3784,USD,3
68642480da9649000fc63fc5,2027-03-20,4588,USD,3
68642480da9649000fc63fc5,2027-03-21,1928,USD,2
68642480da9649000fc63fc5,2027-03-22,1975,USD,2
68642480da9649000fc63fc5,2027-03-23,1975,USD,2
68642480da9649000fc63fc5,2027-03-24,1975,USD,2
68642480da9649000fc63fc5,2027-03-25,2102,USD,2
68642480da9649000fc63fc5,2027-03-26,3784,USD,3
68642480da9649000fc63fc5,2027-03-27,4588,USD,3
68642480da9649000fc63fc5,2027-03-28,1928,USD,2
68642480da9649000fc63fc5,2027-03-29,1975,USD,2
68642480da9649000fc63fc5,2027-03-30,1975,USD,2
68642480da9649000fc63fc5,2027-03-31,1975,USD,2
68642480da9649000fc63fc5,2027-04-04,2102,USD,2
68642480da9649000fc63fc5,2027-04-05,1975,USD,2
68642480da9649000fc63fc5,2027-05-01,3784,USD,3
68642480da9649000fc63fc5,2027-05-02,2102,USD,2
68642480da9649000fc63fc5,2027-05-03,1620,USD,2
68642480da9649000fc63fc5,2027-05-04,1620,USD,2
68642480da9649000fc63fc5,2027-05-05,1620,USD,2
68642480da9649000fc63fc5,2027-05-06,2035,USD,2
68642480da9649000fc63fc5,2027-05-07,3172,USD,3
68642480da9649000fc63fc5,2027-05-08,3531,USD,3
68642480da9649000fc63fc5,2027-05-09,1939,USD,2
68642480da9649000fc63fc5,2027-05-10,1546,USD,2
68642480da9649000fc63fc5,2027-05-11,1630,USD,2
68642480da9649000fc63fc5,2027-05-12,1556,USD,2
68642480da9649000fc63fc5,2027-05-13,1963,USD,2
68642480da9649000fc63fc5,2027-05-14,3063,USD,3
68642480da9649000fc63fc5,2027-05-15,3411,USD,3
68642480da9649000fc63fc5,2027-05-16,1980,USD,2
68642480da9649000fc63fc5,2027-05-17,1581,USD,2
68642480da9649000fc63fc5,2027-05-18,1586,USD,2
68642480da9649000fc63fc5,2027-05-19,1591,USD,2
68642480da9649000fc63fc5,2027-05-20,2004,USD,2
68642480da9649000fc63fc5,2027-05-21,3124,USD,3
68642480da9649000fc63fc5,2027-05-22,3481,USD,3
68642480da9649000fc63fc5,2027-05-23,2022,USD,2
68642480da9649000fc63fc5,2027-05-24,1615,USD,2
68642480da9649000fc63fc5,2027-05-25,1620,USD,2
68642480da9649000fc63fc5,2027-05-26,1625,USD,2
68642480da9649000fc63fc5,2027-05-27,2261,USD,2
68642480da9649000fc63fc5,2027-05-28,4032,USD,3
68642480da9649000fc63fc5,2027-05-29,4496,USD,3
68642480da9649000fc63fc5,2027-05-30,2613,USD,2
68642480da9649000fc63fc5,2027-05-31,2091,USD,2
68642480da9649000fc63fc5,2027-06-01,1745,USD,2
68642480da9649000fc63fc5,2027-06-02,1750,USD,2
68642480da9649000fc63fc5,2027-06-03,1971,USD,2
68642480da9649000fc63fc5,2027-06-04,2904,USD,3
68642480da9649000fc63fc5,2027-06-05,2912,USD,3
68642480da9649000fc63fc5,2027-06-06,1989,USD,2
68642480da9649000fc63fc5,2027-06-07,1478,USD,2
68642480da9649000fc63fc5,2027-06-08,1483,USD,2
68642480da9649000fc63fc5,2027-06-09,1488,USD,2
68642480da9649000fc63fc5,2027-06-10,2013,USD,2
68642480da9649000fc63fc5,2027-06-11,2962,USD,3
68642480da9649000fc63fc5,2027-06-12,2970,USD,3
68642480da9649000fc63fc5,2027-06-13,2031,USD,2
68642480da9649000fc63fc5,2027-06-14,1512,USD,2
68642480da9649000fc63fc5,2027-06-15,1591,USD,2
68642480da9649000fc63fc5,2027-06-16,1596,USD,2
68642480da9649000fc63fc5,2027-06-17,2055,USD,2
68642480da9649000fc63fc5,2027-06-18,3020,USD,3
68642480da9649000fc63fc5,2027-06-19,3029,USD,3
68642480da9649000fc63fc5,2027-06-20,2074,USD,2
68642480da9649000fc63fc5,2027-06-21,1545,USD,2
68642480da9649000fc63fc5,2027-06-22,1626,USD,2
68642480da9649000fc63fc5,2027-06-23,1555,USD,2
68642480da9649000fc63fc5,2027-06-24,2099,USD,2
68642480da9649000fc63fc5,2027-06-25,3072,USD,3
68642480da9649000fc63fc5,2027-06-26,3072,USD,3
68642480da9649000fc63fc5,2027-06-27,2099,USD,2
68642480da9649000fc63fc5,2027-06-28,1559,USD,2
68642480da9649000fc63fc5,2027-06-29,1559,USD,2
68642480da9649000fc63fc5,2027-06-30,1559,USD,2
68642480da9649000fc63fc5,2027-07-01,2519,USD,2
68642480da9649000fc63fc5,2027-07-02,3686,USD,3
68642480da9649000fc63fc5,2027-07-03,3686,USD,3
68642480da9649000fc63fc5,2027-07-04,2519,USD,2
68642480da9649000fc63fc5,2027-07-05,1559,USD,2
68642480da9649000fc63fc5,2027-07-06,1559,USD,2
68642480da9649000fc63fc5,2027-07-07,1559,USD,2
68642480da9649000fc63fc5,2027-07-08,2099,USD,2
68642480da9649000fc63fc5,2027-07-09,3072,USD,3
68642480da9649000fc63fc5,2027-07-10,3072,USD,3
68642480da9649000fc63fc5,2027-07-11,2099,USD,2
68642480da9649000fc63fc5,2027-07-12,1559,USD,2
68642480da9649000fc63fc5,2027-07-13,1559,USD,2
68642480da9649000fc63fc5,2027-07-14,1559,USD,2
68642480da9649000fc63fc5,2027-07-15,2099,USD,2
68642480da9649000fc63fc5,2027-07-16,3072,USD,3
68642480da9649000fc63fc5,2027-07-17,3072,USD,3
68642480da9649000fc63fc5,2027-07-18,2099,USD,2
68642480da9649000fc63fc5,2027-07-19,1559,USD,2
68642480da9649000fc63fc5,2027-07-20,1559,USD,2
68642480da9649000fc63fc5,2027-07-21,1559,USD,2
68642480da9649000fc63fc5,2027-07-22,2099,USD,2
68642480da9649000fc63fc5,2027-07-23,3072,USD,3
68642480da9649000fc63fc5,2027-07-24,3072,USD,3
68642480da9649000fc63fc5,2027-07-25,2099,USD,2
68642480da9649000fc63fc5,2027-07-26,1559,USD,2
68642480da9649000fc63fc5,2027-07-27,1559,USD,2
68642480da9649000fc63fc5,2027-07-28,1559,USD,2
68642480da9649000fc63fc5,2027-07-29,2099,USD,2
68642480da9649000fc63fc5,2027-07-30,3072,USD,3
68642480da9649000fc63fc5,2027-07-31,3072,USD,3
68642480da9649000fc63fc5,2027-08-01,2099,USD,2
68642480da9649000fc63fc5,2027-08-02,1559,USD,2
68642480da9649000fc63fc5,2027-08-03,1559,USD,2
68642480da9649000fc63fc5,2027-08-04,1559,USD,2
68642480da9649000fc63fc5,2027-08-05,2099,USD,2
68642480da9649000fc63fc5,2027-08-06,3072,USD,3
68642480da9649000fc63fc5,2027-08-07,3072,USD,3
68642480da9649000fc63fc5,2027-08-08,2099,USD,2
68642480da9649000fc63fc5,2027-08-09,1559,USD,2
68642480da9649000fc63fc5,2027-08-10,1559,USD,2
68642480da9649000fc63fc5,2027-08-11,1559,USD,2
68642480da9649000fc63fc5,2027-08-12,2099,USD,2
68642480da9649000fc63fc5,2027-08-13,3072,USD,3
68642480da9649000fc63fc5,2027-08-14,3072,USD,3
68642480da9649000fc63fc5,2027-08-15,2099,USD,2
68642480da9649000fc63fc5,2027-08-16,1559,USD,2
68642480da9649000fc63fc5,2027-08-17,1559,USD,2
68642480da9649000fc63fc5,2027-08-18,1559,USD,2
68642480da9649000fc63fc5,2027-08-19,2099,USD,2
68642480da9649000fc63fc5,2027-08-20,3072,USD,3
68642480da9649000fc63fc5,2027-08-21,3072,USD,3
68642480da9649000fc63fc5,2027-08-22,2099,USD,2
68642480da9649000fc63fc5,2027-08-23,1559,USD,2
68642480da9649000fc63fc5,2027-08-24,1559,USD,2
68642480da9649000fc63fc5,2027-08-25,1559,USD,2
68642480da9649000fc63fc5,2027-08-26,2099,USD,2
68642480da9649000fc63fc5,2027-08-27,3072,USD,3
68642480da9649000fc63fc5,2027-08-28,3072,USD,3
68642480da9649000fc63fc5,2027-08-29,2099,USD,2
68642480da9649000fc63fc5,2027-08-30,1559,USD,2
68642480da9649000fc63fc5,2027-08-31,1559,USD,2
68642480da9649000fc63fc5,2027-09-01,1559,USD,2
68642480da9649000fc63fc5,2027-09-02,2411,USD,2
68642480da9649000fc63fc5,2027-09-03,4371,USD,3
68642480da9649000fc63fc5,2027-09-04,5731,USD,3
68642480da9649000fc63fc5,2027-09-05,2441,USD,2
68642480da9649000fc63fc5,2027-09-06,2111,USD,2
68642480da9649000fc63fc5,2027-09-07,1919,USD,2
68642480da9649000fc63fc5,2027-09-08,1871,USD,2
68642480da9649000fc63fc5,2027-09-09,2411,USD,2
68642480da9649000fc63fc5,2027-09-10,3973,USD,3
68642480da9649000fc63fc5,2027-09-11,5210,USD,3
68642480da9649000fc63fc5,2027-09-12,2219,USD,2
68642480da9649000fc63fc5,2027-09-13,1919,USD,2
68642480da9649000fc63fc5,2027-09-14,1919,USD,2
68642480da9649000fc63fc5,2027-09-15,1871,USD,2
68642480da9649000fc63fc5,2027-09-16,2411,USD,2
68642480da9649000fc63fc5,2027-09-17,3973,USD,3
68642480da9649000fc63fc5,2027-09-18,5210,USD,3
68642480da9649000fc63fc5,2027-09-19,2219,USD,2
68642480da9649000fc63fc5,2027-09-20,1919,USD,2
68642480da9649000fc63fc5,2027-09-21,1919,USD,2
68642480da9649000fc63fc5,2027-09-22,1871,USD,2
68642480da9649000fc63fc5,2027-09-23,2411,USD,2
68642480da9649000fc63fc5,2027-09-24,3973,USD,3
68642480da9649000fc63fc5,2027-09-25,5210,USD,3
68642480da9649000fc63fc5,2027-09-26,2219,USD,2
68642480da9649000fc63fc5,2027-09-27,1919,USD,2
68642480da9649000fc63fc5,2027-09-28,1919,USD,2
68642480da9649000fc63fc5,2027-09-29,1871,USD,2
68642480da9649000fc63fc5,2027-09-30,2219,USD,2
68642480da9649000fc63fc5,2027-10-01,4303,USD,3
68642480da9649000fc63fc5,2027-10-02,5210,USD,3
68642480da9649000fc63fc5,2027-10-03,2219,USD,2
68642480da9649000fc63fc5,2027-10-04,1919,USD,2
68642480da9649000fc63fc5,2027-10-05,1919,USD,2
68642480da9649000fc63fc5,2027-10-06,1919,USD,2
68642480da9649000fc63fc5,2027-10-07,2411,USD,2
68642480da9649000fc63fc5,2027-10-08,4303,USD,3
68642480da9649000fc63fc5,2027-10-09,5210,USD,3
68642480da9649000fc63fc5,2027-10-10,2219,USD,2
68642480da9649000fc63fc5,2027-10-11,1919,USD,2
68642480da9649000fc63fc5,2027-10-12,1919,USD,2
68642480da9649000fc63fc5,2027-10-13,1919,USD,2
68642480da9649000fc63fc5,2027-10-14,2411,USD,2
68642480da9649000fc63fc5,2027-10-15,4303,USD,3
68642480da9649000fc63fc5,2027-10-16,5210,USD,3
68642480da9649000fc63fc5,2027-10-17,2219,USD,2
68642480da9649000fc63fc5,2027-10-18,1919,USD,2
68642480da9649000fc63fc5,2027-10-19,1919,USD,2
68642480da9649000fc63fc5,2027-10-20,1919,USD,2
68642480da9649000fc63fc5,2027-10-21,2411,USD,2
68642480da9649000fc63fc5,2027-10-22,4303,USD,3
68642480da9649000fc63fc5,2027-10-23,5210,USD,3
68642480da9649000fc63fc5,2027-10-24,2219,USD,2
68642480da9649000fc63fc5,2027-10-25,1919,USD,2
68642480da9649000fc63fc5,2027-10-26,1919,USD,2
68642480da9649000fc63fc5,2027-10-27,1919,USD,2
68642480da9649000fc63fc5,2027-10-28,2411,USD,2
68642480da9649000fc63fc5,2027-10-29,4303,USD,3
68642480da9649000fc63fc5,2027-10-30,5210,USD,3
68642480da9649000fc63fc5,2027-10-31,2219,USD,2
68642480da9649000fc63fc5,2027-11-01,1919,USD,2
68642480da9649000fc63fc5,2027-11-02,1919,USD,2
68642480da9649000fc63fc5,2027-11-03,1871,USD,2
68642480da9649000fc63fc5,2027-11-04,2411,USD,2
68642480da9649000fc63fc5,2027-11-05,4303,USD,3
68642480da9649000fc63fc5,2027-11-06,5210,USD,3
68642480da9649000fc63fc5,2027-11-07,2219,USD,2
68642480da9649000fc63fc5,2027-11-08,1919,USD,2
68642480da9649000fc63fc5,2027-11-09,1919,USD,2
68642480da9649000fc63fc5,2027-11-10,1871,USD,2
68642480da9649000fc63fc5,2027-11-11,2411,USD,2
68642480da9649000fc63fc5,2027-11-12,4303,USD,3
68642480da9649000fc63fc5,2027-11-13,5210,USD,3
68642480da9649000fc63fc5,2027-11-14,2219,USD,2
68642480da9649000fc63fc5,2027-11-15,1919,USD,2
68642480da9649000fc63fc5,2027-11-16,1919,USD,2
68642480da9649000fc63fc5,2027-11-17,1871,USD,2
68642480da9649000fc63fc5,2027-11-18,2411,USD,2
68642480da9649000fc63fc5,2027-11-19,4303,USD,3
68642480da9649000fc63fc5,2027-11-20,5210,USD,3
68642480da9649000fc63fc5,2027-11-21,2219,USD,2
68642480da9649000fc63fc5,2027-11-22,1919,USD,2
68642480da9649000fc63fc5,2027-11-23,1919,USD,2
68642480da9649000fc63fc5,2027-11-24,1871,USD,2
68642480da9649000fc63fc5,2027-11-25,3616,USD,3
68642480da9649000fc63fc5,2027-11-26,6454,USD,3
68642480da9649000fc63fc5,2027-11-27,7815,USD,3
68642480da9649000fc63fc5,2027-11-28,2219,USD,2
68642480da9649000fc63fc5,2027-11-29,1919,USD,2
68642480da9649000fc63fc5,2027-11-30,1919,USD,2
68642480da9649000fc63fc5,2027-12-01,1919,USD,2
68642480da9649000fc63fc5,2027-12-02,2411,USD,2
68642480da9649000fc63fc5,2027-12-03,3973,USD,3
68642480da9649000fc63fc5,2027-12-04,5210,USD,3
68642480da9649000fc63fc5,2027-12-05,2219,USD,2
68642480da9649000fc63fc5,2027-12-06,1919,USD,2
68642480da9649000fc63fc5,2027-12-07,1919,USD,2
68642480da9649000fc63fc5,2027-12-08,1871,USD,2
68642480da9649000fc63fc5,2027-12-09,2411,USD,2
68642480da9649000fc63fc5,2027-12-10,3973,USD,3
68642480da9649000fc63fc5,2027-12-11,5210,USD,3
68642480da9649000fc63fc5,2027-12-12,2219,USD,2
68642480da9649000fc63fc5,2027-12-13,1919,USD,2
68642480da9649000fc63fc5,2027-12-14,1919,USD,2
68642480da9649000fc63fc5,2027-12-16,2411,USD,2
68642480da9649000fc63fc5,2027-12-17,4768,USD,3
68642480da9649000fc63fc5,2027-12-18,6252,USD,3
68642480da9649000fc63fc5,2027-12-19,2663,USD,2
68642480da9649000fc63fc5,2027-12-20,2303,USD,2
68642480da9649000fc63fc5,2027-12-21,2303,USD,2
68642480da9649000fc63fc5,2027-12-22,2245,USD,2
68642480da9649000fc63fc5,2027-12-23,2893,USD,3
68642480da9649000fc63fc5,2027-12-24,10728,USD,3
68642480da9649000fc63fc5,2027-12-25,10728,USD,3
68642480da9649000fc63fc5,2027-12-26,10728,USD,2
68642480da9649000fc63fc5,2027-12-27,1919,USD,2
68642480da9649000fc63fc5,2027-12-28,1919,USD,2
68642480da9649000fc63fc5,2027-12-29,1871,USD,2
68642480da9649000fc63fc5,2027-12-30,15019,USD,3
68642480da9649000fc63fc5,2027-12-31,15019,USD,3
68642480da9649000fc63fc5,2028-01-01,15019,USD,3
68642480da9649000fc63fc5,2028-01-02,7510,USD,2
68642480da9649000fc63fc5,2028-01-03,1559,USD,2
68642480da9649000fc63fc5,2028-01-04,1559,USD,2
68642480da9649000fc63fc5,2028-01-05,1559,USD,2
68642480da9649000fc63fc5,2028-01-06,2099,USD,2
68642480da9649000fc63fc5,2028-01-07,3413,USD,3
68642480da9649000fc63fc5,2028-01-08,3413,USD,3
68642480da9649000fc63fc5,2028-01-09,2099,USD,2
68642480da9649000fc63fc5,2026-08-02,1546,USD,2
68642480da9649000fc63fc5,2027-04-08,7341,USD,4
68642480da9649000fc63fc5,2027-04-09,13701,USD,3
68642480da9649000fc63fc5,2027-04-10,13701,USD,3
68642480da9649000fc63fc5,2027-04-11,7341,USD,3
68642480da9649000fc63fc5,2027-04-18,4672,USD,3
68642480da9649000fc63fc5,2027-04-16,10626,USD,3
68642480da9649000fc63fc5,2027-04-17,10626,USD,3
68642480da9649000fc63fc5,2027-04-23,4588,USD,3
68642480da9649000fc63fc5,2027-04-22,2987,USD,4
68642480da9649000fc63fc5,2027-04-25,2819,USD,3
68642480da9649000fc63fc5,2027-04-01,2743,USD,2
68642480da9649000fc63fc5,2027-04-02,4931,USD,3
68642480da9649000fc63fc5,2027-04-03,5979,USD,3
68642480da9649000fc63fc5,2026-07-19,1546,USD,1
68642480da9649000fc63fc5,2026-11-05,1836,USD,1
686424c7c8d43b001321df29,2026-06-26,1750,USD,2
686424c7c8d43b001321df29,2026-06-27,2028,USD,2
686424c7c8d43b001321df29,2026-06-28,1686,USD,2
686424c7c8d43b001321df29,2026-06-29,682,USD,2
686424c7c8d43b001321df29,2026-06-30,682,USD,2
686424c7c8d43b001321df29,2026-07-01,682,USD,2
686424c7c8d43b001321df29,2026-07-06,682,USD,2
686424c7c8d43b001321df29,2026-07-07,682,USD,2
686424c7c8d43b001321df29,2026-07-08,682,USD,2
686424c7c8d43b001321df29,2026-07-09,888,USD,2
686424c7c8d43b001321df29,2026-07-10,1014,USD,2
686424c7c8d43b001321df29,2026-07-11,1107,USD,2
686424c7c8d43b001321df29,2026-07-12,888,USD,2
686424c7c8d43b001321df29,2026-07-13,796,USD,2
686424c7c8d43b001321df29,2026-07-14,796,USD,2
686424c7c8d43b001321df29,2026-07-15,796,USD,2
686424c7c8d43b001321df29,2026-07-16,1285,USD,2
686424c7c8d43b001321df29,2026-07-17,1276,USD,2
686424c7c8d43b001321df29,2026-07-18,1396,USD,2
686424c7c8d43b001321df29,2026-07-20,796,USD,2
686424c7c8d43b001321df29,2026-07-21,796,USD,2
686424c7c8d43b001321df29,2026-07-22,796,USD,2
686424c7c8d43b001321df29,2026-07-24,1204,USD,2
686424c7c8d43b001321df29,2026-07-25,1396,USD,2
686424c7c8d43b001321df29,2026-07-26,957,USD,2
686424c7c8d43b001321df29,2026-07-27,796,USD,2
686424c7c8d43b001321df29,2026-07-28,796,USD,2
686424c7c8d43b001321df29,2026-07-29,796,USD,2
686424c7c8d43b001321df29,2026-07-30,682,USD,2
686424c7c8d43b001321df29,2026-07-31,1173,USD,2
686424c7c8d43b001321df29,2026-08-01,1556,USD,2
686424c7c8d43b001321df29,2026-08-03,682,USD,2
686424c7c8d43b001321df29,2026-08-04,682,USD,2
686424c7c8d43b001321df29,2026-08-05,682,USD,2
686424c7c8d43b001321df29,2026-08-10,682,USD,2
686424c7c8d43b001321df29,2026-08-11,682,USD,2
686424c7c8d43b001321df29,2026-08-12,682,USD,2
686424c7c8d43b001321df29,2026-08-13,957,USD,2
686424c7c8d43b001321df29,2026-08-14,1670,USD,2
686424c7c8d43b001321df29,2026-08-15,1939,USD,2
686424c7c8d43b001321df29,2026-08-16,1272,USD,2
686424c7c8d43b001321df29,2026-08-17,682,USD,2
686424c7c8d43b001321df29,2026-08-18,682,USD,2
686424c7c8d43b001321df29,2026-08-19,682,USD,2
686424c7c8d43b001321df29,2026-08-20,1011,USD,2
686424c7c8d43b001321df29,2026-08-21,1415,USD,2
686424c7c8d43b001321df29,2026-08-22,1645,USD,2
686424c7c8d43b001321df29,2026-08-23,1011,USD,2
686424c7c8d43b001321df29,2026-08-24,682,USD,2
686424c7c8d43b001321df29,2026-08-25,682,USD,2
686424c7c8d43b001321df29,2026-08-26,682,USD,2
686424c7c8d43b001321df29,2026-08-27,1011,USD,2
686424c7c8d43b001321df29,2026-08-28,1415,USD,2
686424c7c8d43b001321df29,2026-08-29,1645,USD,2
686424c7c8d43b001321df29,2026-08-30,1011,USD,2
686424c7c8d43b001321df29,2026-09-11,1899,USD,2
686424c7c8d43b001321df29,2026-09-12,2194,USD,2
686424c7c8d43b001321df29,2026-09-18,1899,USD,2
686424c7c8d43b001321df29,2026-09-19,2194,USD,2
686424c7c8d43b001321df29,2026-09-25,1899,USD,2
686424c7c8d43b001321df29,2026-09-26,2194,USD,2
686424c7c8d43b001321df29,2026-10-02,2241,USD,2
686424c7c8d43b001321df29,2026-10-03,2589,USD,2
686424c7c8d43b001321df29,2026-10-16,2241,USD,2
686424c7c8d43b001321df29,2026-10-17,2589,USD,2
686424c7c8d43b001321df29,2026-10-23,2241,USD,2
686424c7c8d43b001321df29,2026-10-24,2589,USD,2
686424c7c8d43b001321df29,2026-10-30,2241,USD,2
686424c7c8d43b001321df29,2026-10-31,2589,USD,2
686424c7c8d43b001321df29,2026-11-06,2403,USD,2
686424c7c8d43b001321df29,2026-11-07,2774,USD,2
686424c7c8d43b001321df29,2026-11-13,2403,USD,2
686424c7c8d43b001321df29,2026-11-14,2774,USD,2
686424c7c8d43b001321df29,2026-11-19,1620,USD,2
686424c7c8d43b001321df29,2026-11-20,2403,USD,2
686424c7c8d43b001321df29,2026-11-21,2774,USD,2
686424c7c8d43b001321df29,2026-11-22,1620,USD,2
686424c7c8d43b001321df29,2026-11-23,1096,USD,2
686424c7c8d43b001321df29,2026-11-26,2681,USD,3
686424c7c8d43b001321df29,2026-11-27,3811,USD,3
686424c7c8d43b001321df29,2026-11-28,4387,USD,3
686424c7c8d43b001321df29,2026-11-29,1081,USD,2
686424c7c8d43b001321df29,2026-11-30,925,USD,2
686424c7c8d43b001321df29,2026-12-01,925,USD,2
686424c7c8d43b001321df29,2026-12-02,925,USD,2
686424c7c8d43b001321df29,2026-12-03,1374,USD,2
686424c7c8d43b001321df29,2026-12-04,3316,USD,2
686424c7c8d43b001321df29,2026-12-05,3835,USD,2
686424c7c8d43b001321df29,2026-12-06,1374,USD,2
686424c7c8d43b001321df29,2026-12-07,925,USD,2
686424c7c8d43b001321df29,2026-12-08,925,USD,2
686424c7c8d43b001321df29,2026-12-09,925,USD,2
686424c7c8d43b001321df29,2026-12-10,1374,USD,2
686424c7c8d43b001321df29,2026-12-11,3316,USD,2
686424c7c8d43b001321df29,2026-12-12,3835,USD,2
686424c7c8d43b001321df29,2026-12-13,1374,USD,2
686424c7c8d43b001321df29,2026-12-14,925,USD,2
686424c7c8d43b001321df29,2026-12-15,925,USD,2
686424c7c8d43b001321df29,2026-12-16,925,USD,2
686424c7c8d43b001321df29,2026-12-17,1591,USD,2
686424c7c8d43b001321df29,2026-12-18,3316,USD,2
686424c7c8d43b001321df29,2026-12-19,4423,USD,2
686424c7c8d43b001321df29,2026-12-20,1591,USD,2
686424c7c8d43b001321df29,2027-01-07,1413,USD,2
686424c7c8d43b001321df29,2027-01-09,1984,USD,3
686424c7c8d43b001321df29,2027-01-10,1413,USD,2
686424c7c8d43b001321df29,2027-01-11,977,USD,2
686424c7c8d43b001321df29,2027-01-12,977,USD,2
686424c7c8d43b001321df29,2027-01-13,977,USD,2
686424c7c8d43b001321df29,2027-01-14,1220,USD,2
686424c7c8d43b001321df29,2027-01-15,1635,USD,3
686424c7c8d43b001321df29,2027-01-16,1899,USD,3
686424c7c8d43b001321df29,2027-01-17,1561,USD,2
686424c7c8d43b001321df29,2027-01-18,1089,USD,2
686424c7c8d43b001321df29,2027-01-19,977,USD,2
686424c7c8d43b001321df29,2027-01-20,977,USD,2
686424c7c8d43b001321df29,2027-01-21,1220,USD,2
686424c7c8d43b001321df29,2027-01-22,1476,USD,3
686424c7c8d43b001321df29,2027-01-23,1713,USD,3
686424c7c8d43b001321df29,2027-01-24,1220,USD,2
686424c7c8d43b001321df29,2027-01-25,977,USD,2
686424c7c8d43b001321df29,2027-01-26,977,USD,2
686424c7c8d43b001321df29,2027-01-27,977,USD,2
686424c7c8d43b001321df29,2027-01-28,1413,USD,2
686424c7c8d43b001321df29,2027-01-29,1710,USD,3
686424c7c8d43b001321df29,2027-01-30,1984,USD,3
686424c7c8d43b001321df29,2027-01-31,1413,USD,2
686424c7c8d43b001321df29,2027-02-01,1141,USD,2
686424c7c8d43b001321df29,2027-02-02,1141,USD,2
686424c7c8d43b001321df29,2027-02-03,1141,USD,2
686424c7c8d43b001321df29,2027-02-04,1686,USD,2
686424c7c8d43b001321df29,2027-02-05,2091,USD,3
686424c7c8d43b001321df29,2027-02-06,2417,USD,3
686424c7c8d43b001321df29,2027-02-07,1686,USD,2
686424c7c8d43b001321df29,2027-02-08,1141,USD,2
686424c7c8d43b001321df29,2027-02-09,1141,USD,2
686424c7c8d43b001321df29,2027-02-10,1141,USD,2
686424c7c8d43b001321df29,2027-02-11,1686,USD,2
686424c7c8d43b001321df29,2027-02-12,2307,USD,3
686424c7c8d43b001321df29,2027-02-13,2671,USD,3
686424c7c8d43b001321df29,2027-02-14,1859,USD,2
686424c7c8d43b001321df29,2027-02-15,1264,USD,2
686424c7c8d43b001321df29,2027-02-16,1264,USD,2
686424c7c8d43b001321df29,2027-02-17,1141,USD,2
686424c7c8d43b001321df29,2027-02-18,1686,USD,2
686424c7c8d43b001321df29,2027-02-19,2091,USD,3
686424c7c8d43b001321df29,2027-02-20,2417,USD,3
686424c7c8d43b001321df29,2027-02-21,1686,USD,2
686424c7c8d43b001321df29,2027-02-22,1141,USD,2
686424c7c8d43b001321df29,2026-08-06,957,USD,2
686424c7c8d43b001321df29,2026-08-07,1339,USD,2
686424c7c8d43b001321df29,2026-08-08,1556,USD,2
686424c7c8d43b001321df29,2026-08-09,957,USD,2
686424c7c8d43b001321df29,2026-08-31,772,USD,2
686424c7c8d43b001321df29,2026-09-01,772,USD,2
686424c7c8d43b001321df29,2026-09-02,772,USD,2
686424c7c8d43b001321df29,2026-09-08,974,USD,2
686424c7c8d43b001321df29,2026-09-09,974,USD,2
686424c7c8d43b001321df29,2026-09-14,974,USD,2
686424c7c8d43b001321df29,2026-09-15,974,USD,2
686424c7c8d43b001321df29,2026-09-16,974,USD,2
686424c7c8d43b001321df29,2026-09-21,974,USD,2
686424c7c8d43b001321df29,2026-09-22,974,USD,2
686424c7c8d43b001321df29,2026-09-23,974,USD,2
686424c7c8d43b001321df29,2026-09-28,974,USD,2
686424c7c8d43b001321df29,2026-09-29,974,USD,2
686424c7c8d43b001321df29,2026-09-30,974,USD,2
686424c7c8d43b001321df29,2026-09-03,1447,USD,2
686424c7c8d43b001321df29,2026-10-18,1507,USD,2
686424c7c8d43b001321df29,2026-10-01,1507,USD,2
686424c7c8d43b001321df29,2026-10-04,1507,USD,2
686424c7c8d43b001321df29,2026-10-22,1507,USD,2
686424c7c8d43b001321df29,2026-10-25,1507,USD,2
686424c7c8d43b001321df29,2026-10-29,1507,USD,2
686424c7c8d43b001321df29,2026-11-01,1507,USD,2
686424c7c8d43b001321df29,2026-11-05,1620,USD,2
686424c7c8d43b001321df29,2026-11-08,1620,USD,2
686424c7c8d43b001321df29,2026-11-12,1620,USD,2
686424c7c8d43b001321df29,2026-11-15,1620,USD,2
686424c7c8d43b001321df29,2026-10-05,1021,USD,2
686424c7c8d43b001321df29,2026-10-06,1021,USD,2
686424c7c8d43b001321df29,2026-10-07,1021,USD,2
686424c7c8d43b001321df29,2026-10-19,1021,USD,2
686424c7c8d43b001321df29,2026-10-20,1021,USD,2
686424c7c8d43b001321df29,2026-10-21,1021,USD,2
686424c7c8d43b001321df29,2026-10-26,1021,USD,2
686424c7c8d43b001321df29,2026-10-27,1021,USD,2
686424c7c8d43b001321df29,2026-10-28,1021,USD,2
686424c7c8d43b001321df29,2026-11-02,1021,USD,2
686424c7c8d43b001321df29,2026-11-03,1021,USD,2
686424c7c8d43b001321df29,2026-11-04,1021,USD,2
686424c7c8d43b001321df29,2026-11-09,1096,USD,2
686424c7c8d43b001321df29,2026-11-10,1096,USD,2
686424c7c8d43b001321df29,2026-11-11,1096,USD,2
686424c7c8d43b001321df29,2026-11-16,1096,USD,2
686424c7c8d43b001321df29,2026-11-17,1096,USD,2
686424c7c8d43b001321df29,2026-11-18,1096,USD,2
686424c7c8d43b001321df29,2026-09-10,1447,USD,2
686424c7c8d43b001321df29,2026-09-13,1447,USD,2
686424c7c8d43b001321df29,2026-09-17,1447,USD,2
686424c7c8d43b001321df29,2026-09-20,1447,USD,2
686424c7c8d43b001321df29,2026-09-24,1447,USD,2
686424c7c8d43b001321df29,2026-09-27,1447,USD,2
686424c7c8d43b001321df29,2026-07-02,941,USD,3
686424c7c8d43b001321df29,2026-07-03,1204,USD,3
686424c7c8d43b001321df29,2026-07-04,1307,USD,3
686424c7c8d43b001321df29,2026-09-04,2314,USD,3
686424c7c8d43b001321df29,2026-09-05,2675,USD,3
686424c7c8d43b001321df29,2026-09-07,1435,USD,3
686424c7c8d43b001321df29,2026-12-25,5009,USD,3
686424c7c8d43b001321df29,2026-12-26,5009,USD,3
686424c7c8d43b001321df29,2026-12-30,6579,USD,3
686424c7c8d43b001321df29,2026-12-31,6579,USD,3
686424c7c8d43b001321df29,2027-01-03,1571,USD,2
686424c7c8d43b001321df29,2027-01-04,977,USD,2
686424c7c8d43b001321df29,2027-01-05,977,USD,2
686424c7c8d43b001321df29,2027-01-06,977,USD,2
686424c7c8d43b001321df29,2026-09-06,2146,USD,3
686424c7c8d43b001321df29,2026-10-12,1189,USD,2
686424c7c8d43b001321df29,2026-10-13,1189,USD,2
686424c7c8d43b001321df29,2026-10-14,1189,USD,2
686424c7c8d43b001321df29,2026-10-15,1750,USD,2
686424c7c8d43b001321df29,2027-02-23,1141,USD,2
686424c7c8d43b001321df29,2027-02-24,1141,USD,2
686424c7c8d43b001321df29,2027-02-25,1686,USD,2
686424c7c8d43b001321df29,2027-02-26,2091,USD,3
686424c7c8d43b001321df29,2027-02-27,2417,USD,3
686424c7c8d43b001321df29,2027-02-28,1686,USD,2
686424c7c8d43b001321df29,2026-12-24,5009,USD,3
686424c7c8d43b001321df29,2026-12-22,1775,USD,2
686424c7c8d43b001321df29,2026-12-23,1775,USD,2
686424c7c8d43b001321df29,2026-12-21,1332,USD,2
686424c7c8d43b001321df29,2026-12-29,1332,USD,2
686424c7c8d43b001321df29,2027-01-08,1984,USD,3
686424c7c8d43b001321df29,2026-12-27,2056,USD,2
686424c7c8d43b001321df29,2026-12-28,1551,USD,2
686424c7c8d43b001321df29,2026-10-08,1744,USD,2
686424c7c8d43b001321df29,2026-10-09,2584,USD,2
686424c7c8d43b001321df29,2026-10-10,3610,USD,2
686424c7c8d43b001321df29,2026-10-11,2445,USD,2
686424c7c8d43b001321df29,2027-12-15,1559,USD,2
686424c7c8d43b001321df29,2027-01-01,2748,USD,3
686424c7c8d43b001321df29,2027-01-02,2748,USD,3
686424c7c8d43b001321df29,2027-04-12,1635,USD,2
686424c7c8d43b001321df29,2027-04-13,1635,USD,2
686424c7c8d43b001321df29,2027-04-14,1635,USD,2
686424c7c8d43b001321df29,2027-04-15,3888,USD,4
686424c7c8d43b001321df29,2027-04-19,1635,USD,2
686424c7c8d43b001321df29,2027-04-20,1635,USD,2
686424c7c8d43b001321df29,2027-04-21,1635,USD,2
686424c7c8d43b001321df29,2027-04-24,3822,USD,3
686424c7c8d43b001321df29,2027-04-26,1556,USD,2
686424c7c8d43b001321df29,2027-04-06,1556,USD,2
686424c7c8d43b001321df29,2027-04-07,1556,USD,2
686424c7c8d43b001321df29,2027-04-27,1556,USD,2
686424c7c8d43b001321df29,2027-04-28,1556,USD,2
686424c7c8d43b001321df29,2027-04-29,1744,USD,2
686424c7c8d43b001321df29,2027-04-30,3145,USD,3
686424c7c8d43b001321df29,2026-06-24,682,USD,2
686424c7c8d43b001321df29,2026-06-25,775,USD,2
686424c7c8d43b001321df29,2027-03-01,1975,USD,2
686424c7c8d43b001321df29,2027-03-02,1975,USD,2
686424c7c8d43b001321df29,2027-03-03,1975,USD,2
686424c7c8d43b001321df29,2027-03-04,2102,USD,2
686424c7c8d43b001321df29,2027-03-05,3784,USD,3
686424c7c8d43b001321df29,2027-03-06,4588,USD,3
686424c7c8d43b001321df29,2027-03-07,1928,USD,2
686424c7c8d43b001321df29,2027-03-08,1975,USD,2
686424c7c8d43b001321df29,2027-03-09,1975,USD,2
686424c7c8d43b001321df29,2027-03-10,1975,USD,2
686424c7c8d43b001321df29,2027-03-11,2102,USD,2
686424c7c8d43b001321df29,2027-03-12,3784,USD,3
686424c7c8d43b001321df29,2027-03-13,4588,USD,3
686424c7c8d43b001321df29,2027-03-14,1928,USD,2
686424c7c8d43b001321df29,2027-03-15,1556,USD,2
686424c7c8d43b001321df29,2027-03-16,1556,USD,2
686424c7c8d43b001321df29,2027-03-17,1556,USD,2
686424c7c8d43b001321df29,2027-03-18,1744,USD,2
686424c7c8d43b001321df29,2027-03-19,3145,USD,3
686424c7c8d43b001321df29,2027-03-20,3822,USD,3
686424c7c8d43b001321df29,2027-03-21,1600,USD,2
686424c7c8d43b001321df29,2027-03-22,1556,USD,2
686424c7c8d43b001321df29,2027-03-23,1556,USD,2
686424c7c8d43b001321df29,2027-03-24,1556,USD,2
686424c7c8d43b001321df29,2027-03-25,1744,USD,2
686424c7c8d43b001321df29,2027-03-26,3145,USD,3
686424c7c8d43b001321df29,2027-03-27,3822,USD,3
686424c7c8d43b001321df29,2027-03-28,1600,USD,2
686424c7c8d43b001321df29,2027-03-29,1556,USD,2
686424c7c8d43b001321df29,2027-03-30,1556,USD,2
686424c7c8d43b001321df29,2027-03-31,1556,USD,2
686424c7c8d43b001321df29,2027-04-04,1600,USD,2
686424c7c8d43b001321df29,2027-04-05,1556,USD,2
686424c7c8d43b001321df29,2027-05-01,3145,USD,3
686424c7c8d43b001321df29,2027-05-02,1744,USD,2
686424c7c8d43b001321df29,2027-05-03,1344,USD,2
686424c7c8d43b001321df29,2027-05-04,1344,USD,2
686424c7c8d43b001321df29,2027-05-05,1344,USD,2
686424c7c8d43b001321df29,2027-05-06,1691,USD,2
686424c7c8d43b001321df29,2027-05-07,2638,USD,3
686424c7c8d43b001321df29,2027-05-08,2935,USD,3
686424c7c8d43b001321df29,2027-05-09,1610,USD,2
686424c7c8d43b001321df29,2027-05-10,1285,USD,2
686424c7c8d43b001321df29,2027-05-11,1350,USD,2
686424c7c8d43b001321df29,2027-05-12,1293,USD,2
686424c7c8d43b001321df29,2027-05-13,1630,USD,2
686424c7c8d43b001321df29,2027-05-14,2546,USD,3
686424c7c8d43b001321df29,2027-05-15,2842,USD,3
686424c7c8d43b001321df29,2027-05-16,1645,USD,2
686424c7c8d43b001321df29,2027-05-17,1311,USD,2
686424c7c8d43b001321df29,2027-05-18,1315,USD,2
686424c7c8d43b001321df29,2027-05-19,1323,USD,2
686424c7c8d43b001321df29,2027-05-20,1665,USD,2
686424c7c8d43b001321df29,2027-05-21,2597,USD,3
686424c7c8d43b001321df29,2027-05-22,2899,USD,3
686424c7c8d43b001321df29,2027-05-23,1680,USD,2
686424c7c8d43b001321df29,2027-05-24,1344,USD,2
686424c7c8d43b001321df29,2027-05-25,1346,USD,2
686424c7c8d43b001321df29,2027-05-26,1349,USD,2
686424c7c8d43b001321df29,2027-05-27,1882,USD,2
686424c7c8d43b001321df29,2027-05-28,3354,USD,3
686424c7c8d43b001321df29,2027-05-29,3742,USD,3
686424c7c8d43b001321df29,2027-05-30,2174,USD,2
686424c7c8d43b001321df29,2027-05-31,1739,USD,2
686424c7c8d43b001321df29,2027-06-01,1452,USD,2
686424c7c8d43b001321df29,2027-06-02,1456,USD,2
686424c7c8d43b001321df29,2027-06-03,1640,USD,2
686424c7c8d43b001321df29,2027-06-04,2417,USD,3
686424c7c8d43b001321df29,2027-06-05,2424,USD,3
686424c7c8d43b001321df29,2027-06-06,1655,USD,2
686424c7c8d43b001321df29,2027-06-07,1228,USD,2
686424c7c8d43b001321df29,2027-06-08,1232,USD,2
686424c7c8d43b001321df29,2027-06-09,1236,USD,2
686424c7c8d43b001321df29,2027-06-10,1675,USD,2
686424c7c8d43b001321df29,2027-06-11,2466,USD,3
686424c7c8d43b001321df29,2027-06-12,2473,USD,3
686424c7c8d43b001321df29,2027-06-13,1691,USD,2
686424c7c8d43b001321df29,2027-06-14,1257,USD,2
686424c7c8d43b001321df29,2027-06-15,1324,USD,2
686424c7c8d43b001321df29,2027-06-16,1328,USD,2
686424c7c8d43b001321df29,2027-06-17,1712,USD,2
686424c7c8d43b001321df29,2027-06-18,2516,USD,3
686424c7c8d43b001321df29,2027-06-19,2524,USD,3
686424c7c8d43b001321df29,2027-06-20,1728,USD,2
686424c7c8d43b001321df29,2027-06-21,1287,USD,2
686424c7c8d43b001321df29,2027-06-22,1354,USD,2
686424c7c8d43b001321df29,2027-06-23,1295,USD,2
686424c7c8d43b001321df29,2027-06-24,1749,USD,2
686424c7c8d43b001321df29,2027-06-25,2560,USD,3
686424c7c8d43b001321df29,2027-06-26,2560,USD,3
686424c7c8d43b001321df29,2027-06-27,1749,USD,2
686424c7c8d43b001321df29,2027-06-28,1299,USD,2
686424c7c8d43b001321df29,2027-06-29,1299,USD,2
686424c7c8d43b001321df29,2027-06-30,1299,USD,2
686424c7c8d43b001321df29,2027-07-01,2099,USD,2
686424c7c8d43b001321df29,2027-07-02,3072,USD,3
686424c7c8d43b001321df29,2027-07-03,3072,USD,3
686424c7c8d43b001321df29,2027-07-04,2099,USD,2
686424c7c8d43b001321df29,2027-07-05,1299,USD,2
686424c7c8d43b001321df29,2027-07-06,1299,USD,2
686424c7c8d43b001321df29,2027-07-07,1299,USD,2
686424c7c8d43b001321df29,2027-07-08,1749,USD,2
686424c7c8d43b001321df29,2027-07-09,2560,USD,3
686424c7c8d43b001321df29,2027-07-10,2560,USD,3
686424c7c8d43b001321df29,2027-07-11,1749,USD,2
686424c7c8d43b001321df29,2027-07-12,1299,USD,2
686424c7c8d43b001321df29,2027-07-13,1299,USD,2
686424c7c8d43b001321df29,2027-07-14,1299,USD,2
686424c7c8d43b001321df29,2027-07-15,1749,USD,2
686424c7c8d43b001321df29,2027-07-16,2560,USD,3
686424c7c8d43b001321df29,2027-07-17,2560,USD,3
686424c7c8d43b001321df29,2027-07-18,1749,USD,2
686424c7c8d43b001321df29,2027-07-19,1299,USD,2
686424c7c8d43b001321df29,2027-07-20,1299,USD,2
686424c7c8d43b001321df29,2027-07-21,1299,USD,2
686424c7c8d43b001321df29,2027-07-22,1749,USD,2
686424c7c8d43b001321df29,2027-07-23,2560,USD,3
686424c7c8d43b001321df29,2027-07-24,2560,USD,3
686424c7c8d43b001321df29,2027-07-25,1749,USD,2
686424c7c8d43b001321df29,2027-07-26,1299,USD,2
686424c7c8d43b001321df29,2027-07-27,1299,USD,2
686424c7c8d43b001321df29,2027-07-28,1299,USD,2
686424c7c8d43b001321df29,2027-07-29,1749,USD,2
686424c7c8d43b001321df29,2027-07-30,2560,USD,3
686424c7c8d43b001321df29,2027-07-31,2560,USD,3
686424c7c8d43b001321df29,2027-08-01,1749,USD,2
686424c7c8d43b001321df29,2027-08-02,1299,USD,2
686424c7c8d43b001321df29,2027-08-03,1299,USD,2
686424c7c8d43b001321df29,2027-08-04,1299,USD,2
686424c7c8d43b001321df29,2027-08-05,1749,USD,2
686424c7c8d43b001321df29,2027-08-06,2560,USD,3
686424c7c8d43b001321df29,2027-08-07,2560,USD,3
686424c7c8d43b001321df29,2027-08-08,1749,USD,2
686424c7c8d43b001321df29,2027-08-09,1299,USD,2
686424c7c8d43b001321df29,2027-08-10,1299,USD,2
686424c7c8d43b001321df29,2027-08-11,1299,USD,2
686424c7c8d43b001321df29,2027-08-12,1749,USD,2
686424c7c8d43b001321df29,2027-08-13,2560,USD,3
686424c7c8d43b001321df29,2027-08-14,2560,USD,3
686424c7c8d43b001321df29,2027-08-15,1749,USD,2
686424c7c8d43b001321df29,2027-08-16,1299,USD,2
686424c7c8d43b001321df29,2027-08-17,1299,USD,2
686424c7c8d43b001321df29,2027-08-18,1299,USD,2
686424c7c8d43b001321df29,2027-08-19,1749,USD,2
686424c7c8d43b001321df29,2027-08-20,2560,USD,3
686424c7c8d43b001321df29,2027-08-21,2560,USD,3
686424c7c8d43b001321df29,2027-08-22,1749,USD,2
686424c7c8d43b001321df29,2027-08-23,1299,USD,2
686424c7c8d43b001321df29,2027-08-24,1299,USD,2
686424c7c8d43b001321df29,2027-08-25,1299,USD,2
686424c7c8d43b001321df29,2027-08-26,1749,USD,2
686424c7c8d43b001321df29,2027-08-27,2560,USD,3
686424c7c8d43b001321df29,2027-08-28,2560,USD,3
686424c7c8d43b001321df29,2027-08-29,1749,USD,2
686424c7c8d43b001321df29,2027-08-30,1299,USD,2
686424c7c8d43b001321df29,2027-08-31,1299,USD,2
686424c7c8d43b001321df29,2027-09-01,1299,USD,2
686424c7c8d43b001321df29,2027-09-02,2009,USD,2
686424c7c8d43b001321df29,2027-09-03,3642,USD,3
686424c7c8d43b001321df29,2027-09-04,4776,USD,3
686424c7c8d43b001321df29,2027-09-05,2034,USD,2
686424c7c8d43b001321df29,2027-09-06,1759,USD,2
686424c7c8d43b001321df29,2027-09-07,1599,USD,2
686424c7c8d43b001321df29,2027-09-08,1559,USD,2
686424c7c8d43b001321df29,2027-09-09,2009,USD,2
686424c7c8d43b001321df29,2027-09-10,3311,USD,3
686424c7c8d43b001321df29,2027-09-11,4342,USD,3
686424c7c8d43b001321df29,2027-09-12,1849,USD,2
686424c7c8d43b001321df29,2027-09-13,1599,USD,2
686424c7c8d43b001321df29,2027-09-14,1599,USD,2
686424c7c8d43b001321df29,2027-09-15,1559,USD,2
686424c7c8d43b001321df29,2027-09-16,2009,USD,2
686424c7c8d43b001321df29,2027-09-17,3311,USD,3
686424c7c8d43b001321df29,2027-09-18,4342,USD,3
686424c7c8d43b001321df29,2027-09-19,1849,USD,2
686424c7c8d43b001321df29,2027-09-20,1599,USD,2
686424c7c8d43b001321df29,2027-09-21,1599,USD,2
686424c7c8d43b001321df29,2027-09-22,1559,USD,2
686424c7c8d43b001321df29,2027-09-23,2009,USD,2
686424c7c8d43b001321df29,2027-09-24,3311,USD,3
686424c7c8d43b001321df29,2027-09-25,4342,USD,3
686424c7c8d43b001321df29,2027-09-26,1849,USD,2
686424c7c8d43b001321df29,2027-09-27,1599,USD,2
686424c7c8d43b001321df29,2027-09-28,1599,USD,2
686424c7c8d43b001321df29,2027-09-29,1559,USD,2
686424c7c8d43b001321df29,2027-09-30,1849,USD,2
686424c7c8d43b001321df29,2027-10-01,3586,USD,3
686424c7c8d43b001321df29,2027-10-02,4342,USD,3
686424c7c8d43b001321df29,2027-10-03,1849,USD,2
686424c7c8d43b001321df29,2027-10-04,1599,USD,2
686424c7c8d43b001321df29,2027-10-05,1599,USD,2
686424c7c8d43b001321df29,2027-10-06,1599,USD,2
686424c7c8d43b001321df29,2027-10-07,2009,USD,2
686424c7c8d43b001321df29,2027-10-08,3586,USD,3
686424c7c8d43b001321df29,2027-10-09,4342,USD,3
686424c7c8d43b001321df29,2027-10-10,1849,USD,2
686424c7c8d43b001321df29,2027-10-11,1599,USD,2
686424c7c8d43b001321df29,2027-10-12,1599,USD,2
686424c7c8d43b001321df29,2027-10-13,1599,USD,2
686424c7c8d43b001321df29,2027-10-14,2009,USD,2
686424c7c8d43b001321df29,2027-10-15,3586,USD,3
686424c7c8d43b001321df29,2027-10-16,4342,USD,3
686424c7c8d43b001321df29,2027-10-17,1849,USD,2
686424c7c8d43b001321df29,2027-10-18,1599,USD,2
686424c7c8d43b001321df29,2027-10-19,1599,USD,2
686424c7c8d43b001321df29,2027-10-20,1599,USD,2
686424c7c8d43b001321df29,2027-10-21,2009,USD,2
686424c7c8d43b001321df29,2027-10-22,3586,USD,3
686424c7c8d43b001321df29,2027-10-23,4342,USD,3
686424c7c8d43b001321df29,2027-10-24,1849,USD,2
686424c7c8d43b001321df29,2027-10-25,1599,USD,2
686424c7c8d43b001321df29,2027-10-26,1599,USD,2
686424c7c8d43b001321df29,2027-10-27,1599,USD,2
686424c7c8d43b001321df29,2027-10-28,2009,USD,2
686424c7c8d43b001321df29,2027-10-29,3586,USD,3
686424c7c8d43b001321df29,2027-10-30,4342,USD,3
686424c7c8d43b001321df29,2027-10-31,1849,USD,2
686424c7c8d43b001321df29,2027-11-01,1599,USD,2
686424c7c8d43b001321df29,2027-11-02,1599,USD,2
686424c7c8d43b001321df29,2027-11-03,1559,USD,2
686424c7c8d43b001321df29,2027-11-04,2009,USD,2
686424c7c8d43b001321df29,2027-11-05,3586,USD,3
686424c7c8d43b001321df29,2027-11-06,4342,USD,3
686424c7c8d43b001321df29,2027-11-07,1849,USD,2
686424c7c8d43b001321df29,2027-11-08,1599,USD,2
686424c7c8d43b001321df29,2027-11-09,1599,USD,2
686424c7c8d43b001321df29,2027-11-10,1559,USD,2
686424c7c8d43b001321df29,2027-11-11,2009,USD,2
686424c7c8d43b001321df29,2027-11-12,3586,USD,3
686424c7c8d43b001321df29,2027-11-13,4342,USD,3
686424c7c8d43b001321df29,2027-11-14,1849,USD,2
686424c7c8d43b001321df29,2027-11-15,1599,USD,2
686424c7c8d43b001321df29,2027-11-16,1599,USD,2
686424c7c8d43b001321df29,2027-11-17,1559,USD,2
686424c7c8d43b001321df29,2027-11-18,2009,USD,2
686424c7c8d43b001321df29,2027-11-19,3586,USD,3
686424c7c8d43b001321df29,2027-11-20,4342,USD,3
686424c7c8d43b001321df29,2027-11-21,1849,USD,2
686424c7c8d43b001321df29,2027-11-22,1599,USD,2
686424c7c8d43b001321df29,2027-11-23,1599,USD,2
686424c7c8d43b001321df29,2027-11-24,1559,USD,2
686424c7c8d43b001321df29,2027-11-25,3014,USD,3
686424c7c8d43b001321df29,2027-11-26,5378,USD,3
686424c7c8d43b001321df29,2027-11-27,6512,USD,3
686424c7c8d43b001321df29,2027-11-28,1849,USD,2
686424c7c8d43b001321df29,2027-11-29,1599,USD,2
686424c7c8d43b001321df29,2027-11-30,1599,USD,2
686424c7c8d43b001321df29,2027-12-01,1599,USD,2
686424c7c8d43b001321df29,2027-12-02,2009,USD,2
686424c7c8d43b001321df29,2027-12-03,3311,USD,3
686424c7c8d43b001321df29,2027-12-04,4342,USD,3
686424c7c8d43b001321df29,2027-12-05,1849,USD,2
686424c7c8d43b001321df29,2027-12-06,1599,USD,2
686424c7c8d43b001321df29,2027-12-07,1599,USD,2
686424c7c8d43b001321df29,2027-12-08,1559,USD,2
686424c7c8d43b001321df29,2027-12-09,2009,USD,2
686424c7c8d43b001321df29,2027-12-10,3311,USD,3
686424c7c8d43b001321df29,2027-12-11,4342,USD,3
686424c7c8d43b001321df29,2027-12-12,1849,USD,2
686424c7c8d43b001321df29,2027-12-13,1599,USD,2
686424c7c8d43b001321df29,2027-12-14,1599,USD,2
686424c7c8d43b001321df29,2027-12-16,2009,USD,2
686424c7c8d43b001321df29,2027-12-17,3973,USD,3
686424c7c8d43b001321df29,2027-12-18,5210,USD,3
686424c7c8d43b001321df29,2027-12-19,2219,USD,2
686424c7c8d43b001321df29,2027-12-20,1919,USD,2
686424c7c8d43b001321df29,2027-12-21,1919,USD,2
686424c7c8d43b001321df29,2027-12-22,1871,USD,2
686424c7c8d43b001321df29,2027-12-23,2411,USD,3
686424c7c8d43b001321df29,2027-12-24,8940,USD,3
686424c7c8d43b001321df29,2027-12-25,8940,USD,3
686424c7c8d43b001321df29,2027-12-26,8940,USD,2
686424c7c8d43b001321df29,2027-12-27,1599,USD,2
686424c7c8d43b001321df29,2027-12-28,1599,USD,2
686424c7c8d43b001321df29,2027-12-29,1559,USD,2
686424c7c8d43b001321df29,2027-12-30,12516,USD,3
686424c7c8d43b001321df29,2027-12-31,12516,USD,3
686424c7c8d43b001321df29,2028-01-01,12516,USD,3
686424c7c8d43b001321df29,2028-01-02,6258,USD,2
686424c7c8d43b001321df29,2028-01-03,1299,USD,2
686424c7c8d43b001321df29,2028-01-04,1299,USD,2
686424c7c8d43b001321df29,2028-01-05,1299,USD,2
686424c7c8d43b001321df29,2028-01-06,1749,USD,2
686424c7c8d43b001321df29,2028-01-07,2844,USD,3
686424c7c8d43b001321df29,2028-01-08,2844,USD,3
686424c7c8d43b001321df29,2028-01-09,1749,USD,2
686424c7c8d43b001321df29,2026-08-02,1285,USD,2
686424c7c8d43b001321df29,2027-04-09,12296,USD,3
686424c7c8d43b001321df29,2027-04-10,12296,USD,3
686424c7c8d43b001321df29,2027-04-11,7175,USD,3
686424c7c8d43b001321df29,2027-04-08,7175,USD,4
686424c7c8d43b001321df29,2027-04-18,3888,USD,3
686424c7c8d43b001321df29,2027-04-16,9629,USD,3
686424c7c8d43b001321df29,2027-04-17,9629,USD,3
686424c7c8d43b001321df29,2027-04-22,2544,USD,4
686424c7c8d43b001321df29,2027-04-23,3822,USD,3
686424c7c8d43b001321df29,2027-04-25,2228,USD,3
686424c7c8d43b001321df29,2027-04-01,2280,USD,2
686424c7c8d43b001321df29,2027-04-02,4103,USD,3
686424c7c8d43b001321df29,2027-04-03,4977,USD,3
686424c7c8d43b001321df29,2026-11-24,1324,USD,2
686424c7c8d43b001321df29,2026-11-25,1324,USD,2
686424c7c8d43b001321df29,2026-07-23,957,USD,1
686424c7c8d43b001321df29,2026-07-05,941,USD,2
686424c7c8d43b001321df29,2026-07-19,1286,USD,1
686424d94cdb20000e10b8db,2026-06-24,1575,USD,2
686424d94cdb20000e10b8db,2026-06-25,2686,USD,2
686424d94cdb20000e10b8db,2026-06-26,2499,USD,2
686424d94cdb20000e10b8db,2026-06-27,2892,USD,2
686424d94cdb20000e10b8db,2026-06-28,2686,USD,2
686424d94cdb20000e10b8db,2026-06-29,1575,USD,2
686424d94cdb20000e10b8db,2026-06-30,1575,USD,2
686424d94cdb20000e10b8db,2026-07-01,1575,USD,2
686424d94cdb20000e10b8db,2026-07-06,1600,USD,2
686424d94cdb20000e10b8db,2026-07-07,1600,USD,2
686424d94cdb20000e10b8db,2026-07-08,1600,USD,2
686424d94cdb20000e10b8db,2026-07-09,3172,USD,2
686424d94cdb20000e10b8db,2026-07-10,3491,USD,2
686424d94cdb20000e10b8db,2026-07-11,4023,USD,2
686424d94cdb20000e10b8db,2026-07-13,2010,USD,2
686424d94cdb20000e10b8db,2026-07-14,2010,USD,2
686424d94cdb20000e10b8db,2026-07-15,2010,USD,2
686424d94cdb20000e10b8db,2026-07-16,3172,USD,2
686424d94cdb20000e10b8db,2026-07-17,3491,USD,2
686424d94cdb20000e10b8db,2026-07-18,4023,USD,2
686424d94cdb20000e10b8db,2026-07-20,2010,USD,2
686424d94cdb20000e10b8db,2026-07-21,2010,USD,2
686424d94cdb20000e10b8db,2026-07-22,2010,USD,2
686424d94cdb20000e10b8db,2026-07-23,2374,USD,2
686424d94cdb20000e10b8db,2026-07-24,2965,USD,2
686424d94cdb20000e10b8db,2026-07-25,3415,USD,2
686424d94cdb20000e10b8db,2026-07-26,2374,USD,2
686424d94cdb20000e10b8db,2026-07-27,2010,USD,2
686424d94cdb20000e10b8db,2026-07-28,2010,USD,2
686424d94cdb20000e10b8db,2026-07-29,2010,USD,2
686424d94cdb20000e10b8db,2026-07-30,1575,USD,2
686424d94cdb20000e10b8db,2026-07-31,2100,USD,2
686424d94cdb20000e10b8db,2026-08-01,3805,USD,2
686424d94cdb20000e10b8db,2026-08-03,1722,USD,2
686424d94cdb20000e10b8db,2026-08-04,1722,USD,2
686424d94cdb20000e10b8db,2026-08-05,1722,USD,2
686424d94cdb20000e10b8db,2026-08-10,1722,USD,2
686424d94cdb20000e10b8db,2026-08-11,1722,USD,2
686424d94cdb20000e10b8db,2026-08-12,1722,USD,2
686424d94cdb20000e10b8db,2026-08-13,2388,USD,2
686424d94cdb20000e10b8db,2026-08-14,3298,USD,2
686424d94cdb20000e10b8db,2026-08-15,3811,USD,2
686424d94cdb20000e10b8db,2026-08-16,2388,USD,2
686424d94cdb20000e10b8db,2026-08-17,1722,USD,2
686424d94cdb20000e10b8db,2026-08-18,1722,USD,2
686424d94cdb20000e10b8db,2026-08-19,1722,USD,2
686424d94cdb20000e10b8db,2026-08-20,2520,USD,2
686424d94cdb20000e10b8db,2026-08-21,3481,USD,2
686424d94cdb20000e10b8db,2026-08-22,4023,USD,2
686424d94cdb20000e10b8db,2026-08-23,2520,USD,2
686424d94cdb20000e10b8db,2026-08-24,1722,USD,2
686424d94cdb20000e10b8db,2026-08-25,1722,USD,2
686424d94cdb20000e10b8db,2026-08-26,1722,USD,2
686424d94cdb20000e10b8db,2026-08-27,2520,USD,2
686424d94cdb20000e10b8db,2026-08-28,3481,USD,2
686424d94cdb20000e10b8db,2026-08-29,4023,USD,2
686424d94cdb20000e10b8db,2026-08-30,2520,USD,2
686424d94cdb20000e10b8db,2026-09-11,4169,USD,2
686424d94cdb20000e10b8db,2026-09-12,4807,USD,2
686424d94cdb20000e10b8db,2026-09-18,4169,USD,2
686424d94cdb20000e10b8db,2026-09-19,4807,USD,2
686424d94cdb20000e10b8db,2026-09-25,4169,USD,2
686424d94cdb20000e10b8db,2026-09-26,4807,USD,2
686424d94cdb20000e10b8db,2026-10-02,4903,USD,2
686424d94cdb20000e10b8db,2026-10-03,5645,USD,2
686424d94cdb20000e10b8db,2026-10-16,4903,USD,2
686424d94cdb20000e10b8db,2026-10-17,5645,USD,2
686424d94cdb20000e10b8db,2026-10-23,4903,USD,2
686424d94cdb20000e10b8db,2026-10-24,5645,USD,2
686424d94cdb20000e10b8db,2026-10-30,4903,USD,2
686424d94cdb20000e10b8db,2026-10-31,5645,USD,2
686424d94cdb20000e10b8db,2026-11-06,5254,USD,2
686424d94cdb20000e10b8db,2026-11-07,6053,USD,2
686424d94cdb20000e10b8db,2026-11-13,5254,USD,2
686424d94cdb20000e10b8db,2026-11-14,6053,USD,2
686424d94cdb20000e10b8db,2026-11-19,3591,USD,2
686424d94cdb20000e10b8db,2026-11-20,5254,USD,2
686424d94cdb20000e10b8db,2026-11-21,6053,USD,2
686424d94cdb20000e10b8db,2026-11-22,3591,USD,2
686424d94cdb20000e10b8db,2026-11-23,2459,USD,2
686424d94cdb20000e10b8db,2026-11-24,2459,USD,2
686424d94cdb20000e10b8db,2026-11-25,2459,USD,2
686424d94cdb20000e10b8db,2026-11-26,5846,USD,3
686424d94cdb20000e10b8db,2026-11-27,8256,USD,3
686424d94cdb20000e10b8db,2026-11-28,9511,USD,3
686424d94cdb20000e10b8db,2026-11-29,2431,USD,2
686424d94cdb20000e10b8db,2026-11-30,2201,USD,2
686424d94cdb20000e10b8db,2026-12-01,2201,USD,2
686424d94cdb20000e10b8db,2026-12-02,2201,USD,2
686424d94cdb20000e10b8db,2026-12-03,3214,USD,2
686424d94cdb20000e10b8db,2026-12-04,7600,USD,2
686424d94cdb20000e10b8db,2026-12-05,8759,USD,2
686424d94cdb20000e10b8db,2026-12-06,3214,USD,2
686424d94cdb20000e10b8db,2026-12-07,2201,USD,2
686424d94cdb20000e10b8db,2026-12-08,2201,USD,2
686424d94cdb20000e10b8db,2026-12-09,2201,USD,2
686424d94cdb20000e10b8db,2026-12-10,3214,USD,2
686424d94cdb20000e10b8db,2026-12-11,7600,USD,2
686424d94cdb20000e10b8db,2026-12-12,8759,USD,2
686424d94cdb20000e10b8db,2026-12-13,3214,USD,2
686424d94cdb20000e10b8db,2026-12-14,2201,USD,2
686424d94cdb20000e10b8db,2026-12-15,2201,USD,2
686424d94cdb20000e10b8db,2026-12-16,2201,USD,2
686424d94cdb20000e10b8db,2026-12-17,3710,USD,2
686424d94cdb20000e10b8db,2026-12-18,7600,USD,2
686424d94cdb20000e10b8db,2026-12-19,10080,USD,2
686424d94cdb20000e10b8db,2026-12-20,3710,USD,2
686424d94cdb20000e10b8db,2027-01-07,3528,USD,2
686424d94cdb20000e10b8db,2027-01-09,4905,USD,3
686424d94cdb20000e10b8db,2027-01-10,3528,USD,2
686424d94cdb20000e10b8db,2027-01-11,2471,USD,2
686424d94cdb20000e10b8db,2027-01-12,2471,USD,2
686424d94cdb20000e10b8db,2027-01-13,2471,USD,2
686424d94cdb20000e10b8db,2027-01-14,3528,USD,2
686424d94cdb20000e10b8db,2027-01-15,4685,USD,3
686424d94cdb20000e10b8db,2027-01-16,5403,USD,3
686424d94cdb20000e10b8db,2027-01-17,3885,USD,2
686424d94cdb20000e10b8db,2027-01-18,2727,USD,2
686424d94cdb20000e10b8db,2027-01-19,2471,USD,2
686424d94cdb20000e10b8db,2027-01-20,2471,USD,2
686424d94cdb20000e10b8db,2027-01-21,3528,USD,2
686424d94cdb20000e10b8db,2027-01-22,4261,USD,3
686424d94cdb20000e10b8db,2027-01-23,4905,USD,3
686424d94cdb20000e10b8db,2027-01-24,3528,USD,2
686424d94cdb20000e10b8db,2027-01-25,2471,USD,2
686424d94cdb20000e10b8db,2027-01-26,2471,USD,2
686424d94cdb20000e10b8db,2027-01-27,2471,USD,2
686424d94cdb20000e10b8db,2027-01-28,3047,USD,2
686424d94cdb20000e10b8db,2027-01-29,3680,USD,3
686424d94cdb20000e10b8db,2027-01-30,4235,USD,3
686424d94cdb20000e10b8db,2027-01-31,3528,USD,2
686424d94cdb20000e10b8db,2027-02-01,2854,USD,2
686424d94cdb20000e10b8db,2027-02-02,2854,USD,2
686424d94cdb20000e10b8db,2027-02-03,2854,USD,2
686424d94cdb20000e10b8db,2027-02-04,4163,USD,2
686424d94cdb20000e10b8db,2027-02-05,5133,USD,3
686424d94cdb20000e10b8db,2027-02-06,5909,USD,3
686424d94cdb20000e10b8db,2027-02-07,4163,USD,2
686424d94cdb20000e10b8db,2027-02-08,2854,USD,2
686424d94cdb20000e10b8db,2027-02-09,2854,USD,2
686424d94cdb20000e10b8db,2027-02-10,2854,USD,2
686424d94cdb20000e10b8db,2027-02-11,4163,USD,2
686424d94cdb20000e10b8db,2027-02-12,5664,USD,3
686424d94cdb20000e10b8db,2027-02-13,6527,USD,3
686424d94cdb20000e10b8db,2027-02-14,4584,USD,2
686424d94cdb20000e10b8db,2027-02-15,3160,USD,2
686424d94cdb20000e10b8db,2027-02-16,3160,USD,2
686424d94cdb20000e10b8db,2027-02-17,2854,USD,2
686424d94cdb20000e10b8db,2027-02-18,4163,USD,2
686424d94cdb20000e10b8db,2027-02-19,5133,USD,3
686424d94cdb20000e10b8db,2027-02-20,5909,USD,3
686424d94cdb20000e10b8db,2027-02-21,4163,USD,2
686424d94cdb20000e10b8db,2027-02-22,2854,USD,2
686424d94cdb20000e10b8db,2026-08-06,2388,USD,2
686424d94cdb20000e10b8db,2026-08-07,3298,USD,2
686424d94cdb20000e10b8db,2026-08-08,3811,USD,2
686424d94cdb20000e10b8db,2026-08-09,2388,USD,2
686424d94cdb20000e10b8db,2026-08-31,1745,USD,2
686424d94cdb20000e10b8db,2026-09-01,1745,USD,2
686424d94cdb20000e10b8db,2026-09-02,1745,USD,2
686424d94cdb20000e10b8db,2026-09-08,2194,USD,2
686424d94cdb20000e10b8db,2026-09-09,2194,USD,2
686424d94cdb20000e10b8db,2026-09-14,2194,USD,2
686424d94cdb20000e10b8db,2026-09-15,2194,USD,2
686424d94cdb20000e10b8db,2026-09-16,2194,USD,2
686424d94cdb20000e10b8db,2026-09-28,2194,USD,2
686424d94cdb20000e10b8db,2026-09-29,2194,USD,2
686424d94cdb20000e10b8db,2026-09-30,2194,USD,2
686424d94cdb20000e10b8db,2026-09-21,2194,USD,2
686424d94cdb20000e10b8db,2026-09-22,2194,USD,2
686424d94cdb20000e10b8db,2026-09-23,2194,USD,2
686424d94cdb20000e10b8db,2026-09-03,3205,USD,2
686424d94cdb20000e10b8db,2026-11-16,2459,USD,2
686424d94cdb20000e10b8db,2026-11-17,2459,USD,2
686424d94cdb20000e10b8db,2026-11-18,2459,USD,2
686424d94cdb20000e10b8db,2026-11-09,2459,USD,2
686424d94cdb20000e10b8db,2026-11-10,2459,USD,2
686424d94cdb20000e10b8db,2026-11-11,2459,USD,2
686424d94cdb20000e10b8db,2026-11-02,2287,USD,2
686424d94cdb20000e10b8db,2026-11-03,2287,USD,2
686424d94cdb20000e10b8db,2026-11-04,2287,USD,2
686424d94cdb20000e10b8db,2026-10-26,2287,USD,2
686424d94cdb20000e10b8db,2026-10-27,2287,USD,2
686424d94cdb20000e10b8db,2026-10-28,2287,USD,2
686424d94cdb20000e10b8db,2026-10-19,2287,USD,2
686424d94cdb20000e10b8db,2026-10-20,2287,USD,2
686424d94cdb20000e10b8db,2026-10-21,2287,USD,2
686424d94cdb20000e10b8db,2026-10-12,2287,USD,2
686424d94cdb20000e10b8db,2026-10-13,2287,USD,2
686424d94cdb20000e10b8db,2026-10-14,2287,USD,2
686424d94cdb20000e10b8db,2026-10-05,2287,USD,2
686424d94cdb20000e10b8db,2026-10-06,2287,USD,2
686424d94cdb20000e10b8db,2026-10-07,2287,USD,2
686424d94cdb20000e10b8db,2026-10-01,3345,USD,2
686424d94cdb20000e10b8db,2026-10-11,3345,USD,2
686424d94cdb20000e10b8db,2026-10-15,3345,USD,2
686424d94cdb20000e10b8db,2026-10-22,3345,USD,2
686424d94cdb20000e10b8db,2026-10-18,3345,USD,2
686424d94cdb20000e10b8db,2026-10-25,3345,USD,2
686424d94cdb20000e10b8db,2026-10-29,3345,USD,2
686424d94cdb20000e10b8db,2026-11-01,3345,USD,2
686424d94cdb20000e10b8db,2026-11-08,3591,USD,2
686424d94cdb20000e10b8db,2026-11-12,3591,USD,2
686424d94cdb20000e10b8db,2026-11-15,3591,USD,2
686424d94cdb20000e10b8db,2026-09-10,3205,USD,2
686424d94cdb20000e10b8db,2026-09-13,3205,USD,2
686424d94cdb20000e10b8db,2026-09-17,3205,USD,2
686424d94cdb20000e10b8db,2026-09-20,3205,USD,2
686424d94cdb20000e10b8db,2026-09-24,3205,USD,2
686424d94cdb20000e10b8db,2026-09-27,3205,USD,2
686424d94cdb20000e10b8db,2026-07-03,2780,USD,3
686424d94cdb20000e10b8db,2026-07-04,3205,USD,3
686424d94cdb20000e10b8db,2026-07-02,3335,USD,3
686424d94cdb20000e10b8db,2026-07-05,2327,USD,3
686424d94cdb20000e10b8db,2026-09-04,5058,USD,3
686424d94cdb20000e10b8db,2026-09-05,5830,USD,3
686424d94cdb20000e10b8db,2026-09-06,5512,USD,3
686424d94cdb20000e10b8db,2026-09-07,3178,USD,3
686424d94cdb20000e10b8db,2026-12-25,11411,USD,3
686424d94cdb20000e10b8db,2026-12-26,11411,USD,3
686424d94cdb20000e10b8db,2026-12-30,14928,USD,3
686424d94cdb20000e10b8db,2026-12-31,14928,USD,3
686424d94cdb20000e10b8db,2027-01-03,3471,USD,2
686424d94cdb20000e10b8db,2027-01-04,2471,USD,2
686424d94cdb20000e10b8db,2027-01-05,2471,USD,2
686424d94cdb20000e10b8db,2027-01-06,2471,USD,2
686424d94cdb20000e10b8db,2026-07-12,2626,USD,2
686424d94cdb20000e10b8db,2027-02-23,2854,USD,2
686424d94cdb20000e10b8db,2027-02-24,2854,USD,2
686424d94cdb20000e10b8db,2027-02-25,4163,USD,2
686424d94cdb20000e10b8db,2027-02-26,5133,USD,3
686424d94cdb20000e10b8db,2027-02-27,5909,USD,3
686424d94cdb20000e10b8db,2027-02-28,4177,USD,2
686424d94cdb20000e10b8db,2026-12-24,11411,USD,3
686424d94cdb20000e10b8db,2026-12-22,4098,USD,2
686424d94cdb20000e10b8db,2026-12-23,4098,USD,2
686424d94cdb20000e10b8db,2026-12-21,3214,USD,2
686424d94cdb20000e10b8db,2026-12-27,4098,USD,2
686424d94cdb20000e10b8db,2026-12-28,3214,USD,2
686424d94cdb20000e10b8db,2026-12-29,3214,USD,2
686424d94cdb20000e10b8db,2027-01-08,4905,USD,3
686424d94cdb20000e10b8db,2026-10-08,3864,USD,2
686424d94cdb20000e10b8db,2026-10-09,5645,USD,2
686424d94cdb20000e10b8db,2026-10-10,7840,USD,2
686424d94cdb20000e10b8db,2027-12-15,3742,USD,2
686424d94cdb20000e10b8db,2027-01-01,5877,USD,3
686424d94cdb20000e10b8db,2027-01-02,5877,USD,3
686424d94cdb20000e10b8db,2027-04-12,3987,USD,2
686424d94cdb20000e10b8db,2027-04-13,3987,USD,2
686424d94cdb20000e10b8db,2027-04-14,3987,USD,2
686424d94cdb20000e10b8db,2027-04-15,9388,USD,4
686424d94cdb20000e10b8db,2027-04-19,3987,USD,2
686424d94cdb20000e10b8db,2027-04-20,3987,USD,2
686424d94cdb20000e10b8db,2027-04-21,3987,USD,2
686424d94cdb20000e10b8db,2027-04-24,9222,USD,3
686424d94cdb20000e10b8db,2027-04-26,3987,USD,2
686424d94cdb20000e10b8db,2027-04-06,3987,USD,2
686424d94cdb20000e10b8db,2027-04-07,3987,USD,2
686424d94cdb20000e10b8db,2027-04-27,3987,USD,2
686424d94cdb20000e10b8db,2027-04-28,3987,USD,2
686424d94cdb20000e10b8db,2027-04-29,4244,USD,2
686424d94cdb20000e10b8db,2027-04-30,7600,USD,3
686424d94cdb20000e10b8db,2027-03-01,4792,USD,2
686424d94cdb20000e10b8db,2027-03-02,4792,USD,2
686424d94cdb20000e10b8db,2027-03-03,4792,USD,2
686424d94cdb20000e10b8db,2027-03-04,5105,USD,2
686424d94cdb20000e10b8db,2027-03-05,9138,USD,3
686424d94cdb20000e10b8db,2027-03-06,11071,USD,3
686424d94cdb20000e10b8db,2027-03-07,4691,USD,2
686424d94cdb20000e10b8db,2027-03-08,4792,USD,2
686424d94cdb20000e10b8db,2027-03-09,4792,USD,2
686424d94cdb20000e10b8db,2027-03-10,4792,USD,2
686424d94cdb20000e10b8db,2027-03-11,5105,USD,2
686424d94cdb20000e10b8db,2027-03-12,9138,USD,3
686424d94cdb20000e10b8db,2027-03-13,11071,USD,3
686424d94cdb20000e10b8db,2027-03-14,4691,USD,2
686424d94cdb20000e10b8db,2027-03-15,3987,USD,2
686424d94cdb20000e10b8db,2027-03-16,3987,USD,2
686424d94cdb20000e10b8db,2027-03-17,3987,USD,2
686424d94cdb20000e10b8db,2027-03-18,4244,USD,2
686424d94cdb20000e10b8db,2027-03-19,7600,USD,3
686424d94cdb20000e10b8db,2027-03-20,9222,USD,3
686424d94cdb20000e10b8db,2027-03-21,3906,USD,2
686424d94cdb20000e10b8db,2027-03-22,3987,USD,2
686424d94cdb20000e10b8db,2027-03-23,3987,USD,2
686424d94cdb20000e10b8db,2027-03-24,3987,USD,2
686424d94cdb20000e10b8db,2027-03-25,4244,USD,2
686424d94cdb20000e10b8db,2027-03-26,7600,USD,3
686424d94cdb20000e10b8db,2027-03-27,9222,USD,3
686424d94cdb20000e10b8db,2027-03-28,3906,USD,2
686424d94cdb20000e10b8db,2027-03-29,3987,USD,2
686424d94cdb20000e10b8db,2027-03-30,3987,USD,2
686424d94cdb20000e10b8db,2027-03-31,3987,USD,2
686424d94cdb20000e10b8db,2027-04-04,4244,USD,2
686424d94cdb20000e10b8db,2027-04-05,3987,USD,2
686424d94cdb20000e10b8db,2027-05-01,7600,USD,3
686424d94cdb20000e10b8db,2027-05-02,4244,USD,2
686424d94cdb20000e10b8db,2027-05-03,3280,USD,2
686424d94cdb20000e10b8db,2027-05-04,3280,USD,2
686424d94cdb20000e10b8db,2027-05-05,3280,USD,2
686424d94cdb20000e10b8db,2027-05-06,4118,USD,2
686424d94cdb20000e10b8db,2027-05-07,6385,USD,3
686424d94cdb20000e10b8db,2027-05-08,7104,USD,3
686424d94cdb20000e10b8db,2027-05-09,3918,USD,2
686424d94cdb20000e10b8db,2027-05-10,3134,USD,2
686424d94cdb20000e10b8db,2027-05-11,3298,USD,2
686424d94cdb20000e10b8db,2027-05-12,3154,USD,2
686424d94cdb20000e10b8db,2027-05-13,3963,USD,2
686424d94cdb20000e10b8db,2027-05-14,6164,USD,3
686424d94cdb20000e10b8db,2027-05-15,6864,USD,3
686424d94cdb20000e10b8db,2027-05-16,3994,USD,2
686424d94cdb20000e10b8db,2027-05-17,3196,USD,2
686424d94cdb20000e10b8db,2027-05-18,3205,USD,2
686424d94cdb20000e10b8db,2027-05-19,3214,USD,2
686424d94cdb20000e10b8db,2027-05-20,4040,USD,2
686424d94cdb20000e10b8db,2027-05-21,6280,USD,3
686424d94cdb20000e10b8db,2027-05-22,6993,USD,3
686424d94cdb20000e10b8db,2027-05-23,4072,USD,2
686424d94cdb20000e10b8db,2027-05-24,3261,USD,2
686424d94cdb20000e10b8db,2027-05-25,3265,USD,2
686424d94cdb20000e10b8db,2027-05-26,3279,USD,2
686424d94cdb20000e10b8db,2027-05-27,4553,USD,2
686424d94cdb20000e10b8db,2027-05-28,8092,USD,3
686424d94cdb20000e10b8db,2027-05-29,9017,USD,3
686424d94cdb20000e10b8db,2027-05-30,5250,USD,2
686424d94cdb20000e10b8db,2027-05-31,4205,USD,2
686424d94cdb20000e10b8db,2027-06-01,3511,USD,2
686424d94cdb20000e10b8db,2027-06-02,3521,USD,2
686424d94cdb20000e10b8db,2027-06-03,3963,USD,2
686424d94cdb20000e10b8db,2027-06-04,5824,USD,3
686424d94cdb20000e10b8db,2027-06-05,5839,USD,3
686424d94cdb20000e10b8db,2027-06-06,3996,USD,2
686424d94cdb20000e10b8db,2027-06-07,2973,USD,2
686424d94cdb20000e10b8db,2027-06-08,2982,USD,2
686424d94cdb20000e10b8db,2027-06-09,2990,USD,2
686424d94cdb20000e10b8db,2027-06-10,4040,USD,2
686424d94cdb20000e10b8db,2027-06-11,5933,USD,3
686424d94cdb20000e10b8db,2027-06-12,5949,USD,3
686424d94cdb20000e10b8db,2027-06-13,4074,USD,2
686424d94cdb20000e10b8db,2027-06-14,3032,USD,2
686424d94cdb20000e10b8db,2027-06-15,3192,USD,2
686424d94cdb20000e10b8db,2027-06-16,3201,USD,2
686424d94cdb20000e10b8db,2027-06-17,4118,USD,2
686424d94cdb20000e10b8db,2027-06-18,6044,USD,3
686424d94cdb20000e10b8db,2027-06-19,6061,USD,3
686424d94cdb20000e10b8db,2027-06-20,4152,USD,2
686424d94cdb20000e10b8db,2027-06-21,3092,USD,2
686424d94cdb20000e10b8db,2027-06-22,3255,USD,2
686424d94cdb20000e10b8db,2027-06-23,3110,USD,2
686424d94cdb20000e10b8db,2027-06-24,4198,USD,2
686424d94cdb20000e10b8db,2027-06-25,6143,USD,3
686424d94cdb20000e10b8db,2027-06-26,6143,USD,3
686424d94cdb20000e10b8db,2027-06-27,4198,USD,2
686424d94cdb20000e10b8db,2027-06-28,3118,USD,2
686424d94cdb20000e10b8db,2027-06-29,3118,USD,2
686424d94cdb20000e10b8db,2027-06-30,3118,USD,2
686424d94cdb20000e10b8db,2027-07-01,5037,USD,2
686424d94cdb20000e10b8db,2027-07-02,7372,USD,3
686424d94cdb20000e10b8db,2027-07-03,7372,USD,3
686424d94cdb20000e10b8db,2027-07-04,5037,USD,2
686424d94cdb20000e10b8db,2027-07-05,3118,USD,2
686424d94cdb20000e10b8db,2027-07-06,3118,USD,2
686424d94cdb20000e10b8db,2027-07-07,3118,USD,2
686424d94cdb20000e10b8db,2027-07-08,4198,USD,2
686424d94cdb20000e10b8db,2027-07-09,6143,USD,3
686424d94cdb20000e10b8db,2027-07-10,6143,USD,3
686424d94cdb20000e10b8db,2027-07-11,4198,USD,2
686424d94cdb20000e10b8db,2027-07-12,3118,USD,2
686424d94cdb20000e10b8db,2027-07-13,3118,USD,2
686424d94cdb20000e10b8db,2027-07-14,3118,USD,2
686424d94cdb20000e10b8db,2027-07-15,4198,USD,2
686424d94cdb20000e10b8db,2027-07-16,6143,USD,3
686424d94cdb20000e10b8db,2027-07-17,6143,USD,3
686424d94cdb20000e10b8db,2027-07-18,4198,USD,2
686424d94cdb20000e10b8db,2027-07-19,3118,USD,2
686424d94cdb20000e10b8db,2027-07-20,3118,USD,2
686424d94cdb20000e10b8db,2027-07-21,3118,USD,2
686424d94cdb20000e10b8db,2027-07-22,4198,USD,2
686424d94cdb20000e10b8db,2027-07-23,6143,USD,3
686424d94cdb20000e10b8db,2027-07-24,6143,USD,3
686424d94cdb20000e10b8db,2027-07-25,4198,USD,2
686424d94cdb20000e10b8db,2027-07-26,3118,USD,2
686424d94cdb20000e10b8db,2027-07-27,3118,USD,2
686424d94cdb20000e10b8db,2027-07-28,3118,USD,2
686424d94cdb20000e10b8db,2027-07-29,4198,USD,2
686424d94cdb20000e10b8db,2027-07-30,6143,USD,3
686424d94cdb20000e10b8db,2027-07-31,6143,USD,3
686424d94cdb20000e10b8db,2027-08-01,4198,USD,2
686424d94cdb20000e10b8db,2027-08-02,3118,USD,2
686424d94cdb20000e10b8db,2027-08-03,3118,USD,2
686424d94cdb20000e10b8db,2027-08-04,3118,USD,2
686424d94cdb20000e10b8db,2027-08-05,4198,USD,2
686424d94cdb20000e10b8db,2027-08-06,6143,USD,3
686424d94cdb20000e10b8db,2027-08-07,6143,USD,3
686424d94cdb20000e10b8db,2027-08-08,4198,USD,2
686424d94cdb20000e10b8db,2027-08-09,3118,USD,2
686424d94cdb20000e10b8db,2027-08-10,3118,USD,2
686424d94cdb20000e10b8db,2027-08-11,3118,USD,2
686424d94cdb20000e10b8db,2027-08-12,4198,USD,2
686424d94cdb20000e10b8db,2027-08-13,6143,USD,3
686424d94cdb20000e10b8db,2027-08-14,6143,USD,3
686424d94cdb20000e10b8db,2027-08-15,4198,USD,2
686424d94cdb20000e10b8db,2027-08-16,3118,USD,2
686424d94cdb20000e10b8db,2027-08-17,3118,USD,2
686424d94cdb20000e10b8db,2027-08-18,3118,USD,2
686424d94cdb20000e10b8db,2027-08-19,4198,USD,2
686424d94cdb20000e10b8db,2027-08-20,6143,USD,3
686424d94cdb20000e10b8db,2027-08-21,6143,USD,3
686424d94cdb20000e10b8db,2027-08-22,4198,USD,2
686424d94cdb20000e10b8db,2027-08-23,3118,USD,2
686424d94cdb20000e10b8db,2027-08-24,3118,USD,2
686424d94cdb20000e10b8db,2027-08-25,3118,USD,2
686424d94cdb20000e10b8db,2027-08-26,4198,USD,2
686424d94cdb20000e10b8db,2027-08-27,6143,USD,3
686424d94cdb20000e10b8db,2027-08-28,6143,USD,3
686424d94cdb20000e10b8db,2027-08-29,4198,USD,2
686424d94cdb20000e10b8db,2027-08-30,3118,USD,2
686424d94cdb20000e10b8db,2027-08-31,3118,USD,2
686424d94cdb20000e10b8db,2027-09-01,3118,USD,2
686424d94cdb20000e10b8db,2027-09-02,4822,USD,2
686424d94cdb20000e10b8db,2027-09-03,8741,USD,3
686424d94cdb20000e10b8db,2027-09-04,11462,USD,3
686424d94cdb20000e10b8db,2027-09-05,4881,USD,2
686424d94cdb20000e10b8db,2027-09-06,4221,USD,2
686424d94cdb20000e10b8db,2027-09-07,3838,USD,2
686424d94cdb20000e10b8db,2027-09-08,3742,USD,2
686424d94cdb20000e10b8db,2027-09-09,4822,USD,2
686424d94cdb20000e10b8db,2027-09-10,7947,USD,3
686424d94cdb20000e10b8db,2027-09-11,10420,USD,3
686424d94cdb20000e10b8db,2027-09-12,4438,USD,2
686424d94cdb20000e10b8db,2027-09-13,3838,USD,2
686424d94cdb20000e10b8db,2027-09-14,3838,USD,2
686424d94cdb20000e10b8db,2027-09-15,3742,USD,2
686424d94cdb20000e10b8db,2027-09-16,4822,USD,2
686424d94cdb20000e10b8db,2027-09-17,7947,USD,3
686424d94cdb20000e10b8db,2027-09-18,10420,USD,3
686424d94cdb20000e10b8db,2027-09-19,4438,USD,2
686424d94cdb20000e10b8db,2027-09-20,3838,USD,2
686424d94cdb20000e10b8db,2027-09-21,3838,USD,2
686424d94cdb20000e10b8db,2027-09-22,3742,USD,2
686424d94cdb20000e10b8db,2027-09-23,4822,USD,2
686424d94cdb20000e10b8db,2027-09-24,7947,USD,3
686424d94cdb20000e10b8db,2027-09-25,10420,USD,3
686424d94cdb20000e10b8db,2027-09-26,4438,USD,2
686424d94cdb20000e10b8db,2027-09-27,3838,USD,2
686424d94cdb20000e10b8db,2027-09-28,3838,USD,2
686424d94cdb20000e10b8db,2027-09-29,3742,USD,2
686424d94cdb20000e10b8db,2027-09-30,4438,USD,2
686424d94cdb20000e10b8db,2027-10-01,8605,USD,3
686424d94cdb20000e10b8db,2027-10-02,10420,USD,3
686424d94cdb20000e10b8db,2027-10-03,4438,USD,2
686424d94cdb20000e10b8db,2027-10-04,3838,USD,2
686424d94cdb20000e10b8db,2027-10-05,3838,USD,2
686424d94cdb20000e10b8db,2027-10-06,3838,USD,2
686424d94cdb20000e10b8db,2027-10-07,4822,USD,2
686424d94cdb20000e10b8db,2027-10-08,8605,USD,3
686424d94cdb20000e10b8db,2027-10-09,10420,USD,3
686424d94cdb20000e10b8db,2027-10-10,4438,USD,2
686424d94cdb20000e10b8db,2027-10-11,3838,USD,2
686424d94cdb20000e10b8db,2027-10-12,3838,USD,2
686424d94cdb20000e10b8db,2027-10-13,3838,USD,2
686424d94cdb20000e10b8db,2027-10-14,4822,USD,2
686424d94cdb20000e10b8db,2027-10-15,8605,USD,3
686424d94cdb20000e10b8db,2027-10-16,10420,USD,3
686424d94cdb20000e10b8db,2027-10-17,4438,USD,2
686424d94cdb20000e10b8db,2027-10-18,3838,USD,2
686424d94cdb20000e10b8db,2027-10-19,3838,USD,2
686424d94cdb20000e10b8db,2027-10-20,3838,USD,2
686424d94cdb20000e10b8db,2027-10-21,4822,USD,2
686424d94cdb20000e10b8db,2027-10-22,8605,USD,3
686424d94cdb20000e10b8db,2027-10-23,10420,USD,3
686424d94cdb20000e10b8db,2027-10-24,4438,USD,2
686424d94cdb20000e10b8db,2027-10-25,3838,USD,2
686424d94cdb20000e10b8db,2027-10-26,3838,USD,2
686424d94cdb20000e10b8db,2027-10-27,3838,USD,2
686424d94cdb20000e10b8db,2027-10-28,4822,USD,2
686424d94cdb20000e10b8db,2027-10-29,8605,USD,3
686424d94cdb20000e10b8db,2027-10-30,10420,USD,3
686424d94cdb20000e10b8db,2027-10-31,4438,USD,2
686424d94cdb20000e10b8db,2027-11-01,3838,USD,2
686424d94cdb20000e10b8db,2027-11-02,3838,USD,2
686424d94cdb20000e10b8db,2027-11-03,3742,USD,2
686424d94cdb20000e10b8db,2027-11-04,4822,USD,2
686424d94cdb20000e10b8db,2027-11-05,8605,USD,3
686424d94cdb20000e10b8db,2027-11-06,10420,USD,3
686424d94cdb20000e10b8db,2027-11-07,4438,USD,2
686424d94cdb20000e10b8db,2027-11-08,3838,USD,2
686424d94cdb20000e10b8db,2027-11-09,3838,USD,2
686424d94cdb20000e10b8db,2027-11-10,3742,USD,2
686424d94cdb20000e10b8db,2027-11-11,4822,USD,2
686424d94cdb20000e10b8db,2027-11-12,8605,USD,3
686424d94cdb20000e10b8db,2027-11-13,10420,USD,3
686424d94cdb20000e10b8db,2027-11-14,4438,USD,2
686424d94cdb20000e10b8db,2027-11-15,3838,USD,2
686424d94cdb20000e10b8db,2027-11-16,3838,USD,2
686424d94cdb20000e10b8db,2027-11-17,3742,USD,2
686424d94cdb20000e10b8db,2027-11-18,4822,USD,2
686424d94cdb20000e10b8db,2027-11-19,8605,USD,3
686424d94cdb20000e10b8db,2027-11-20,10420,USD,3
686424d94cdb20000e10b8db,2027-11-21,4438,USD,2
686424d94cdb20000e10b8db,2027-11-22,3838,USD,2
686424d94cdb20000e10b8db,2027-11-23,3838,USD,2
686424d94cdb20000e10b8db,2027-11-24,3742,USD,2
686424d94cdb20000e10b8db,2027-11-25,7232,USD,3
686424d94cdb20000e10b8db,2027-11-26,12908,USD,3
686424d94cdb20000e10b8db,2027-11-27,15630,USD,3
686424d94cdb20000e10b8db,2027-11-28,4438,USD,2
686424d94cdb20000e10b8db,2027-11-29,3838,USD,2
686424d94cdb20000e10b8db,2027-11-30,3838,USD,2
686424d94cdb20000e10b8db,2027-12-01,3838,USD,2
686424d94cdb20000e10b8db,2027-12-02,4822,USD,2
686424d94cdb20000e10b8db,2027-12-03,7947,USD,3
686424d94cdb20000e10b8db,2027-12-04,10420,USD,3
686424d94cdb20000e10b8db,2027-12-05,4438,USD,2
686424d94cdb20000e10b8db,2027-12-06,3838,USD,2
686424d94cdb20000e10b8db,2027-12-07,3838,USD,2
686424d94cdb20000e10b8db,2027-12-08,3742,USD,2
686424d94cdb20000e10b8db,2027-12-09,4822,USD,2
686424d94cdb20000e10b8db,2027-12-10,7947,USD,3
686424d94cdb20000e10b8db,2027-12-11,10420,USD,3
686424d94cdb20000e10b8db,2027-12-12,4438,USD,2
686424d94cdb20000e10b8db,2027-12-13,3838,USD,2
686424d94cdb20000e10b8db,2027-12-14,3838,USD,2
686424d94cdb20000e10b8db,2027-12-16,4822,USD,2
686424d94cdb20000e10b8db,2027-12-17,9536,USD,3
686424d94cdb20000e10b8db,2027-12-18,12504,USD,3
686424d94cdb20000e10b8db,2027-12-19,5325,USD,2
686424d94cdb20000e10b8db,2027-12-20,4605,USD,2
686424d94cdb20000e10b8db,2027-12-21,4605,USD,2
686424d94cdb20000e10b8db,2027-12-22,4490,USD,2
686424d94cdb20000e10b8db,2027-12-23,5786,USD,3
686424d94cdb20000e10b8db,2027-12-24,21456,USD,3
686424d94cdb20000e10b8db,2027-12-25,21456,USD,3
686424d94cdb20000e10b8db,2027-12-26,21456,USD,2
686424d94cdb20000e10b8db,2027-12-27,3838,USD,2
686424d94cdb20000e10b8db,2027-12-28,3838,USD,2
686424d94cdb20000e10b8db,2027-12-29,3742,USD,2
686424d94cdb20000e10b8db,2027-12-30,30038,USD,3
686424d94cdb20000e10b8db,2027-12-31,30038,USD,3
686424d94cdb20000e10b8db,2028-01-01,30038,USD,3
686424d94cdb20000e10b8db,2028-01-02,15019,USD,2
686424d94cdb20000e10b8db,2028-01-03,3118,USD,2
686424d94cdb20000e10b8db,2028-01-04,3118,USD,2
686424d94cdb20000e10b8db,2028-01-05,3118,USD,2
686424d94cdb20000e10b8db,2028-01-06,4198,USD,2
686424d94cdb20000e10b8db,2028-01-07,6826,USD,3
686424d94cdb20000e10b8db,2028-01-08,6826,USD,3
686424d94cdb20000e10b8db,2028-01-09,4198,USD,2
686424d94cdb20000e10b8db,2026-08-02,3172,USD,2
686424d94cdb20000e10b8db,2027-04-08,18279,USD,4
686424d94cdb20000e10b8db,2027-04-09,27451,USD,3
686424d94cdb20000e10b8db,2027-04-10,27451,USD,3
686424d94cdb20000e10b8db,2027-04-11,18273,USD,3
686424d94cdb20000e10b8db,2027-04-18,9383,USD,3
686424d94cdb20000e10b8db,2027-04-16,20332,USD,3
686424d94cdb20000e10b8db,2027-04-17,20332,USD,3
686424d94cdb20000e10b8db,2027-04-22,6021,USD,4
686424d94cdb20000e10b8db,2027-04-23,9222,USD,3
686424d94cdb20000e10b8db,2027-04-25,6562,USD,3
686424d94cdb20000e10b8db,2027-04-01,5531,USD,2
686424d94cdb20000e10b8db,2027-04-02,9903,USD,3
686424d94cdb20000e10b8db,2027-04-03,11998,USD,3
686424d94cdb20000e10b8db,2026-07-19,3172,USD,1
686424d94cdb20000e10b8db,2026-10-04,3345,USD,1
686424d94cdb20000e10b8db,2026-11-05,3591,USD,1
