listing_id,date,price,currency,min_stay
307287___641905,2025-06-29,494,USD,2
307287___641905,2025-07-03,660,USD,2
307287___641905,2025-07-04,783,USD,2
307287___641905,2025-07-05,721,USD,2
307287___641905,2025-07-06,602,USD,2
307287___641905,2025-07-07,461,USD,2
307287___641905,2025-07-08,461,USD,2
307287___641905,2025-07-09,461,USD,2
307287___641905,2025-07-10,549,USD,2
307287___641905,2025-07-11,623,USD,2
307287___641905,2025-07-12,623,USD,2
307287___641905,2025-07-17,549,USD,2
307287___641905,2025-07-18,623,USD,2
307287___641905,2025-07-19,623,USD,2
307287___641905,2025-07-20,549,USD,2
307287___641905,2025-07-21,461,USD,2
307287___641905,2025-07-22,461,USD,2
307287___641905,2025-07-23,461,USD,2
307287___641905,2025-07-24,549,USD,2
307287___641905,2025-07-25,623,USD,2
307287___641905,2025-07-26,623,USD,2
307287___641905,2025-07-27,549,USD,2
307287___641905,2025-07-28,461,USD,2
307287___641905,2025-07-29,461,USD,2
307287___641905,2025-07-30,461,USD,2
307287___641905,2025-07-31,549,USD,2
307287___641905,2025-08-01,623,USD,2
307287___641905,2025-08-02,623,USD,2
307287___641905,2025-08-03,549,USD,2
307287___641905,2025-08-04,421,USD,2
307287___641905,2025-08-05,421,USD,2
307287___641905,2025-08-06,421,USD,2
307287___641905,2025-08-07,494,USD,2
307287___641905,2025-08-08,561,USD,2
307287___641905,2025-08-09,561,USD,2
307287___641905,2025-08-10,494,USD,2
307287___641905,2025-08-11,421,USD,2
307287___641905,2025-08-12,421,USD,2
307287___641905,2025-08-13,421,USD,2
307287___641905,2025-08-14,494,USD,2
307287___641905,2025-08-15,561,USD,2
307287___641905,2025-08-16,561,USD,2
307287___641905,2025-08-17,494,USD,2
307287___641905,2025-08-18,356,USD,2
307287___641905,2025-08-19,356,USD,2
307287___641905,2025-08-20,356,USD,2
307287___641905,2025-08-21,421,USD,2
307287___641905,2025-08-22,500,USD,2
307287___641905,2025-08-23,500,USD,2
307287___641905,2025-08-24,421,USD,2
307287___641905,2025-08-28,463,USD,2
307287___641905,2025-08-29,576,USD,2
307287___641905,2025-08-30,576,USD,2
307287___641905,2025-08-31,483,USD,2
307287___641905,2025-09-01,356,USD,2
307287___641905,2025-09-02,356,USD,2
307287___641905,2025-09-03,356,USD,2
307287___641905,2025-09-04,421,USD,2
307287___641905,2025-09-05,500,USD,2
307287___641905,2025-09-06,500,USD,2
307287___641905,2025-09-07,421,USD,2
307287___641905,2025-09-08,356,USD,2
307287___641905,2025-09-09,356,USD,2
307287___641905,2025-09-10,356,USD,2
307287___641905,2025-09-11,421,USD,2
307287___641905,2025-09-12,500,USD,2
307287___641905,2025-09-13,500,USD,2
307287___641905,2025-09-14,421,USD,2
307287___641905,2025-09-15,317,USD,2
307287___641905,2025-09-16,317,USD,2
307287___641905,2025-09-17,317,USD,2
307287___641905,2025-09-18,356,USD,2
307287___641905,2025-09-19,421,USD,2
307287___641905,2025-09-20,421,USD,2
307287___641905,2025-09-21,356,USD,2
307287___641905,2025-09-22,317,USD,2
307287___641905,2025-09-23,317,USD,2
307287___641905,2025-09-24,317,USD,2
307287___641905,2025-09-25,356,USD,2
307287___641905,2025-09-26,421,USD,2
307287___641905,2025-09-27,421,USD,2
307287___641905,2025-09-28,356,USD,2
307287___641905,2025-09-29,283,USD,2
307287___641905,2025-09-30,283,USD,2
307287___641905,2025-10-01,283,USD,2
307287___641905,2025-10-02,306,USD,2
307287___641905,2025-10-03,346,USD,2
307287___641905,2025-10-04,346,USD,2
307287___641905,2025-10-05,306,USD,2
307287___641905,2025-10-06,283,USD,2
307287___641905,2025-10-07,283,USD,2
307287___641905,2025-10-08,283,USD,2
307287___641905,2025-10-09,306,USD,2
307287___641905,2025-10-10,346,USD,2
307287___641905,2025-10-11,346,USD,2
307287___641905,2025-10-12,306,USD,2
307287___641905,2025-10-13,283,USD,2
307287___641905,2025-10-14,283,USD,2
307287___641905,2025-10-15,283,USD,2
307287___641905,2025-10-16,306,USD,2
307287___641905,2025-10-17,346,USD,2
307287___641905,2025-10-18,346,USD,2
307287___641905,2025-10-19,306,USD,2
307287___641905,2025-10-20,283,USD,2
307287___641905,2025-10-21,283,USD,2
307287___641905,2025-10-22,283,USD,2
307287___641905,2025-10-23,306,USD,2
307287___641905,2025-10-24,346,USD,2
307287___641905,2025-10-25,346,USD,2
307287___641905,2025-10-26,306,USD,2
307287___641905,2025-10-27,283,USD,2
307287___641905,2025-10-28,283,USD,2
307287___641905,2025-10-29,283,USD,2
307287___641905,2025-10-30,306,USD,2
307287___641905,2025-10-31,346,USD,2
307287___641905,2025-11-01,346,USD,2
307287___641905,2025-11-02,306,USD,2
307287___641905,2025-11-03,255,USD,2
307287___641905,2025-11-04,255,USD,2
307287___641905,2025-11-05,255,USD,2
307287___641905,2025-11-06,294,USD,2
307287___641905,2025-11-07,346,USD,2
307287___641905,2025-11-08,346,USD,2
307287___641905,2025-11-09,294,USD,2
307287___641905,2025-11-10,255,USD,2
307287___641905,2025-11-11,255,USD,2
307287___641905,2025-11-12,255,USD,2
307287___641905,2025-11-13,294,USD,2
307287___641905,2025-11-14,346,USD,2
307287___641905,2025-11-15,346,USD,2
307287___641905,2025-11-16,294,USD,2
307287___641905,2025-11-17,255,USD,2
307287___641905,2025-11-18,255,USD,2
307287___641905,2025-11-19,255,USD,2
307287___641905,2025-11-20,294,USD,2
307287___641905,2025-11-21,346,USD,2
307287___641905,2025-11-22,346,USD,2
307287___641905,2025-11-23,294,USD,2
307287___641905,2025-11-24,500,USD,2
307287___641905,2025-11-25,283,USD,2
307287___641905,2025-11-26,306,USD,2
307287___641905,2025-11-27,440,USD,2
307287___641905,2025-11-28,396,USD,2
307287___641905,2025-11-29,396,USD,2
307287___641905,2025-11-30,294,USD,2
307287___641905,2025-12-01,255,USD,2
307287___641905,2025-12-02,255,USD,2
307287___641905,2025-12-03,255,USD,2
307287___641905,2025-12-04,294,USD,2
307287___641905,2025-12-05,346,USD,2
307287___641905,2025-12-06,346,USD,2
307287___641905,2025-12-07,294,USD,2
307287___641905,2025-12-08,255,USD,2
307287___641905,2025-12-09,255,USD,2
307287___641905,2025-12-10,255,USD,2
307287___641905,2025-12-11,294,USD,2
307287___641905,2025-12-12,346,USD,2
307287___641905,2025-12-13,346,USD,2
307287___641905,2025-12-14,294,USD,2
307287___641905,2025-12-15,255,USD,2
307287___641905,2025-12-16,255,USD,2
307287___641905,2025-12-17,255,USD,2
307287___641905,2025-12-18,326,USD,2
307287___641905,2025-12-19,379,USD,2
307287___641905,2025-12-20,379,USD,2
307287___641905,2025-12-21,326,USD,2
307287___641905,2025-12-22,283,USD,2
307287___641905,2025-12-23,317,USD,2
307287___641905,2025-12-24,448,USD,2
307287___641905,2025-12-25,448,USD,2
307287___641905,2025-12-26,448,USD,2
307287___641905,2025-12-27,448,USD,2
307287___641905,2025-12-28,383,USD,2
307287___641905,2025-12-29,294,USD,2
307287___641905,2025-12-30,332,USD,2
307287___641905,2025-12-31,640,USD,2
307287___641905,2026-01-01,514,USD,2
307287___641905,2026-01-02,408,USD,2
307287___641905,2026-01-03,383,USD,2
307287___641905,2026-01-04,294,USD,2
307287___641905,2026-01-05,255,USD,2
307287___641905,2026-01-06,207,USD,2
307287___641905,2026-01-07,207,USD,2
307287___641905,2026-01-08,223,USD,2
307287___641905,2026-01-09,257,USD,2
307287___641905,2026-01-10,257,USD,2
307287___641905,2026-01-11,223,USD,2
307287___641905,2026-01-12,207,USD,2
307287___641905,2026-01-13,207,USD,2
307287___641905,2026-01-14,207,USD,2
307287___641905,2026-01-15,223,USD,2
307287___641905,2026-01-16,283,USD,2
307287___641905,2026-01-17,283,USD,2
307287___641905,2026-01-18,246,USD,2
307287___641905,2026-01-19,228,USD,2
307287___641905,2026-01-20,207,USD,2
307287___641905,2026-01-21,207,USD,2
307287___641905,2026-01-22,223,USD,2
307287___641905,2026-01-23,257,USD,2
307287___641905,2026-01-24,257,USD,2
307287___641905,2026-01-25,223,USD,2
307287___641905,2026-01-26,207,USD,2
307287___641905,2026-01-27,207,USD,2
307287___641905,2026-01-28,207,USD,2
307287___641905,2026-01-29,223,USD,2
307287___641905,2026-01-30,257,USD,2
307287___641905,2026-01-31,257,USD,2
307287___641905,2026-02-01,223,USD,2
307287___641905,2026-02-02,207,USD,2
307287___641905,2026-02-03,207,USD,2
307287___641905,2026-02-04,207,USD,2
307287___641905,2026-02-05,223,USD,2
307287___641905,2026-02-06,257,USD,2
307287___641905,2026-02-07,257,USD,2
307287___641905,2026-02-08,223,USD,2
307287___641905,2026-02-09,207,USD,2
307287___641905,2026-02-10,207,USD,2
307287___641905,2026-02-11,207,USD,2
307287___641905,2026-02-12,223,USD,2
307287___641905,2026-02-13,335,USD,2
307287___641905,2026-02-14,335,USD,2
307287___641905,2026-02-15,292,USD,2
307287___641905,2026-02-16,238,USD,2
307287___641905,2026-02-17,238,USD,2
307287___641905,2026-02-18,207,USD,2
307287___641905,2026-02-19,223,USD,2
307287___641905,2026-02-20,257,USD,2
307287___641905,2026-02-21,257,USD,2
307287___641905,2026-02-22,223,USD,2
307287___641905,2026-02-23,207,USD,2
307287___641905,2026-02-24,207,USD,2
307287___641905,2026-02-25,207,USD,2
307287___641905,2026-02-26,223,USD,2
307287___641905,2026-02-27,257,USD,2
307287___641905,2026-02-28,257,USD,2
307287___641905,2026-03-01,223,USD,2
307287___641905,2026-03-02,248,USD,2
307287___641905,2026-03-03,248,USD,2
307287___641905,2026-03-04,248,USD,2
307287___641905,2026-03-05,270,USD,2
307287___641905,2026-03-06,311,USD,2
307287___641905,2026-03-07,311,USD,2
307287___641905,2026-03-08,270,USD,2
307287___641905,2026-03-09,248,USD,2
307287___641905,2026-03-10,248,USD,2
307287___641905,2026-03-11,248,USD,2
307287___641905,2026-03-12,270,USD,2
307287___641905,2026-03-13,372,USD,2
307287___641905,2026-03-14,372,USD,2
307287___641905,2026-03-15,323,USD,2
307287___641905,2026-03-16,299,USD,2
307287___641905,2026-03-17,299,USD,2
307287___641905,2026-03-18,299,USD,2
307287___641905,2026-03-19,323,USD,2
307287___641905,2026-03-20,372,USD,2
307287___641905,2026-03-21,372,USD,2
307287___641905,2026-03-22,323,USD,2
307287___641905,2026-03-23,248,USD,2
307287___641905,2026-03-24,248,USD,2
307287___641905,2026-03-25,248,USD,2
307287___641905,2026-03-26,270,USD,2
307287___641905,2026-03-27,311,USD,2
307287___641905,2026-03-28,311,USD,2
307287___641905,2026-03-29,270,USD,2
307287___641905,2026-03-30,248,USD,2
307287___641905,2026-03-31,248,USD,2
307287___641905,2026-04-01,248,USD,2
307287___641905,2026-04-02,299,USD,2
307287___641905,2026-04-03,344,USD,2
307287___641905,2026-04-04,344,USD,2
307287___641905,2026-04-05,299,USD,2
307287___641905,2026-04-06,277,USD,2
307287___641905,2026-04-07,277,USD,2
307287___641905,2026-04-08,277,USD,2
307287___641905,2026-04-09,299,USD,2
307287___641905,2026-04-10,344,USD,2
307287___641905,2026-04-11,344,USD,2
307287___641905,2026-04-12,299,USD,2
307287___641905,2026-04-13,277,USD,2
307287___641905,2026-04-14,277,USD,2
307287___641905,2026-04-15,277,USD,2
307287___641905,2026-04-16,299,USD,2
307287___641905,2026-04-17,344,USD,2
307287___641905,2026-04-18,344,USD,2
307287___641905,2026-04-19,299,USD,2
307287___641905,2026-04-20,277,USD,2
307287___641905,2026-04-21,277,USD,2
307287___641905,2026-04-22,277,USD,2
307287___641905,2026-04-23,299,USD,2
307287___641905,2026-04-24,344,USD,2
307287___641905,2026-04-25,344,USD,2
307287___641905,2026-04-26,299,USD,2
307287___641905,2026-04-27,277,USD,2
307287___641905,2026-04-28,277,USD,2
307287___641905,2026-04-29,277,USD,2
307287___641905,2026-04-30,418,USD,2
307287___641905,2026-05-01,482,USD,2
307287___641905,2026-05-02,482,USD,2
307287___641905,2026-05-03,418,USD,2
307287___641905,2026-05-04,332,USD,2
307287___641905,2026-05-05,332,USD,2
307287___641905,2026-05-06,332,USD,2
307287___641905,2026-05-07,418,USD,2
307287___641905,2026-05-08,482,USD,2
307287___641905,2026-05-09,482,USD,2
307287___641905,2026-05-10,418,USD,2
307287___641905,2026-05-11,332,USD,2
307287___641905,2026-05-12,332,USD,2
307287___641905,2026-05-13,332,USD,2
307287___641905,2026-05-14,418,USD,2
307287___641905,2026-05-15,482,USD,2
307287___641905,2026-05-16,482,USD,2
307287___641905,2026-05-17,418,USD,2
307287___641905,2026-05-18,332,USD,2
307287___641905,2026-05-19,332,USD,2
307287___641905,2026-05-20,332,USD,2
307287___641905,2026-05-21,418,USD,2
307287___641905,2026-05-22,506,USD,2
307287___641905,2026-05-23,506,USD,2
307287___641905,2026-05-24,440,USD,2
307287___641905,2026-05-25,348,USD,2
307287___641905,2026-05-26,332,USD,2
307287___641905,2026-05-27,332,USD,2
307287___641905,2026-05-28,418,USD,2
307287___641905,2026-05-29,482,USD,2
307287___641905,2026-05-30,482,USD,2
307287___641905,2026-05-31,418,USD,2
307287___641905,2026-06-01,431,USD,2
307287___641905,2026-06-02,431,USD,2
307287___641905,2026-06-03,431,USD,2
307287___641905,2026-06-04,502,USD,2
307287___641905,2026-06-05,579,USD,2
307287___641905,2026-06-06,579,USD,2
307287___641905,2026-06-07,502,USD,2
307287___641905,2026-06-08,431,USD,2
307287___641905,2026-06-09,431,USD,2
307287___641905,2026-06-10,431,USD,2
307287___641905,2026-06-11,502,USD,2
307287___641905,2026-06-12,579,USD,2
307287___641905,2026-06-13,579,USD,2
307287___641905,2026-06-14,502,USD,2
307287___641905,2026-06-15,431,USD,2
307287___641905,2026-06-16,431,USD,2
307287___641905,2026-06-17,431,USD,2
307287___641905,2026-06-18,502,USD,2
307287___641905,2026-06-19,579,USD,2
307287___641905,2026-06-20,579,USD,2
307287___641905,2026-06-21,502,USD,2
307287___641905,2026-06-22,431,USD,2
307287___641905,2026-06-23,431,USD,2
307287___641905,2025-06-23,259,USD,1
307287___641905,2025-06-25,259,USD,1
307287___641905,2025-06-30,324,USD,1
307287___641905,2025-07-01,324,USD,1
307287___641905,2025-07-02,324,USD,1
307287___641905,2025-06-26,348,USD,2
307287___641905,2025-06-27,536,USD,2
307287___641905,2025-06-28,536,USD,2
307287___641905,2025-07-13,631,USD,2
307287___641905,2025-07-14,530,USD,2
307287___641905,2025-07-15,530,USD,2
307287___641905,2025-07-16,530,USD,2
307287___641905,2025-06-24,314,USD,1
307287___641905,2025-08-25,409,USD,2
307287___641905,2025-08-26,409,USD,2
307287___641905,2025-08-27,409,USD,2
307287___612624,2025-07-03,616,USD,2
307287___612624,2025-07-04,730,USD,2
307287___612624,2025-07-05,671,USD,2
307287___612624,2025-07-06,561,USD,2
307287___612624,2025-07-07,429,USD,2
307287___612624,2025-07-08,429,USD,2
307287___612624,2025-07-09,429,USD,2
307287___612624,2025-07-10,514,USD,2
307287___612624,2025-07-11,581,USD,2
307287___612624,2025-07-12,581,USD,2
307287___612624,2025-07-17,514,USD,2
307287___612624,2025-07-18,581,USD,2
307287___612624,2025-07-19,581,USD,2
307287___612624,2025-07-20,514,USD,2
307287___612624,2025-07-21,429,USD,2
307287___612624,2025-07-22,429,USD,2
307287___612624,2025-07-23,429,USD,2
307287___612624,2025-07-24,514,USD,2
307287___612624,2025-07-25,581,USD,2
307287___612624,2025-07-26,581,USD,2
307287___612624,2025-07-27,514,USD,2
307287___612624,2025-07-28,429,USD,2
307287___612624,2025-07-29,429,USD,2
307287___612624,2025-07-30,429,USD,2
307287___612624,2025-07-31,514,USD,2
307287___612624,2025-08-01,581,USD,2
307287___612624,2025-08-02,581,USD,2
307287___612624,2025-08-03,514,USD,2
307287___612624,2025-08-04,392,USD,2
307287___612624,2025-08-05,392,USD,2
307287___612624,2025-08-06,392,USD,2
307287___612624,2025-08-07,458,USD,2
307287___612624,2025-08-08,522,USD,2
307287___612624,2025-08-09,522,USD,2
307287___612624,2025-08-10,458,USD,2
307287___612624,2025-08-11,392,USD,2
307287___612624,2025-08-12,392,USD,2
307287___612624,2025-08-13,392,USD,2
307287___612624,2025-08-14,458,USD,2
307287___612624,2025-08-15,522,USD,2
307287___612624,2025-08-16,522,USD,2
307287___612624,2025-08-17,458,USD,2
307287___612624,2025-08-18,332,USD,2
307287___612624,2025-08-19,332,USD,2
307287___612624,2025-08-20,332,USD,2
307287___612624,2025-08-21,392,USD,2
307287___612624,2025-08-22,463,USD,2
307287___612624,2025-08-23,463,USD,2
307287___612624,2025-08-24,392,USD,2
307287___612624,2025-08-28,432,USD,2
307287___612624,2025-08-29,536,USD,2
307287___612624,2025-08-30,536,USD,2
307287___612624,2025-08-31,452,USD,2
307287___612624,2025-09-01,332,USD,2
307287___612624,2025-09-02,332,USD,2
307287___612624,2025-09-03,332,USD,2
307287___612624,2025-09-04,392,USD,2
307287___612624,2025-09-05,463,USD,2
307287___612624,2025-09-06,463,USD,2
307287___612624,2025-09-07,392,USD,2
307287___612624,2025-09-08,332,USD,2
307287___612624,2025-09-09,332,USD,2
307287___612624,2025-09-10,332,USD,2
307287___612624,2025-09-11,392,USD,2
307287___612624,2025-09-12,463,USD,2
307287___612624,2025-09-13,463,USD,2
307287___612624,2025-09-14,392,USD,2
307287___612624,2025-09-15,295,USD,2
307287___612624,2025-09-16,295,USD,2
307287___612624,2025-09-17,295,USD,2
307287___612624,2025-09-18,332,USD,2
307287___612624,2025-09-19,392,USD,2
307287___612624,2025-09-20,392,USD,2
307287___612624,2025-09-21,332,USD,2
307287___612624,2025-09-22,295,USD,2
307287___612624,2025-09-23,295,USD,2
307287___612624,2025-09-24,295,USD,2
307287___612624,2025-09-25,332,USD,2
307287___612624,2025-09-26,392,USD,2
307287___612624,2025-09-27,392,USD,2
307287___612624,2025-09-28,332,USD,2
307287___612624,2025-09-29,263,USD,2
307287___612624,2025-09-30,263,USD,2
307287___612624,2025-10-01,263,USD,2
307287___612624,2025-10-02,287,USD,2
307287___612624,2025-10-03,324,USD,2
307287___612624,2025-10-04,324,USD,2
307287___612624,2025-10-05,287,USD,2
307287___612624,2025-10-06,263,USD,2
307287___612624,2025-10-07,263,USD,2
307287___612624,2025-10-08,263,USD,2
307287___612624,2025-10-09,287,USD,2
307287___612624,2025-10-10,324,USD,2
307287___612624,2025-10-11,324,USD,2
307287___612624,2025-10-12,287,USD,2
307287___612624,2025-10-13,263,USD,2
307287___612624,2025-10-14,263,USD,2
307287___612624,2025-10-15,263,USD,2
307287___612624,2025-10-16,287,USD,2
307287___612624,2025-10-17,324,USD,2
307287___612624,2025-10-18,324,USD,2
307287___612624,2025-10-19,287,USD,2
307287___612624,2025-10-20,263,USD,2
307287___612624,2025-10-21,263,USD,2
307287___612624,2025-10-22,263,USD,2
307287___612624,2025-10-23,287,USD,2
307287___612624,2025-10-24,324,USD,2
307287___612624,2025-10-25,324,USD,2
307287___612624,2025-10-26,287,USD,2
307287___612624,2025-10-27,263,USD,2
307287___612624,2025-10-28,263,USD,2
307287___612624,2025-10-29,263,USD,2
307287___612624,2025-10-30,287,USD,2
307287___612624,2025-10-31,324,USD,2
307287___612624,2025-11-01,324,USD,2
307287___612624,2025-11-02,287,USD,2
307287___612624,2025-11-03,239,USD,2
307287___612624,2025-11-04,239,USD,2
307287___612624,2025-11-05,239,USD,2
307287___612624,2025-11-06,274,USD,2
307287___612624,2025-11-07,324,USD,2
307287___612624,2025-11-08,324,USD,2
307287___612624,2025-11-09,274,USD,2
307287___612624,2025-11-10,239,USD,2
307287___612624,2025-11-11,239,USD,2
307287___612624,2025-11-12,239,USD,2
307287___612624,2025-11-13,274,USD,2
307287___612624,2025-11-14,324,USD,2
307287___612624,2025-11-15,324,USD,2
307287___612624,2025-11-16,274,USD,2
307287___612624,2025-11-17,239,USD,2
307287___612624,2025-11-18,239,USD,2
307287___612624,2025-11-19,239,USD,2
307287___612624,2025-11-20,274,USD,2
307287___612624,2025-11-21,324,USD,2
307287___612624,2025-11-22,324,USD,2
307287___612624,2025-11-23,274,USD,2
307287___612624,2025-11-24,463,USD,2
307287___612624,2025-11-25,263,USD,2
307287___612624,2025-11-26,287,USD,2
307287___612624,2025-11-27,410,USD,2
307287___612624,2025-11-28,368,USD,2
307287___612624,2025-11-29,368,USD,2
307287___612624,2025-11-30,274,USD,2
307287___612624,2025-12-01,239,USD,2
307287___612624,2025-12-02,239,USD,2
307287___612624,2025-12-03,239,USD,2
307287___612624,2025-12-04,274,USD,2
307287___612624,2025-12-05,324,USD,2
307287___612624,2025-12-06,324,USD,2
307287___612624,2025-12-07,274,USD,2
307287___612624,2025-12-08,239,USD,2
307287___612624,2025-12-09,239,USD,2
307287___612624,2025-12-10,239,USD,2
307287___612624,2025-12-11,274,USD,2
307287___612624,2025-12-12,324,USD,2
307287___612624,2025-12-13,324,USD,2
307287___612624,2025-12-14,274,USD,2
307287___612624,2025-12-15,239,USD,2
307287___612624,2025-12-16,239,USD,2
307287___612624,2025-12-17,239,USD,2
307287___612624,2025-12-18,303,USD,2
307287___612624,2025-12-19,352,USD,2
307287___612624,2025-12-20,352,USD,2
307287___612624,2025-12-21,303,USD,2
307287___612624,2025-12-22,263,USD,2
307287___612624,2025-12-23,295,USD,2
307287___612624,2025-12-24,416,USD,2
307287___612624,2025-12-25,416,USD,2
307287___612624,2025-12-26,416,USD,2
307287___612624,2025-12-27,416,USD,2
307287___612624,2025-12-28,355,USD,2
307287___612624,2025-12-29,274,USD,2
307287___612624,2025-12-30,310,USD,2
307287___612624,2025-12-31,597,USD,2
307287___612624,2026-01-01,477,USD,2
307287___612624,2026-01-02,380,USD,2
307287___612624,2026-01-03,355,USD,2
307287___612624,2026-01-04,274,USD,2
307287___612624,2026-01-05,239,USD,2
307287___612624,2026-01-06,195,USD,2
307287___612624,2026-01-07,195,USD,2
307287___612624,2026-01-08,209,USD,2
307287___612624,2026-01-09,240,USD,2
307287___612624,2026-01-10,240,USD,2
307287___612624,2026-01-11,209,USD,2
307287___612624,2026-01-12,195,USD,2
307287___612624,2026-01-13,195,USD,2
307287___612624,2026-01-14,195,USD,2
307287___612624,2026-01-15,209,USD,2
307287___612624,2026-01-16,265,USD,2
307287___612624,2026-01-17,265,USD,2
307287___612624,2026-01-18,230,USD,2
307287___612624,2026-01-19,214,USD,2
307287___612624,2026-01-20,195,USD,2
307287___612624,2026-01-21,195,USD,2
307287___612624,2026-01-22,209,USD,2
307287___612624,2026-01-23,240,USD,2
307287___612624,2026-01-24,240,USD,2
307287___612624,2026-01-25,209,USD,2
307287___612624,2026-01-26,195,USD,2
307287___612624,2026-01-27,195,USD,2
307287___612624,2026-01-28,195,USD,2
307287___612624,2026-01-29,209,USD,2
307287___612624,2026-01-30,240,USD,2
307287___612624,2026-01-31,240,USD,2
307287___612624,2026-02-01,209,USD,2
307287___612624,2026-02-02,195,USD,2
307287___612624,2026-02-03,195,USD,2
307287___612624,2026-02-04,195,USD,2
307287___612624,2026-02-05,209,USD,2
307287___612624,2026-02-06,240,USD,2
307287___612624,2026-02-07,240,USD,2
307287___612624,2026-02-08,209,USD,2
307287___612624,2026-02-09,195,USD,2
307287___612624,2026-02-10,195,USD,2
307287___612624,2026-02-11,195,USD,2
307287___612624,2026-02-12,209,USD,2
307287___612624,2026-02-13,314,USD,2
307287___612624,2026-02-14,314,USD,2
307287___612624,2026-02-15,273,USD,2
307287___612624,2026-02-16,223,USD,2
307287___612624,2026-02-17,223,USD,2
307287___612624,2026-02-18,195,USD,2
307287___612624,2026-02-19,209,USD,2
307287___612624,2026-02-20,240,USD,2
307287___612624,2026-02-21,240,USD,2
307287___612624,2026-02-22,209,USD,2
307287___612624,2026-02-23,195,USD,2
307287___612624,2026-02-24,195,USD,2
307287___612624,2026-02-25,195,USD,2
307287___612624,2026-02-26,209,USD,2
307287___612624,2026-02-27,240,USD,2
307287___612624,2026-02-28,240,USD,2
307287___612624,2026-03-01,209,USD,2
307287___612624,2026-03-02,234,USD,2
307287___612624,2026-03-03,234,USD,2
307287___612624,2026-03-04,234,USD,2
307287___612624,2026-03-05,253,USD,2
307287___612624,2026-03-06,291,USD,2
307287___612624,2026-03-07,291,USD,2
307287___612624,2026-03-08,253,USD,2
307287___612624,2026-03-09,234,USD,2
307287___612624,2026-03-10,234,USD,2
307287___612624,2026-03-11,234,USD,2
307287___612624,2026-03-12,253,USD,2
307287___612624,2026-03-13,347,USD,2
307287___612624,2026-03-14,347,USD,2
307287___612624,2026-03-15,302,USD,2
307287___612624,2026-03-16,279,USD,2
307287___612624,2026-03-17,279,USD,2
307287___612624,2026-03-18,279,USD,2
307287___612624,2026-03-19,302,USD,2
307287___612624,2026-03-20,347,USD,2
307287___612624,2026-03-21,347,USD,2
307287___612624,2026-03-22,302,USD,2
307287___612624,2026-03-23,234,USD,2
307287___612624,2026-03-24,234,USD,2
307287___612624,2026-03-25,234,USD,2
307287___612624,2026-03-26,253,USD,2
307287___612624,2026-03-27,291,USD,2
307287___612624,2026-03-28,291,USD,2
307287___612624,2026-03-29,253,USD,2
307287___612624,2026-03-30,234,USD,2
307287___612624,2026-03-31,234,USD,2
307287___612624,2026-04-01,234,USD,2
307287___612624,2026-04-02,279,USD,2
307287___612624,2026-04-03,321,USD,2
307287___612624,2026-04-04,321,USD,2
307287___612624,2026-04-05,279,USD,2
307287___612624,2026-04-06,259,USD,2
307287___612624,2026-04-07,259,USD,2
307287___612624,2026-04-08,259,USD,2
307287___612624,2026-04-09,279,USD,2
307287___612624,2026-04-10,321,USD,2
307287___612624,2026-04-11,321,USD,2
307287___612624,2026-04-12,279,USD,2
307287___612624,2026-04-13,259,USD,2
307287___612624,2026-04-14,259,USD,2
307287___612624,2026-04-15,259,USD,2
307287___612624,2026-04-16,279,USD,2
307287___612624,2026-04-17,321,USD,2
307287___612624,2026-04-18,321,USD,2
307287___612624,2026-04-19,279,USD,2
307287___612624,2026-04-20,259,USD,2
307287___612624,2026-04-21,259,USD,2
307287___612624,2026-04-22,259,USD,2
307287___612624,2026-04-23,279,USD,2
307287___612624,2026-04-24,321,USD,2
307287___612624,2026-04-25,321,USD,2
307287___612624,2026-04-26,279,USD,2
307287___612624,2026-04-27,259,USD,2
307287___612624,2026-04-28,259,USD,2
307287___612624,2026-04-29,259,USD,2
307287___612624,2026-04-30,391,USD,2
307287___612624,2026-05-01,450,USD,2
307287___612624,2026-05-02,450,USD,2
307287___612624,2026-05-03,391,USD,2
307287___612624,2026-05-04,312,USD,2
307287___612624,2026-05-05,312,USD,2
307287___612624,2026-05-06,312,USD,2
307287___612624,2026-05-07,391,USD,2
307287___612624,2026-05-08,450,USD,2
307287___612624,2026-05-09,450,USD,2
307287___612624,2026-05-10,391,USD,2
307287___612624,2026-05-11,312,USD,2
307287___612624,2026-05-12,312,USD,2
307287___612624,2026-05-13,312,USD,2
307287___612624,2026-05-14,391,USD,2
307287___612624,2026-05-15,450,USD,2
307287___612624,2026-05-16,450,USD,2
307287___612624,2026-05-17,391,USD,2
307287___612624,2026-05-18,312,USD,2
307287___612624,2026-05-19,312,USD,2
307287___612624,2026-05-20,312,USD,2
307287___612624,2026-05-21,391,USD,2
307287___612624,2026-05-22,473,USD,2
307287___612624,2026-05-23,473,USD,2
307287___612624,2026-05-24,411,USD,2
307287___612624,2026-05-25,327,USD,2
307287___612624,2026-05-26,312,USD,2
307287___612624,2026-05-27,312,USD,2
307287___612624,2026-05-28,391,USD,2
307287___612624,2026-05-29,450,USD,2
307287___612624,2026-05-30,450,USD,2
307287___612624,2026-05-31,391,USD,2
307287___612624,2026-06-01,404,USD,2
307287___612624,2026-06-02,404,USD,2
307287___612624,2026-06-03,404,USD,2
307287___612624,2026-06-04,470,USD,2
307287___612624,2026-06-05,541,USD,2
307287___612624,2026-06-06,541,USD,2
307287___612624,2026-06-07,470,USD,2
307287___612624,2026-06-08,404,USD,2
307287___612624,2026-06-09,404,USD,2
307287___612624,2026-06-10,404,USD,2
307287___612624,2026-06-11,470,USD,2
307287___612624,2026-06-12,541,USD,2
307287___612624,2026-06-13,541,USD,2
307287___612624,2026-06-14,470,USD,2
307287___612624,2026-06-15,404,USD,2
307287___612624,2026-06-16,404,USD,2
307287___612624,2026-06-17,404,USD,2
307287___612624,2026-06-18,470,USD,2
307287___612624,2026-06-19,541,USD,2
307287___612624,2026-06-20,541,USD,2
307287___612624,2026-06-21,470,USD,2
307287___612624,2026-06-22,404,USD,2
307287___612624,2026-06-23,404,USD,2
307287___612624,2025-06-30,292,USD,1
307287___612624,2025-07-01,292,USD,1
307287___612624,2025-07-02,292,USD,1
307287___612624,2025-06-26,379,USD,1
307287___612624,2025-06-27,500,USD,2
307287___612624,2025-06-28,500,USD,2
307287___612624,2025-06-29,379,USD,2
307287___612624,2025-07-13,591,USD,2
307287___612624,2025-07-14,493,USD,2
307287___612624,2025-07-15,493,USD,2
307287___612624,2025-07-16,493,USD,2
307287___612624,2025-06-25,229,USD,1
307287___612624,2025-06-24,241,USD,1
307287___612624,2025-08-25,382,USD,2
307287___612624,2025-08-26,382,USD,2
307287___612624,2025-08-27,382,USD,2
307287___612624,2025-06-23,210,USD,1
307287___612650,2025-07-03,559,USD,2
307287___612650,2025-07-04,661,USD,2
307287___612650,2025-07-05,608,USD,2
307287___612650,2025-07-06,514,USD,2
307287___612650,2025-07-07,390,USD,2
307287___612650,2025-07-08,390,USD,2
307287___612650,2025-07-09,390,USD,2
307287___612650,2025-07-10,463,USD,2
307287___612650,2025-07-11,531,USD,2
307287___612650,2025-07-12,531,USD,2
307287___612650,2025-07-14,390,USD,2
307287___612650,2025-07-15,390,USD,2
307287___612650,2025-07-16,390,USD,2
307287___612650,2025-07-17,463,USD,2
307287___612650,2025-07-18,531,USD,2
307287___612650,2025-07-19,531,USD,2
307287___612650,2025-07-20,463,USD,2
307287___612650,2025-07-21,390,USD,2
307287___612650,2025-07-22,390,USD,2
307287___612650,2025-07-23,390,USD,2
307287___612650,2025-07-24,463,USD,2
307287___612650,2025-07-25,531,USD,2
307287___612650,2025-07-26,531,USD,2
307287___612650,2025-07-27,463,USD,2
307287___612650,2025-07-28,390,USD,2
307287___612650,2025-07-29,390,USD,2
307287___612650,2025-07-30,390,USD,2
307287___612650,2025-07-31,463,USD,2
307287___612650,2025-08-01,531,USD,2
307287___612650,2025-08-02,531,USD,2
307287___612650,2025-08-03,463,USD,2
307287___612650,2025-08-04,355,USD,2
307287___612650,2025-08-05,355,USD,2
307287___612650,2025-08-06,355,USD,2
307287___612650,2025-08-07,416,USD,2
307287___612650,2025-08-08,477,USD,2
307287___612650,2025-08-09,477,USD,2
307287___612650,2025-08-10,416,USD,2
307287___612650,2025-08-11,355,USD,2
307287___612650,2025-08-12,355,USD,2
307287___612650,2025-08-13,355,USD,2
307287___612650,2025-08-14,416,USD,2
307287___612650,2025-08-15,477,USD,2
307287___612650,2025-08-16,477,USD,2
307287___612650,2025-08-17,416,USD,2
307287___612650,2025-08-18,305,USD,2
307287___612650,2025-08-19,305,USD,2
307287___612650,2025-08-20,305,USD,2
307287___612650,2025-08-21,355,USD,2
307287___612650,2025-08-22,421,USD,2
307287___612650,2025-08-23,421,USD,2
307287___612650,2025-08-24,355,USD,2
307287___612650,2025-08-28,392,USD,2
307287___612650,2025-08-29,483,USD,2
307287___612650,2025-08-30,483,USD,2
307287___612650,2025-08-31,410,USD,2
307287___612650,2025-09-01,305,USD,2
307287___612650,2025-09-02,305,USD,2
307287___612650,2025-09-03,305,USD,2
307287___612650,2025-09-04,355,USD,2
307287___612650,2025-09-05,421,USD,2
307287___612650,2025-09-06,421,USD,2
307287___612650,2025-09-07,355,USD,2
307287___612650,2025-09-08,305,USD,2
307287___612650,2025-09-09,305,USD,2
307287___612650,2025-09-10,305,USD,2
307287___612650,2025-09-11,355,USD,2
307287___612650,2025-09-12,421,USD,2
307287___612650,2025-09-13,421,USD,2
307287___612650,2025-09-14,355,USD,2
307287___612650,2025-09-15,270,USD,2
307287___612650,2025-09-16,270,USD,2
307287___612650,2025-09-17,270,USD,2
307287___612650,2025-09-18,305,USD,2
307287___612650,2025-09-19,355,USD,2
307287___612650,2025-09-20,355,USD,2
307287___612650,2025-09-21,305,USD,2
307287___612650,2025-09-22,270,USD,2
307287___612650,2025-09-23,270,USD,2
307287___612650,2025-09-24,270,USD,2
307287___612650,2025-09-25,305,USD,2
307287___612650,2025-09-26,355,USD,2
307287___612650,2025-09-27,355,USD,2
307287___612650,2025-09-28,305,USD,2
307287___612650,2025-09-29,239,USD,2
307287___612650,2025-09-30,239,USD,2
307287___612650,2025-10-01,239,USD,2
307287___612650,2025-10-02,261,USD,2
307287___612650,2025-10-03,292,USD,2
307287___612650,2025-10-04,292,USD,2
307287___612650,2025-10-05,261,USD,2
307287___612650,2025-10-06,239,USD,2
307287___612650,2025-10-07,239,USD,2
307287___612650,2025-10-08,239,USD,2
307287___612650,2025-10-09,261,USD,2
307287___612650,2025-10-10,292,USD,2
307287___612650,2025-10-11,292,USD,2
307287___612650,2025-10-12,261,USD,2
307287___612650,2025-10-13,239,USD,2
307287___612650,2025-10-14,239,USD,2
307287___612650,2025-10-15,239,USD,2
307287___612650,2025-10-16,261,USD,2
307287___612650,2025-10-17,292,USD,2
307287___612650,2025-10-18,292,USD,2
307287___612650,2025-10-19,261,USD,2
307287___612650,2025-10-20,239,USD,2
307287___612650,2025-10-21,239,USD,2
307287___612650,2025-10-22,239,USD,2
307287___612650,2025-10-23,261,USD,2
307287___612650,2025-10-24,292,USD,2
307287___612650,2025-10-25,292,USD,2
307287___612650,2025-10-26,261,USD,2
307287___612650,2025-10-27,239,USD,2
307287___612650,2025-10-28,239,USD,2
307287___612650,2025-10-29,239,USD,2
307287___612650,2025-10-30,261,USD,2
307287___612650,2025-10-31,292,USD,2
307287___612650,2025-11-01,292,USD,2
307287___612650,2025-11-02,261,USD,2
307287___612650,2025-11-03,215,USD,2
307287___612650,2025-11-04,215,USD,2
307287___612650,2025-11-05,215,USD,2
307287___612650,2025-11-06,247,USD,2
307287___612650,2025-11-07,292,USD,2
307287___612650,2025-11-08,292,USD,2
307287___612650,2025-11-09,247,USD,2
307287___612650,2025-11-10,215,USD,2
307287___612650,2025-11-11,215,USD,2
307287___612650,2025-11-12,215,USD,2
307287___612650,2025-11-13,247,USD,2
307287___612650,2025-11-14,292,USD,2
307287___612650,2025-11-15,292,USD,2
307287___612650,2025-11-16,247,USD,2
307287___612650,2025-11-17,215,USD,2
307287___612650,2025-11-18,215,USD,2
307287___612650,2025-11-19,215,USD,2
307287___612650,2025-11-20,247,USD,2
307287___612650,2025-11-21,292,USD,2
307287___612650,2025-11-22,292,USD,2
307287___612650,2025-11-23,247,USD,2
307287___612650,2025-11-24,421,USD,2
307287___612650,2025-11-25,239,USD,2
307287___612650,2025-11-26,261,USD,2
307287___612650,2025-11-27,372,USD,2
307287___612650,2025-11-28,333,USD,2
307287___612650,2025-11-29,333,USD,2
307287___612650,2025-11-30,247,USD,2
307287___612650,2025-12-01,215,USD,2
307287___612650,2025-12-02,215,USD,2
307287___612650,2025-12-03,215,USD,2
307287___612650,2025-12-04,247,USD,2
307287___612650,2025-12-05,292,USD,2
307287___612650,2025-12-06,292,USD,2
307287___612650,2025-12-07,247,USD,2
307287___612650,2025-12-08,215,USD,2
307287___612650,2025-12-09,215,USD,2
307287___612650,2025-12-10,215,USD,2
307287___612650,2025-12-11,247,USD,2
307287___612650,2025-12-12,292,USD,2
307287___612650,2025-12-13,292,USD,2
307287___612650,2025-12-14,247,USD,2
307287___612650,2025-12-15,215,USD,2
307287___612650,2025-12-16,215,USD,2
307287___612650,2025-12-17,215,USD,2
307287___612650,2025-12-18,274,USD,2
307287___612650,2025-12-19,324,USD,2
307287___612650,2025-12-20,324,USD,2
307287___612650,2025-12-21,274,USD,2
307287___612650,2025-12-22,239,USD,2
307287___612650,2025-12-23,270,USD,2
307287___612650,2025-12-24,377,USD,2
307287___612650,2025-12-25,377,USD,2
307287___612650,2025-12-26,377,USD,2
307287___612650,2025-12-27,377,USD,2
307287___612650,2025-12-28,327,USD,2
307287___612650,2025-12-29,247,USD,2
307287___612650,2025-12-30,283,USD,2
307287___612650,2025-12-31,541,USD,2
307287___612650,2026-01-01,433,USD,2
307287___612650,2026-01-02,346,USD,2
307287___612650,2026-01-03,327,USD,2
307287___612650,2026-01-04,247,USD,2
307287___612650,2026-01-05,215,USD,2
307287___612650,2026-01-06,174,USD,2
307287___612650,2026-01-07,174,USD,2
307287___612650,2026-01-08,187,USD,2
307287___612650,2026-01-09,215,USD,2
307287___612650,2026-01-10,215,USD,2
307287___612650,2026-01-11,187,USD,2
307287___612650,2026-01-12,174,USD,2
307287___612650,2026-01-13,174,USD,2
307287___612650,2026-01-14,174,USD,2
307287___612650,2026-01-15,187,USD,2
307287___612650,2026-01-16,237,USD,2
307287___612650,2026-01-17,237,USD,2
307287___612650,2026-01-18,206,USD,2
307287___612650,2026-01-19,191,USD,2
307287___612650,2026-01-20,174,USD,2
307287___612650,2026-01-21,174,USD,2
307287___612650,2026-01-22,187,USD,2
307287___612650,2026-01-23,215,USD,2
307287___612650,2026-01-24,215,USD,2
307287___612650,2026-01-25,187,USD,2
307287___612650,2026-01-26,174,USD,2
307287___612650,2026-01-27,174,USD,2
307287___612650,2026-01-28,174,USD,2
307287___612650,2026-01-29,187,USD,2
307287___612650,2026-01-30,215,USD,2
307287___612650,2026-01-31,215,USD,2
307287___612650,2026-02-01,187,USD,2
307287___612650,2026-02-02,174,USD,2
307287___612650,2026-02-03,174,USD,2
307287___612650,2026-02-04,174,USD,2
307287___612650,2026-02-05,187,USD,2
307287___612650,2026-02-06,215,USD,2
307287___612650,2026-02-07,215,USD,2
307287___612650,2026-02-08,187,USD,2
307287___612650,2026-02-09,174,USD,2
307287___612650,2026-02-10,174,USD,2
307287___612650,2026-02-11,174,USD,2
307287___612650,2026-02-12,187,USD,2
307287___612650,2026-02-13,279,USD,2
307287___612650,2026-02-14,279,USD,2
307287___612650,2026-02-15,244,USD,2
307287___612650,2026-02-16,200,USD,2
307287___612650,2026-02-17,200,USD,2
307287___612650,2026-02-18,174,USD,2
307287___612650,2026-02-19,187,USD,2
307287___612650,2026-02-20,215,USD,2
307287___612650,2026-02-21,215,USD,2
307287___612650,2026-02-22,187,USD,2
307287___612650,2026-02-23,174,USD,2
307287___612650,2026-02-24,174,USD,2
307287___612650,2026-02-25,174,USD,2
307287___612650,2026-02-26,187,USD,2
307287___612650,2026-02-27,215,USD,2
307287___612650,2026-02-28,215,USD,2
307287___612650,2026-03-01,187,USD,2
307287___612650,2026-03-02,208,USD,2
307287___612650,2026-03-03,208,USD,2
307287___612650,2026-03-04,208,USD,2
307287___612650,2026-03-05,225,USD,2
307287___612650,2026-03-06,257,USD,2
307287___612650,2026-03-07,257,USD,2
307287___612650,2026-03-08,225,USD,2
307287___612650,2026-03-09,208,USD,2
307287___612650,2026-03-10,208,USD,2
307287___612650,2026-03-11,208,USD,2
307287___612650,2026-03-12,225,USD,2
307287___612650,2026-03-13,311,USD,2
307287___612650,2026-03-14,311,USD,2
307287___612650,2026-03-15,271,USD,2
307287___612650,2026-03-16,249,USD,2
307287___612650,2026-03-17,249,USD,2
307287___612650,2026-03-18,249,USD,2
307287___612650,2026-03-19,271,USD,2
307287___612650,2026-03-20,311,USD,2
307287___612650,2026-03-21,311,USD,2
307287___612650,2026-03-22,271,USD,2
307287___612650,2026-03-23,208,USD,2
307287___612650,2026-03-24,208,USD,2
307287___612650,2026-03-25,208,USD,2
307287___612650,2026-03-26,225,USD,2
307287___612650,2026-03-27,257,USD,2
307287___612650,2026-03-28,257,USD,2
307287___612650,2026-03-29,225,USD,2
307287___612650,2026-03-30,208,USD,2
307287___612650,2026-03-31,208,USD,2
307287___612650,2026-04-01,208,USD,2
307287___612650,2026-04-02,249,USD,2
307287___612650,2026-04-03,287,USD,2
307287___612650,2026-04-04,287,USD,2
307287___612650,2026-04-05,249,USD,2
307287___612650,2026-04-06,231,USD,2
307287___612650,2026-04-07,231,USD,2
307287___612650,2026-04-08,231,USD,2
307287___612650,2026-04-09,249,USD,2
307287___612650,2026-04-10,287,USD,2
307287___612650,2026-04-11,287,USD,2
307287___612650,2026-04-12,249,USD,2
307287___612650,2026-04-13,231,USD,2
307287___612650,2026-04-14,231,USD,2
307287___612650,2026-04-15,231,USD,2
307287___612650,2026-04-16,249,USD,2
307287___612650,2026-04-17,287,USD,2
307287___612650,2026-04-18,287,USD,2
307287___612650,2026-04-19,249,USD,2
307287___612650,2026-04-20,231,USD,2
307287___612650,2026-04-21,231,USD,2
307287___612650,2026-04-22,231,USD,2
307287___612650,2026-04-23,249,USD,2
307287___612650,2026-04-24,287,USD,2
307287___612650,2026-04-25,287,USD,2
307287___612650,2026-04-26,249,USD,2
307287___612650,2026-04-27,231,USD,2
307287___612650,2026-04-28,231,USD,2
307287___612650,2026-04-29,231,USD,2
307287___612650,2026-04-30,350,USD,2
307287___612650,2026-05-01,401,USD,2
307287___612650,2026-05-02,401,USD,2
307287___612650,2026-05-03,350,USD,2
307287___612650,2026-05-04,277,USD,2
307287___612650,2026-05-05,277,USD,2
307287___612650,2026-05-06,277,USD,2
307287___612650,2026-05-07,350,USD,2
307287___612650,2026-05-08,401,USD,2
307287___612650,2026-05-09,401,USD,2
307287___612650,2026-05-10,350,USD,2
307287___612650,2026-05-11,277,USD,2
307287___612650,2026-05-12,277,USD,2
307287___612650,2026-05-13,277,USD,2
307287___612650,2026-05-14,350,USD,2
307287___612650,2026-05-15,401,USD,2
307287___612650,2026-05-16,401,USD,2
307287___612650,2026-05-17,350,USD,2
307287___612650,2026-05-18,277,USD,2
307287___612650,2026-05-19,277,USD,2
307287___612650,2026-05-20,277,USD,2
307287___612650,2026-05-21,350,USD,2
307287___612650,2026-05-22,422,USD,2
307287___612650,2026-05-23,422,USD,2
307287___612650,2026-05-24,367,USD,2
307287___612650,2026-05-25,292,USD,2
307287___612650,2026-05-26,277,USD,2
307287___612650,2026-05-27,277,USD,2
307287___612650,2026-05-28,350,USD,2
307287___612650,2026-05-29,401,USD,2
307287___612650,2026-05-30,401,USD,2
307287___612650,2026-05-31,350,USD,2
307287___612650,2026-06-01,360,USD,2
307287___612650,2026-06-02,360,USD,2
307287___612650,2026-06-03,360,USD,2
307287___612650,2026-06-04,419,USD,2
307287___612650,2026-06-05,482,USD,2
307287___612650,2026-06-06,482,USD,2
307287___612650,2026-06-07,419,USD,2
307287___612650,2026-06-08,360,USD,2
307287___612650,2026-06-09,360,USD,2
307287___612650,2026-06-10,360,USD,2
307287___612650,2026-06-11,419,USD,2
307287___612650,2026-06-12,482,USD,2
307287___612650,2026-06-13,482,USD,2
307287___612650,2026-06-14,419,USD,2
307287___612650,2026-06-15,360,USD,2
307287___612650,2026-06-16,360,USD,2
307287___612650,2026-06-17,360,USD,2
307287___612650,2026-06-18,419,USD,2
307287___612650,2026-06-19,482,USD,2
307287___612650,2026-06-20,482,USD,2
307287___612650,2026-06-21,419,USD,2
307287___612650,2026-06-22,360,USD,2
307287___612650,2026-06-23,360,USD,2
307287___612650,2025-06-23,174,USD,1
307287___612650,2025-06-24,174,USD,1
307287___612650,2025-06-25,174,USD,1
307287___612650,2025-06-30,255,USD,1
307287___612650,2025-07-01,255,USD,1
307287___612650,2025-07-02,255,USD,1
307287___612650,2025-06-27,301,USD,2
307287___612650,2025-06-26,279,USD,2
307287___612650,2025-06-28,433,USD,2
307287___612650,2025-06-29,335,USD,2
307287___612650,2025-07-13,532,USD,2
307287___612650,2025-08-25,351,USD,2
307287___612650,2025-08-26,351,USD,2
307287___612650,2025-08-27,351,USD,2
307287___612625,2025-07-03,559,USD,2
307287___612625,2025-07-04,661,USD,2
307287___612625,2025-07-05,608,USD,2
307287___612625,2025-07-06,514,USD,2
307287___612625,2025-07-07,390,USD,2
307287___612625,2025-07-08,390,USD,2
307287___612625,2025-07-09,390,USD,2
307287___612625,2025-07-10,463,USD,2
307287___612625,2025-07-11,531,USD,2
307287___612625,2025-07-12,531,USD,2
307287___612625,2025-07-17,463,USD,2
307287___612625,2025-07-18,531,USD,2
307287___612625,2025-07-19,531,USD,2
307287___612625,2025-07-20,463,USD,2
307287___612625,2025-07-21,390,USD,2
307287___612625,2025-07-22,390,USD,2
307287___612625,2025-07-23,390,USD,2
307287___612625,2025-07-24,463,USD,2
307287___612625,2025-07-25,531,USD,2
307287___612625,2025-07-26,531,USD,2
307287___612625,2025-07-27,463,USD,2
307287___612625,2025-07-28,390,USD,2
307287___612625,2025-07-29,390,USD,2
307287___612625,2025-07-30,390,USD,2
307287___612625,2025-07-31,463,USD,2
307287___612625,2025-08-01,531,USD,2
307287___612625,2025-08-02,531,USD,2
307287___612625,2025-08-03,463,USD,2
307287___612625,2025-08-04,355,USD,2
307287___612625,2025-08-05,355,USD,2
307287___612625,2025-08-06,355,USD,2
307287___612625,2025-08-07,416,USD,2
307287___612625,2025-08-08,477,USD,2
307287___612625,2025-08-09,477,USD,2
307287___612625,2025-08-10,416,USD,2
307287___612625,2025-08-11,355,USD,2
307287___612625,2025-08-12,355,USD,2
307287___612625,2025-08-13,355,USD,2
307287___612625,2025-08-14,416,USD,2
307287___612625,2025-08-15,477,USD,2
307287___612625,2025-08-16,477,USD,2
307287___612625,2025-08-17,416,USD,2
307287___612625,2025-08-18,305,USD,2
307287___612625,2025-08-19,305,USD,2
307287___612625,2025-08-20,305,USD,2
307287___612625,2025-08-21,355,USD,2
307287___612625,2025-08-22,421,USD,2
307287___612625,2025-08-23,421,USD,2
307287___612625,2025-08-24,355,USD,2
307287___612625,2025-08-28,392,USD,2
307287___612625,2025-08-29,483,USD,2
307287___612625,2025-08-30,483,USD,2
307287___612625,2025-08-31,410,USD,2
307287___612625,2025-09-01,305,USD,2
307287___612625,2025-09-02,305,USD,2
307287___612625,2025-09-03,305,USD,2
307287___612625,2025-09-04,355,USD,2
307287___612625,2025-09-05,421,USD,2
307287___612625,2025-09-06,421,USD,2
307287___612625,2025-09-07,355,USD,2
307287___612625,2025-09-08,305,USD,2
307287___612625,2025-09-09,305,USD,2
307287___612625,2025-09-10,305,USD,2
307287___612625,2025-09-11,355,USD,2
307287___612625,2025-09-12,421,USD,2
307287___612625,2025-09-13,421,USD,2
307287___612625,2025-09-14,355,USD,2
307287___612625,2025-09-15,270,USD,2
307287___612625,2025-09-16,270,USD,2
307287___612625,2025-09-17,270,USD,2
307287___612625,2025-09-18,305,USD,2
307287___612625,2025-09-19,355,USD,2
307287___612625,2025-09-20,355,USD,2
307287___612625,2025-09-21,305,USD,2
307287___612625,2025-09-22,270,USD,2
307287___612625,2025-09-23,270,USD,2
307287___612625,2025-09-24,270,USD,2
307287___612625,2025-09-25,305,USD,2
307287___612625,2025-09-26,355,USD,2
307287___612625,2025-09-27,355,USD,2
307287___612625,2025-09-28,305,USD,2
307287___612625,2025-09-29,239,USD,2
307287___612625,2025-09-30,239,USD,2
307287___612625,2025-10-01,239,USD,2
307287___612625,2025-10-02,261,USD,2
307287___612625,2025-10-03,292,USD,2
307287___612625,2025-10-04,292,USD,2
307287___612625,2025-10-05,261,USD,2
307287___612625,2025-10-06,239,USD,2
307287___612625,2025-10-07,239,USD,2
307287___612625,2025-10-08,239,USD,2
307287___612625,2025-10-09,261,USD,2
307287___612625,2025-10-10,292,USD,2
307287___612625,2025-10-11,292,USD,2
307287___612625,2025-10-12,261,USD,2
307287___612625,2025-10-13,239,USD,2
307287___612625,2025-10-14,239,USD,2
307287___612625,2025-10-15,239,USD,2
307287___612625,2025-10-16,261,USD,2
307287___612625,2025-10-17,292,USD,2
307287___612625,2025-10-18,292,USD,2
307287___612625,2025-10-19,261,USD,2
307287___612625,2025-10-20,239,USD,2
307287___612625,2025-10-21,239,USD,2
307287___612625,2025-10-22,239,USD,2
307287___612625,2025-10-23,261,USD,2
307287___612625,2025-10-24,292,USD,2
307287___612625,2025-10-25,292,USD,2
307287___612625,2025-10-26,261,USD,2
307287___612625,2025-10-27,239,USD,2
307287___612625,2025-10-28,239,USD,2
307287___612625,2025-10-29,239,USD,2
307287___612625,2025-10-30,261,USD,2
307287___612625,2025-10-31,292,USD,2
307287___612625,2025-11-01,292,USD,2
307287___612625,2025-11-02,261,USD,2
307287___612625,2025-11-03,215,USD,2
307287___612625,2025-11-04,215,USD,2
307287___612625,2025-11-05,215,USD,2
307287___612625,2025-11-06,247,USD,2
307287___612625,2025-11-07,292,USD,2
307287___612625,2025-11-08,292,USD,2
307287___612625,2025-11-09,247,USD,2
307287___612625,2025-11-10,215,USD,2
307287___612625,2025-11-11,215,USD,2
307287___612625,2025-11-12,215,USD,2
307287___612625,2025-11-13,247,USD,2
307287___612625,2025-11-14,292,USD,2
307287___612625,2025-11-15,292,USD,2
307287___612625,2025-11-16,247,USD,2
307287___612625,2025-11-17,215,USD,2
307287___612625,2025-11-18,215,USD,2
307287___612625,2025-11-19,215,USD,2
307287___612625,2025-11-20,247,USD,2
307287___612625,2025-11-21,292,USD,2
307287___612625,2025-11-22,292,USD,2
307287___612625,2025-11-23,247,USD,2
307287___612625,2025-11-24,421,USD,2
307287___612625,2025-11-25,239,USD,2
307287___612625,2025-11-26,261,USD,2
307287___612625,2025-11-27,372,USD,2
307287___612625,2025-11-28,333,USD,2
307287___612625,2025-11-29,333,USD,2
307287___612625,2025-11-30,247,USD,2
307287___612625,2025-12-01,215,USD,2
307287___612625,2025-12-02,215,USD,2
307287___612625,2025-12-03,215,USD,2
307287___612625,2025-12-04,247,USD,2
307287___612625,2025-12-05,292,USD,2
307287___612625,2025-12-06,292,USD,2
307287___612625,2025-12-07,247,USD,2
307287___612625,2025-12-08,215,USD,2
307287___612625,2025-12-09,215,USD,2
307287___612625,2025-12-10,215,USD,2
307287___612625,2025-12-11,247,USD,2
307287___612625,2025-12-12,292,USD,2
307287___612625,2025-12-13,292,USD,2
307287___612625,2025-12-14,247,USD,2
307287___612625,2025-12-15,215,USD,2
307287___612625,2025-12-16,215,USD,2
307287___612625,2025-12-17,215,USD,2
307287___612625,2025-12-18,274,USD,2
307287___612625,2025-12-19,324,USD,2
307287___612625,2025-12-20,324,USD,2
307287___612625,2025-12-21,274,USD,2
307287___612625,2025-12-22,239,USD,2
307287___612625,2025-12-23,270,USD,2
307287___612625,2025-12-24,377,USD,2
307287___612625,2025-12-25,377,USD,2
307287___612625,2025-12-26,377,USD,2
307287___612625,2025-12-27,377,USD,2
307287___612625,2025-12-28,327,USD,2
307287___612625,2025-12-29,247,USD,2
307287___612625,2025-12-30,283,USD,2
307287___612625,2025-12-31,541,USD,2
307287___612625,2026-01-01,433,USD,2
307287___612625,2026-01-02,346,USD,2
307287___612625,2026-01-03,327,USD,2
307287___612625,2026-01-04,247,USD,2
307287___612625,2026-01-05,215,USD,2
307287___612625,2026-01-06,174,USD,2
307287___612625,2026-01-07,174,USD,2
307287___612625,2026-01-08,187,USD,2
307287___612625,2026-01-09,215,USD,2
307287___612625,2026-01-10,215,USD,2
307287___612625,2026-01-11,187,USD,2
307287___612625,2026-01-12,174,USD,2
307287___612625,2026-01-13,174,USD,2
307287___612625,2026-01-14,174,USD,2
307287___612625,2026-01-15,187,USD,2
307287___612625,2026-01-16,237,USD,2
307287___612625,2026-01-17,237,USD,2
307287___612625,2026-01-18,206,USD,2
307287___612625,2026-01-19,191,USD,2
307287___612625,2026-01-20,174,USD,2
307287___612625,2026-01-21,174,USD,2
307287___612625,2026-01-22,187,USD,2
307287___612625,2026-01-23,215,USD,2
307287___612625,2026-01-24,215,USD,2
307287___612625,2026-01-25,187,USD,2
307287___612625,2026-01-26,174,USD,2
307287___612625,2026-01-27,174,USD,2
307287___612625,2026-01-28,174,USD,2
307287___612625,2026-01-29,187,USD,2
307287___612625,2026-01-30,215,USD,2
307287___612625,2026-01-31,215,USD,2
307287___612625,2026-02-01,187,USD,2
307287___612625,2026-02-02,174,USD,2
307287___612625,2026-02-03,174,USD,2
307287___612625,2026-02-04,174,USD,2
307287___612625,2026-02-05,187,USD,2
307287___612625,2026-02-06,215,USD,2
307287___612625,2026-02-07,215,USD,2
307287___612625,2026-02-08,187,USD,2
307287___612625,2026-02-09,174,USD,2
307287___612625,2026-02-10,174,USD,2
307287___612625,2026-02-11,174,USD,2
307287___612625,2026-02-12,187,USD,2
307287___612625,2026-02-13,279,USD,2
307287___612625,2026-02-14,279,USD,2
307287___612625,2026-02-15,244,USD,2
307287___612625,2026-02-16,200,USD,2
307287___612625,2026-02-17,200,USD,2
307287___612625,2026-02-18,174,USD,2
307287___612625,2026-02-19,187,USD,2
307287___612625,2026-02-20,215,USD,2
307287___612625,2026-02-21,215,USD,2
307287___612625,2026-02-22,187,USD,2
307287___612625,2026-02-23,174,USD,2
307287___612625,2026-02-24,174,USD,2
307287___612625,2026-02-25,174,USD,2
307287___612625,2026-02-26,187,USD,2
307287___612625,2026-02-27,215,USD,2
307287___612625,2026-02-28,215,USD,2
307287___612625,2026-03-01,187,USD,2
307287___612625,2026-03-02,208,USD,2
307287___612625,2026-03-03,208,USD,2
307287___612625,2026-03-04,208,USD,2
307287___612625,2026-03-05,225,USD,2
307287___612625,2026-03-06,257,USD,2
307287___612625,2026-03-07,257,USD,2
307287___612625,2026-03-08,225,USD,2
307287___612625,2026-03-09,208,USD,2
307287___612625,2026-03-10,208,USD,2
307287___612625,2026-03-11,208,USD,2
307287___612625,2026-03-12,225,USD,2
307287___612625,2026-03-13,311,USD,2
307287___612625,2026-03-14,311,USD,2
307287___612625,2026-03-15,271,USD,2
307287___612625,2026-03-16,249,USD,2
307287___612625,2026-03-17,249,USD,2
307287___612625,2026-03-18,249,USD,2
307287___612625,2026-03-19,271,USD,2
307287___612625,2026-03-20,311,USD,2
307287___612625,2026-03-21,311,USD,2
307287___612625,2026-03-22,271,USD,2
307287___612625,2026-03-23,208,USD,2
307287___612625,2026-03-24,208,USD,2
307287___612625,2026-03-25,208,USD,2
307287___612625,2026-03-26,225,USD,2
307287___612625,2026-03-27,257,USD,2
307287___612625,2026-03-28,257,USD,2
307287___612625,2026-03-29,225,USD,2
307287___612625,2026-03-30,208,USD,2
307287___612625,2026-03-31,208,USD,2
307287___612625,2026-04-01,208,USD,2
307287___612625,2026-04-02,249,USD,2
307287___612625,2026-04-03,287,USD,2
307287___612625,2026-04-04,287,USD,2
307287___612625,2026-04-05,249,USD,2
307287___612625,2026-04-06,231,USD,2
307287___612625,2026-04-07,231,USD,2
307287___612625,2026-04-08,231,USD,2
307287___612625,2026-04-09,249,USD,2
307287___612625,2026-04-10,287,USD,2
307287___612625,2026-04-11,287,USD,2
307287___612625,2026-04-12,249,USD,2
307287___612625,2026-04-13,231,USD,2
307287___612625,2026-04-14,231,USD,2
307287___612625,2026-04-15,231,USD,2
307287___612625,2026-04-16,249,USD,2
307287___612625,2026-04-17,287,USD,2
307287___612625,2026-04-18,287,USD,2
307287___612625,2026-04-19,249,USD,2
307287___612625,2026-04-20,231,USD,2
307287___612625,2026-04-21,231,USD,2
307287___612625,2026-04-22,231,USD,2
307287___612625,2026-04-23,249,USD,2
307287___612625,2026-04-24,287,USD,2
307287___612625,2026-04-25,287,USD,2
307287___612625,2026-04-26,249,USD,2
307287___612625,2026-04-27,231,USD,2
307287___612625,2026-04-28,231,USD,2
307287___612625,2026-04-29,231,USD,2
307287___612625,2026-04-30,350,USD,2
307287___612625,2026-05-01,401,USD,2
307287___612625,2026-05-02,401,USD,2
307287___612625,2026-05-03,350,USD,2
307287___612625,2026-05-04,277,USD,2
307287___612625,2026-05-05,277,USD,2
307287___612625,2026-05-06,277,USD,2
307287___612625,2026-05-07,350,USD,2
307287___612625,2026-05-08,401,USD,2
307287___612625,2026-05-09,401,USD,2
307287___612625,2026-05-10,350,USD,2
307287___612625,2026-05-11,277,USD,2
307287___612625,2026-05-12,277,USD,2
307287___612625,2026-05-13,277,USD,2
307287___612625,2026-05-14,350,USD,2
307287___612625,2026-05-15,401,USD,2
307287___612625,2026-05-16,401,USD,2
307287___612625,2026-05-17,350,USD,2
307287___612625,2026-05-18,277,USD,2
307287___612625,2026-05-19,277,USD,2
307287___612625,2026-05-20,277,USD,2
307287___612625,2026-05-21,350,USD,2
307287___612625,2026-05-22,422,USD,2
307287___612625,2026-05-23,422,USD,2
307287___612625,2026-05-24,367,USD,2
307287___612625,2026-05-25,292,USD,2
307287___612625,2026-05-26,277,USD,2
307287___612625,2026-05-27,277,USD,2
307287___612625,2026-05-28,350,USD,2
307287___612625,2026-05-29,401,USD,2
307287___612625,2026-05-30,401,USD,2
307287___612625,2026-05-31,350,USD,2
307287___612625,2026-06-01,360,USD,2
307287___612625,2026-06-02,360,USD,2
307287___612625,2026-06-03,360,USD,2
307287___612625,2026-06-04,419,USD,2
307287___612625,2026-06-05,482,USD,2
307287___612625,2026-06-06,482,USD,2
307287___612625,2026-06-07,419,USD,2
307287___612625,2026-06-08,360,USD,2
307287___612625,2026-06-09,360,USD,2
307287___612625,2026-06-10,360,USD,2
307287___612625,2026-06-11,419,USD,2
307287___612625,2026-06-12,482,USD,2
307287___612625,2026-06-13,482,USD,2
307287___612625,2026-06-14,419,USD,2
307287___612625,2026-06-15,360,USD,2
307287___612625,2026-06-16,360,USD,2
307287___612625,2026-06-17,360,USD,2
307287___612625,2026-06-18,419,USD,2
307287___612625,2026-06-19,482,USD,2
307287___612625,2026-06-20,482,USD,2
307287___612625,2026-06-21,419,USD,2
307287___612625,2026-06-22,360,USD,2
307287___612625,2026-06-23,360,USD,2
307287___612625,2025-06-25,174,USD,1
307287___612625,2025-06-30,255,USD,1
307287___612625,2025-07-01,255,USD,1
307287___612625,2025-07-02,255,USD,1
307287___612625,2025-06-26,335,USD,1
307287___612625,2025-06-27,433,USD,2
307287___612625,2025-06-28,433,USD,2
307287___612625,2025-06-29,335,USD,2
307287___612625,2025-07-13,532,USD,2
307287___612625,2025-07-14,449,USD,2
307287___612625,2025-07-15,449,USD,2
307287___612625,2025-07-16,449,USD,2
307287___612625,2025-06-24,210,USD,1
307287___612625,2025-08-25,351,USD,2
307287___612625,2025-08-26,351,USD,2
307287___612625,2025-08-27,351,USD,2
307287___612625,2025-06-23,190,USD,1
307287___612632,2025-07-03,660,USD,2
307287___612632,2025-07-04,783,USD,2
307287___612632,2025-07-05,721,USD,2
307287___612632,2025-07-06,602,USD,2
307287___612632,2025-07-07,461,USD,2
307287___612632,2025-07-08,461,USD,2
307287___612632,2025-07-09,461,USD,2
307287___612632,2025-07-10,549,USD,2
307287___612632,2025-07-11,623,USD,2
307287___612632,2025-07-12,623,USD,2
307287___612632,2025-07-15,461,USD,2
307287___612632,2025-07-16,461,USD,2
307287___612632,2025-07-17,549,USD,2
307287___612632,2025-07-18,623,USD,2
307287___612632,2025-07-19,623,USD,2
307287___612632,2025-07-20,549,USD,2
307287___612632,2025-07-21,461,USD,2
307287___612632,2025-07-22,461,USD,2
307287___612632,2025-07-23,461,USD,2
307287___612632,2025-07-24,549,USD,2
307287___612632,2025-07-25,623,USD,2
307287___612632,2025-07-26,623,USD,2
307287___612632,2025-07-27,549,USD,2
307287___612632,2025-07-28,461,USD,2
307287___612632,2025-07-29,461,USD,2
307287___612632,2025-07-30,461,USD,2
307287___612632,2025-07-31,549,USD,2
307287___612632,2025-08-01,623,USD,2
307287___612632,2025-08-02,623,USD,2
307287___612632,2025-08-03,549,USD,2
307287___612632,2025-08-04,421,USD,2
307287___612632,2025-08-05,421,USD,2
307287___612632,2025-08-06,421,USD,2
307287___612632,2025-08-07,494,USD,2
307287___612632,2025-08-08,561,USD,2
307287___612632,2025-08-09,561,USD,2
307287___612632,2025-08-10,494,USD,2
307287___612632,2025-08-11,421,USD,2
307287___612632,2025-08-12,421,USD,2
307287___612632,2025-08-13,421,USD,2
307287___612632,2025-08-14,494,USD,2
307287___612632,2025-08-15,561,USD,2
307287___612632,2025-08-16,561,USD,2
307287___612632,2025-08-17,494,USD,2
307287___612632,2025-08-18,356,USD,2
307287___612632,2025-08-19,356,USD,2
307287___612632,2025-08-20,356,USD,2
307287___612632,2025-08-21,421,USD,2
307287___612632,2025-08-22,500,USD,2
307287___612632,2025-08-23,500,USD,2
307287___612632,2025-08-24,421,USD,2
307287___612632,2025-08-25,356,USD,2
307287___612632,2025-08-26,356,USD,2
307287___612632,2025-08-27,356,USD,2
307287___612632,2025-08-28,463,USD,2
307287___612632,2025-08-29,576,USD,2
307287___612632,2025-08-30,576,USD,2
307287___612632,2025-08-31,483,USD,2
307287___612632,2025-09-01,356,USD,2
307287___612632,2025-09-02,356,USD,2
307287___612632,2025-09-03,356,USD,2
307287___612632,2025-09-04,421,USD,2
307287___612632,2025-09-05,500,USD,2
307287___612632,2025-09-06,500,USD,2
307287___612632,2025-09-07,421,USD,2
307287___612632,2025-09-08,356,USD,2
307287___612632,2025-09-09,356,USD,2
307287___612632,2025-09-10,356,USD,2
307287___612632,2025-09-11,421,USD,2
307287___612632,2025-09-12,500,USD,2
307287___612632,2025-09-13,500,USD,2
307287___612632,2025-09-14,421,USD,2
307287___612632,2025-09-15,317,USD,2
307287___612632,2025-09-16,317,USD,2
307287___612632,2025-09-17,317,USD,2
307287___612632,2025-09-18,356,USD,2
307287___612632,2025-09-19,421,USD,2
307287___612632,2025-09-20,421,USD,2
307287___612632,2025-09-21,356,USD,2
307287___612632,2025-09-22,317,USD,2
307287___612632,2025-09-23,317,USD,2
307287___612632,2025-09-24,317,USD,2
307287___612632,2025-09-25,356,USD,2
307287___612632,2025-09-26,421,USD,2
307287___612632,2025-09-27,421,USD,2
307287___612632,2025-09-28,356,USD,2
307287___612632,2025-09-29,283,USD,2
307287___612632,2025-09-30,283,USD,2
307287___612632,2025-10-01,283,USD,2
307287___612632,2025-10-02,306,USD,2
307287___612632,2025-10-03,346,USD,2
307287___612632,2025-10-04,346,USD,2
307287___612632,2025-10-05,306,USD,2
307287___612632,2025-10-06,283,USD,2
307287___612632,2025-10-07,283,USD,2
307287___612632,2025-10-08,283,USD,2
307287___612632,2025-10-09,306,USD,2
307287___612632,2025-10-10,346,USD,2
307287___612632,2025-10-11,346,USD,2
307287___612632,2025-10-12,306,USD,2
307287___612632,2025-10-13,283,USD,2
307287___612632,2025-10-14,283,USD,2
307287___612632,2025-10-15,283,USD,2
307287___612632,2025-10-16,306,USD,2
307287___612632,2025-10-17,346,USD,2
307287___612632,2025-10-18,346,USD,2
307287___612632,2025-10-19,306,USD,2
307287___612632,2025-10-20,283,USD,2
307287___612632,2025-10-21,283,USD,2
307287___612632,2025-10-22,283,USD,2
307287___612632,2025-10-23,306,USD,2
307287___612632,2025-10-24,346,USD,2
307287___612632,2025-10-25,346,USD,2
307287___612632,2025-10-26,306,USD,2
307287___612632,2025-10-27,283,USD,2
307287___612632,2025-10-28,283,USD,2
307287___612632,2025-10-29,283,USD,2
307287___612632,2025-10-30,306,USD,2
307287___612632,2025-10-31,346,USD,2
307287___612632,2025-11-01,346,USD,2
307287___612632,2025-11-02,306,USD,2
307287___612632,2025-11-03,255,USD,2
307287___612632,2025-11-04,255,USD,2
307287___612632,2025-11-05,255,USD,2
307287___612632,2025-11-06,294,USD,2
307287___612632,2025-11-07,346,USD,2
307287___612632,2025-11-08,346,USD,2
307287___612632,2025-11-09,294,USD,2
307287___612632,2025-11-10,255,USD,2
307287___612632,2025-11-11,255,USD,2
307287___612632,2025-11-12,255,USD,2
307287___612632,2025-11-13,294,USD,2
307287___612632,2025-11-14,346,USD,2
307287___612632,2025-11-15,346,USD,2
307287___612632,2025-11-16,294,USD,2
307287___612632,2025-11-17,255,USD,2
307287___612632,2025-11-18,255,USD,2
307287___612632,2025-11-19,255,USD,2
307287___612632,2025-11-20,294,USD,2
307287___612632,2025-11-21,346,USD,2
307287___612632,2025-11-22,346,USD,2
307287___612632,2025-11-23,294,USD,2
307287___612632,2025-11-24,500,USD,2
307287___612632,2025-11-25,283,USD,2
307287___612632,2025-11-26,306,USD,2
307287___612632,2025-11-27,440,USD,2
307287___612632,2025-11-28,396,USD,2
307287___612632,2025-11-29,396,USD,2
307287___612632,2025-11-30,294,USD,2
307287___612632,2025-12-01,255,USD,2
307287___612632,2025-12-02,255,USD,2
307287___612632,2025-12-03,255,USD,2
307287___612632,2025-12-04,294,USD,2
307287___612632,2025-12-05,346,USD,2
307287___612632,2025-12-06,346,USD,2
307287___612632,2025-12-07,294,USD,2
307287___612632,2025-12-08,255,USD,2
307287___612632,2025-12-09,255,USD,2
307287___612632,2025-12-10,255,USD,2
307287___612632,2025-12-11,294,USD,2
307287___612632,2025-12-12,346,USD,2
307287___612632,2025-12-13,346,USD,2
307287___612632,2025-12-14,294,USD,2
307287___612632,2025-12-15,255,USD,2
307287___612632,2025-12-16,255,USD,2
307287___612632,2025-12-17,255,USD,2
307287___612632,2025-12-18,326,USD,2
307287___612632,2025-12-19,379,USD,2
307287___612632,2025-12-20,379,USD,2
307287___612632,2025-12-21,326,USD,2
307287___612632,2025-12-22,283,USD,2
307287___612632,2025-12-23,317,USD,2
307287___612632,2025-12-24,448,USD,2
307287___612632,2025-12-25,448,USD,2
307287___612632,2025-12-26,448,USD,2
307287___612632,2025-12-27,448,USD,2
307287___612632,2025-12-28,383,USD,2
307287___612632,2025-12-29,294,USD,2
307287___612632,2025-12-30,332,USD,2
307287___612632,2025-12-31,640,USD,2
307287___612632,2026-01-01,514,USD,2
307287___612632,2026-01-02,408,USD,2
307287___612632,2026-01-03,383,USD,2
307287___612632,2026-01-04,294,USD,2
307287___612632,2026-01-05,255,USD,2
307287___612632,2026-01-06,213,USD,2
307287___612632,2026-01-07,213,USD,2
307287___612632,2026-01-08,248,USD,2
307287___612632,2026-01-09,301,USD,2
307287___612632,2026-01-10,301,USD,2
307287___612632,2026-01-11,248,USD,2
307287___612632,2026-01-12,213,USD,2
307287___612632,2026-01-13,213,USD,2
307287___612632,2026-01-14,213,USD,2
307287___612632,2026-01-15,248,USD,2
307287___612632,2026-01-16,332,USD,2
307287___612632,2026-01-17,332,USD,2
307287___612632,2026-01-18,275,USD,2
307287___612632,2026-01-19,235,USD,2
307287___612632,2026-01-20,213,USD,2
307287___612632,2026-01-21,213,USD,2
307287___612632,2026-01-22,248,USD,2
307287___612632,2026-01-23,301,USD,2
307287___612632,2026-01-24,301,USD,2
307287___612632,2026-01-25,248,USD,2
307287___612632,2026-01-26,213,USD,2
307287___612632,2026-01-27,213,USD,2
307287___612632,2026-01-28,213,USD,2
307287___612632,2026-01-29,248,USD,2
307287___612632,2026-01-30,301,USD,2
307287___612632,2026-01-31,301,USD,2
307287___612632,2026-02-01,248,USD,2
307287___612632,2026-02-02,213,USD,2
307287___612632,2026-02-03,213,USD,2
307287___612632,2026-02-04,213,USD,2
307287___612632,2026-02-05,248,USD,2
307287___612632,2026-02-06,301,USD,2
307287___612632,2026-02-07,301,USD,2
307287___612632,2026-02-08,248,USD,2
307287___612632,2026-02-09,213,USD,2
307287___612632,2026-02-10,213,USD,2
307287___612632,2026-02-11,213,USD,2
307287___612632,2026-02-12,248,USD,2
307287___612632,2026-02-13,391,USD,2
307287___612632,2026-02-14,391,USD,2
307287___612632,2026-02-15,323,USD,2
307287___612632,2026-02-16,244,USD,2
307287___612632,2026-02-17,244,USD,2
307287___612632,2026-02-18,213,USD,2
307287___612632,2026-02-19,248,USD,2
307287___612632,2026-02-20,301,USD,2
307287___612632,2026-02-21,301,USD,2
307287___612632,2026-02-22,248,USD,2
307287___612632,2026-02-23,213,USD,2
307287___612632,2026-02-24,213,USD,2
307287___612632,2026-02-25,213,USD,2
307287___612632,2026-02-26,248,USD,2
307287___612632,2026-02-27,301,USD,2
307287___612632,2026-02-28,301,USD,2
307287___612632,2026-03-01,248,USD,2
307287___612632,2026-03-02,256,USD,2
307287___612632,2026-03-03,256,USD,2
307287___612632,2026-03-04,256,USD,2
307287___612632,2026-03-05,297,USD,2
307287___612632,2026-03-06,362,USD,2
307287___612632,2026-03-07,362,USD,2
307287___612632,2026-03-08,297,USD,2
307287___612632,2026-03-09,256,USD,2
307287___612632,2026-03-10,256,USD,2
307287___612632,2026-03-11,256,USD,2
307287___612632,2026-03-12,297,USD,2
307287___612632,2026-03-13,435,USD,2
307287___612632,2026-03-14,435,USD,2
307287___612632,2026-03-15,357,USD,2
307287___612632,2026-03-16,307,USD,2
307287___612632,2026-03-17,307,USD,2
307287___612632,2026-03-18,307,USD,2
307287___612632,2026-03-19,357,USD,2
307287___612632,2026-03-20,435,USD,2
307287___612632,2026-03-21,435,USD,2
307287___612632,2026-03-22,357,USD,2
307287___612632,2026-03-23,256,USD,2
307287___612632,2026-03-24,256,USD,2
307287___612632,2026-03-25,256,USD,2
307287___612632,2026-03-26,297,USD,2
307287___612632,2026-03-27,362,USD,2
307287___612632,2026-03-28,362,USD,2
307287___612632,2026-03-29,297,USD,2
307287___612632,2026-03-30,256,USD,2
307287___612632,2026-03-31,256,USD,2
307287___612632,2026-04-01,256,USD,2
307287___612632,2026-04-02,332,USD,2
307287___612632,2026-04-03,401,USD,2
307287___612632,2026-04-04,401,USD,2
307287___612632,2026-04-05,332,USD,2
307287___612632,2026-04-06,283,USD,2
307287___612632,2026-04-07,283,USD,2
307287___612632,2026-04-08,283,USD,2
307287___612632,2026-04-09,332,USD,2
307287___612632,2026-04-10,401,USD,2
307287___612632,2026-04-11,401,USD,2
307287___612632,2026-04-12,332,USD,2
307287___612632,2026-04-13,283,USD,2
307287___612632,2026-04-14,283,USD,2
307287___612632,2026-04-15,283,USD,2
307287___612632,2026-04-16,332,USD,2
307287___612632,2026-04-17,401,USD,2
307287___612632,2026-04-18,401,USD,2
307287___612632,2026-04-19,332,USD,2
307287___612632,2026-04-20,283,USD,2
307287___612632,2026-04-21,283,USD,2
307287___612632,2026-04-22,283,USD,2
307287___612632,2026-04-23,332,USD,2
307287___612632,2026-04-24,401,USD,2
307287___612632,2026-04-25,401,USD,2
307287___612632,2026-04-26,332,USD,2
307287___612632,2026-04-27,283,USD,2
307287___612632,2026-04-28,283,USD,2
307287___612632,2026-04-29,283,USD,2
307287___612632,2026-04-30,464,USD,2
307287___612632,2026-05-01,561,USD,2
307287___612632,2026-05-02,561,USD,2
307287___612632,2026-05-03,464,USD,2
307287___612632,2026-05-04,340,USD,2
307287___612632,2026-05-05,340,USD,2
307287___612632,2026-05-06,340,USD,2
307287___612632,2026-05-07,464,USD,2
307287___612632,2026-05-08,561,USD,2
307287___612632,2026-05-09,561,USD,2
307287___612632,2026-05-10,464,USD,2
307287___612632,2026-05-11,340,USD,2
307287___612632,2026-05-12,340,USD,2
307287___612632,2026-05-13,340,USD,2
307287___612632,2026-05-14,464,USD,2
307287___612632,2026-05-15,561,USD,2
307287___612632,2026-05-16,561,USD,2
307287___612632,2026-05-17,464,USD,2
307287___612632,2026-05-18,340,USD,2
307287___612632,2026-05-19,340,USD,2
307287___612632,2026-05-20,340,USD,2
307287___612632,2026-05-21,464,USD,2
307287___612632,2026-05-22,591,USD,2
307287___612632,2026-05-23,591,USD,2
307287___612632,2026-05-24,486,USD,2
307287___612632,2026-05-25,357,USD,2
307287___612632,2026-05-26,340,USD,2
307287___612632,2026-05-27,340,USD,2
307287___612632,2026-05-28,464,USD,2
307287___612632,2026-05-29,561,USD,2
307287___612632,2026-05-30,561,USD,2
307287___612632,2026-05-31,464,USD,2
307287___612632,2026-06-01,443,USD,2
307287___612632,2026-06-02,443,USD,2
307287___612632,2026-06-03,443,USD,2
307287___612632,2026-06-04,557,USD,2
307287___612632,2026-06-05,675,USD,2
307287___612632,2026-06-06,675,USD,2
307287___612632,2026-06-07,557,USD,2
307287___612632,2026-06-08,443,USD,2
307287___612632,2026-06-09,443,USD,2
307287___612632,2026-06-10,443,USD,2
307287___612632,2026-06-11,557,USD,2
307287___612632,2026-06-12,675,USD,2
307287___612632,2026-06-13,675,USD,2
307287___612632,2026-06-14,557,USD,2
307287___612632,2026-06-15,443,USD,2
307287___612632,2026-06-16,443,USD,2
307287___612632,2026-06-17,443,USD,2
307287___612632,2026-06-18,557,USD,2
307287___612632,2026-06-19,675,USD,2
307287___612632,2026-06-20,675,USD,2
307287___612632,2026-06-21,557,USD,2
307287___612632,2026-06-22,443,USD,2
307287___612632,2026-06-23,443,USD,2
307287___612632,2025-06-25,259,USD,1
307287___612632,2025-06-30,324,USD,1
307287___612632,2025-07-01,324,USD,1
307287___612632,2025-07-02,324,USD,1
307287___612632,2025-06-23,298,USD,1
307287___612632,2025-06-26,348,USD,2
307287___612632,2025-06-27,536,USD,2
307287___612632,2025-06-28,536,USD,2
307287___612632,2025-06-29,424,USD,2
307287___612632,2025-07-13,631,USD,2
307287___612632,2025-07-14,530,USD,2
307287___612632,2025-06-24,314,USD,1
307287___612627,2025-06-23,379,USD,1
307287___612627,2025-06-24,379,USD,1
307287___612627,2025-06-25,379,USD,1
307287___612627,2025-07-03,742,USD,2
307287___612627,2025-07-04,880,USD,2
307287___612627,2025-07-05,810,USD,2
307287___612627,2025-07-06,681,USD,2
307287___612627,2025-07-07,520,USD,2
307287___612627,2025-07-08,520,USD,2
307287___612627,2025-07-09,520,USD,2
307287___612627,2025-07-10,619,USD,2
307287___612627,2025-07-11,705,USD,2
307287___612627,2025-07-12,705,USD,2
307287___612627,2025-07-16,520,USD,2
307287___612627,2025-07-17,619,USD,2
307287___612627,2025-07-18,705,USD,2
307287___612627,2025-07-19,705,USD,2
307287___612627,2025-07-20,619,USD,2
307287___612627,2025-07-21,520,USD,2
307287___612627,2025-07-22,520,USD,2
307287___612627,2025-07-23,520,USD,2
307287___612627,2025-07-24,619,USD,2
307287___612627,2025-07-25,705,USD,2
307287___612627,2025-07-26,705,USD,2
307287___612627,2025-07-27,619,USD,2
307287___612627,2025-07-28,520,USD,2
307287___612627,2025-07-29,520,USD,2
307287___612627,2025-07-30,520,USD,2
307287___612627,2025-07-31,619,USD,2
307287___612627,2025-08-01,705,USD,2
307287___612627,2025-08-02,705,USD,2
307287___612627,2025-08-03,619,USD,2
307287___612627,2025-08-04,476,USD,2
307287___612627,2025-08-05,476,USD,2
307287___612627,2025-08-06,476,USD,2
307287___612627,2025-08-07,557,USD,2
307287___612627,2025-08-08,634,USD,2
307287___612627,2025-08-09,634,USD,2
307287___612627,2025-08-10,557,USD,2
307287___612627,2025-08-11,476,USD,2
307287___612627,2025-08-12,476,USD,2
307287___612627,2025-08-13,476,USD,2
307287___612627,2025-08-14,557,USD,2
307287___612627,2025-08-15,634,USD,2
307287___612627,2025-08-16,634,USD,2
307287___612627,2025-08-17,557,USD,2
307287___612627,2025-08-18,406,USD,2
307287___612627,2025-08-19,406,USD,2
307287___612627,2025-08-20,406,USD,2
307287___612627,2025-08-21,476,USD,2
307287___612627,2025-08-22,560,USD,2
307287___612627,2025-08-23,560,USD,2
307287___612627,2025-08-24,476,USD,2
307287___612627,2025-08-27,406,USD,2
307287___612627,2025-08-28,521,USD,2
307287___612627,2025-08-29,643,USD,2
307287___612627,2025-08-30,643,USD,2
307287___612627,2025-08-31,542,USD,2
307287___612627,2025-09-01,406,USD,2
307287___612627,2025-09-02,406,USD,2
307287___612627,2025-09-03,406,USD,2
307287___612627,2025-09-04,476,USD,2
307287___612627,2025-09-05,560,USD,2
307287___612627,2025-09-06,560,USD,2
307287___612627,2025-09-07,476,USD,2
307287___612627,2025-09-08,406,USD,2
307287___612627,2025-09-09,406,USD,2
307287___612627,2025-09-10,406,USD,2
307287___612627,2025-09-11,476,USD,2
307287___612627,2025-09-12,560,USD,2
307287___612627,2025-09-13,560,USD,2
307287___612627,2025-09-14,476,USD,2
307287___612627,2025-09-15,358,USD,2
307287___612627,2025-09-16,358,USD,2
307287___612627,2025-09-17,358,USD,2
307287___612627,2025-09-18,406,USD,2
307287___612627,2025-09-19,476,USD,2
307287___612627,2025-09-20,476,USD,2
307287___612627,2025-09-21,406,USD,2
307287___612627,2025-09-22,358,USD,2
307287___612627,2025-09-23,358,USD,2
307287___612627,2025-09-24,358,USD,2
307287___612627,2025-09-25,406,USD,2
307287___612627,2025-09-26,476,USD,2
307287___612627,2025-09-27,476,USD,2
307287___612627,2025-09-28,406,USD,2
307287___612627,2025-09-29,314,USD,2
307287___612627,2025-09-30,314,USD,2
307287___612627,2025-10-01,314,USD,2
307287___612627,2025-10-02,346,USD,2
307287___612627,2025-10-03,390,USD,2
307287___612627,2025-10-04,390,USD,2
307287___612627,2025-10-05,346,USD,2
307287___612627,2025-10-06,314,USD,2
307287___612627,2025-10-07,314,USD,2
307287___612627,2025-10-08,314,USD,2
307287___612627,2025-10-09,346,USD,2
307287___612627,2025-10-10,390,USD,2
307287___612627,2025-10-11,390,USD,2
307287___612627,2025-10-12,346,USD,2
307287___612627,2025-10-13,314,USD,2
307287___612627,2025-10-14,314,USD,2
307287___612627,2025-10-15,314,USD,2
307287___612627,2025-10-16,346,USD,2
307287___612627,2025-10-17,390,USD,2
307287___612627,2025-10-18,390,USD,2
307287___612627,2025-10-19,346,USD,2
307287___612627,2025-10-20,314,USD,2
307287___612627,2025-10-21,314,USD,2
307287___612627,2025-10-22,314,USD,2
307287___612627,2025-10-23,346,USD,2
307287___612627,2025-10-24,390,USD,2
307287___612627,2025-10-25,390,USD,2
307287___612627,2025-10-26,346,USD,2
307287___612627,2025-10-27,314,USD,2
307287___612627,2025-10-28,314,USD,2
307287___612627,2025-10-29,314,USD,2
307287___612627,2025-10-30,346,USD,2
307287___612627,2025-10-31,390,USD,2
307287___612627,2025-11-01,390,USD,2
307287___612627,2025-11-02,346,USD,2
307287___612627,2025-11-03,287,USD,2
307287___612627,2025-11-04,287,USD,2
307287___612627,2025-11-05,287,USD,2
307287___612627,2025-11-06,332,USD,2
307287___612627,2025-11-07,390,USD,2
307287___612627,2025-11-08,390,USD,2
307287___612627,2025-11-09,332,USD,2
307287___612627,2025-11-10,287,USD,2
307287___612627,2025-11-11,287,USD,2
307287___612627,2025-11-12,287,USD,2
307287___612627,2025-11-13,332,USD,2
307287___612627,2025-11-14,390,USD,2
307287___612627,2025-11-15,390,USD,2
307287___612627,2025-11-16,332,USD,2
307287___612627,2025-11-17,287,USD,2
307287___612627,2025-11-18,287,USD,2
307287___612627,2025-11-19,287,USD,2
307287___612627,2025-11-20,332,USD,2
307287___612627,2025-11-21,390,USD,2
307287___612627,2025-11-22,390,USD,2
307287___612627,2025-11-23,332,USD,2
307287___612627,2025-11-24,560,USD,2
307287___612627,2025-11-25,314,USD,2
307287___612627,2025-11-26,346,USD,2
307287___612627,2025-11-27,497,USD,2
307287___612627,2025-11-28,445,USD,2
307287___612627,2025-11-29,445,USD,2
307287___612627,2025-11-30,332,USD,2
307287___612627,2025-12-01,287,USD,2
307287___612627,2025-12-02,287,USD,2
307287___612627,2025-12-03,287,USD,2
307287___612627,2025-12-04,332,USD,2
307287___612627,2025-12-05,390,USD,2
307287___612627,2025-12-06,390,USD,2
307287___612627,2025-12-07,332,USD,2
307287___612627,2025-12-08,287,USD,2
307287___612627,2025-12-09,287,USD,2
307287___612627,2025-12-10,287,USD,2
307287___612627,2025-12-11,332,USD,2
307287___612627,2025-12-12,390,USD,2
307287___612627,2025-12-13,390,USD,2
307287___612627,2025-12-14,332,USD,2
307287___612627,2025-12-15,287,USD,2
307287___612627,2025-12-16,287,USD,2
307287___612627,2025-12-17,287,USD,2
307287___612627,2025-12-18,367,USD,2
307287___612627,2025-12-19,427,USD,2
307287___612627,2025-12-20,427,USD,2
307287___612627,2025-12-21,367,USD,2
307287___612627,2025-12-22,314,USD,2
307287___612627,2025-12-23,358,USD,2
307287___612627,2025-12-24,502,USD,2
307287___612627,2025-12-25,502,USD,2
307287___612627,2025-12-26,502,USD,2
307287___612627,2025-12-27,502,USD,2
307287___612627,2025-12-28,432,USD,2
307287___612627,2025-12-29,332,USD,2
307287___612627,2025-12-30,373,USD,2
307287___612627,2025-12-31,721,USD,2
307287___612627,2026-01-01,578,USD,2
307287___612627,2026-01-02,460,USD,2
307287___612627,2026-01-03,432,USD,2
307287___612627,2026-01-04,332,USD,2
307287___612627,2026-01-05,287,USD,2
307287___612627,2026-01-06,237,USD,2
307287___612627,2026-01-07,237,USD,2
307287___612627,2026-01-08,276,USD,2
307287___612627,2026-01-09,335,USD,2
307287___612627,2026-01-10,335,USD,2
307287___612627,2026-01-11,276,USD,2
307287___612627,2026-01-12,237,USD,2
307287___612627,2026-01-13,237,USD,2
307287___612627,2026-01-14,237,USD,2
307287___612627,2026-01-15,276,USD,2
307287___612627,2026-01-16,368,USD,2
307287___612627,2026-01-17,368,USD,2
307287___612627,2026-01-18,303,USD,2
307287___612627,2026-01-19,260,USD,2
307287___612627,2026-01-20,237,USD,2
307287___612627,2026-01-21,237,USD,2
307287___612627,2026-01-22,276,USD,2
307287___612627,2026-01-23,335,USD,2
307287___612627,2026-01-24,335,USD,2
307287___612627,2026-01-25,276,USD,2
307287___612627,2026-01-26,237,USD,2
307287___612627,2026-01-27,237,USD,2
307287___612627,2026-01-28,237,USD,2
307287___612627,2026-01-29,276,USD,2
307287___612627,2026-01-30,335,USD,2
307287___612627,2026-01-31,335,USD,2
307287___612627,2026-02-01,276,USD,2
307287___612627,2026-02-02,237,USD,2
307287___612627,2026-02-03,237,USD,2
307287___612627,2026-02-04,237,USD,2
307287___612627,2026-02-05,276,USD,2
307287___612627,2026-02-06,335,USD,2
307287___612627,2026-02-07,335,USD,2
307287___612627,2026-02-08,276,USD,2
307287___612627,2026-02-09,237,USD,2
307287___612627,2026-02-10,237,USD,2
307287___612627,2026-02-11,237,USD,2
307287___612627,2026-02-12,276,USD,2
307287___612627,2026-02-13,436,USD,2
307287___612627,2026-02-14,436,USD,2
307287___612627,2026-02-15,359,USD,2
307287___612627,2026-02-16,273,USD,2
307287___612627,2026-02-17,273,USD,2
307287___612627,2026-02-18,237,USD,2
307287___612627,2026-02-19,276,USD,2
307287___612627,2026-02-20,335,USD,2
307287___612627,2026-02-21,335,USD,2
307287___612627,2026-02-22,276,USD,2
307287___612627,2026-02-23,237,USD,2
307287___612627,2026-02-24,237,USD,2
307287___612627,2026-02-25,237,USD,2
307287___612627,2026-02-26,276,USD,2
307287___612627,2026-02-27,335,USD,2
307287___612627,2026-02-28,335,USD,2
307287___612627,2026-03-01,276,USD,2
307287___612627,2026-03-02,283,USD,2
307287___612627,2026-03-03,283,USD,2
307287___612627,2026-03-04,283,USD,2
307287___612627,2026-03-05,332,USD,2
307287___612627,2026-03-06,401,USD,2
307287___612627,2026-03-07,401,USD,2
307287___612627,2026-03-08,332,USD,2
307287___612627,2026-03-09,283,USD,2
307287___612627,2026-03-10,283,USD,2
307287___612627,2026-03-11,283,USD,2
307287___612627,2026-03-12,332,USD,2
307287___612627,2026-03-13,482,USD,2
307287___612627,2026-03-14,482,USD,2
307287___612627,2026-03-15,398,USD,2
307287___612627,2026-03-16,341,USD,2
307287___612627,2026-03-17,341,USD,2
307287___612627,2026-03-18,341,USD,2
307287___612627,2026-03-19,398,USD,2
307287___612627,2026-03-20,482,USD,2
307287___612627,2026-03-21,482,USD,2
307287___612627,2026-03-22,398,USD,2
307287___612627,2026-03-23,283,USD,2
307287___612627,2026-03-24,283,USD,2
307287___612627,2026-03-25,283,USD,2
307287___612627,2026-03-26,332,USD,2
307287___612627,2026-03-27,401,USD,2
307287___612627,2026-03-28,401,USD,2
307287___612627,2026-03-29,332,USD,2
307287___612627,2026-03-30,283,USD,2
307287___612627,2026-03-31,283,USD,2
307287___612627,2026-04-01,283,USD,2
307287___612627,2026-04-02,368,USD,2
307287___612627,2026-04-03,446,USD,2
307287___612627,2026-04-04,446,USD,2
307287___612627,2026-04-05,368,USD,2
307287___612627,2026-04-06,316,USD,2
307287___612627,2026-04-07,316,USD,2
307287___612627,2026-04-08,316,USD,2
307287___612627,2026-04-09,368,USD,2
307287___612627,2026-04-10,446,USD,2
307287___612627,2026-04-11,446,USD,2
307287___612627,2026-04-12,368,USD,2
307287___612627,2026-04-13,316,USD,2
307287___612627,2026-04-14,316,USD,2
307287___612627,2026-04-15,316,USD,2
307287___612627,2026-04-16,368,USD,2
307287___612627,2026-04-17,446,USD,2
307287___612627,2026-04-18,446,USD,2
307287___612627,2026-04-19,368,USD,2
307287___612627,2026-04-20,316,USD,2
307287___612627,2026-04-21,316,USD,2
307287___612627,2026-04-22,316,USD,2
307287___612627,2026-04-23,368,USD,2
307287___612627,2026-04-24,446,USD,2
307287___612627,2026-04-25,446,USD,2
307287___612627,2026-04-26,368,USD,2
307287___612627,2026-04-27,316,USD,2
307287___612627,2026-04-28,316,USD,2
307287___612627,2026-04-29,316,USD,2
307287___612627,2026-04-30,515,USD,2
307287___612627,2026-05-01,625,USD,2
307287___612627,2026-05-02,625,USD,2
307287___612627,2026-05-03,515,USD,2
307287___612627,2026-05-04,378,USD,2
307287___612627,2026-05-05,378,USD,2
307287___612627,2026-05-06,378,USD,2
307287___612627,2026-05-07,515,USD,2
307287___612627,2026-05-08,625,USD,2
307287___612627,2026-05-09,625,USD,2
307287___612627,2026-05-10,515,USD,2
307287___612627,2026-05-11,378,USD,2
307287___612627,2026-05-12,378,USD,2
307287___612627,2026-05-13,378,USD,2
307287___612627,2026-05-14,515,USD,2
307287___612627,2026-05-15,625,USD,2
307287___612627,2026-05-16,625,USD,2
307287___612627,2026-05-17,515,USD,2
307287___612627,2026-05-18,378,USD,2
307287___612627,2026-05-19,378,USD,2
307287___612627,2026-05-20,378,USD,2
307287___612627,2026-05-21,515,USD,2
307287___612627,2026-05-22,657,USD,2
307287___612627,2026-05-23,657,USD,2
307287___612627,2026-05-24,541,USD,2
307287___612627,2026-05-25,397,USD,2
307287___612627,2026-05-26,378,USD,2
307287___612627,2026-05-27,378,USD,2
307287___612627,2026-05-28,515,USD,2
307287___612627,2026-05-29,625,USD,2
307287___612627,2026-05-30,625,USD,2
307287___612627,2026-05-31,515,USD,2
307287___612627,2026-06-01,492,USD,2
307287___612627,2026-06-02,492,USD,2
307287___612627,2026-06-03,492,USD,2
307287___612627,2026-06-04,618,USD,2
307287___612627,2026-06-05,750,USD,2
307287___612627,2026-06-06,750,USD,2
307287___612627,2026-06-07,618,USD,2
307287___612627,2026-06-08,492,USD,2
307287___612627,2026-06-09,492,USD,2
307287___612627,2026-06-10,492,USD,2
307287___612627,2026-06-11,618,USD,2
307287___612627,2026-06-12,750,USD,2
307287___612627,2026-06-13,750,USD,2
307287___612627,2026-06-14,618,USD,2
307287___612627,2026-06-15,492,USD,2
307287___612627,2026-06-16,492,USD,2
307287___612627,2026-06-17,492,USD,2
307287___612627,2026-06-18,618,USD,2
307287___612627,2026-06-19,750,USD,2
307287___612627,2026-06-20,750,USD,2
307287___612627,2026-06-21,618,USD,2
307287___612627,2026-06-22,492,USD,2
307287___612627,2026-06-23,492,USD,2
307287___612627,2025-06-30,421,USD,2
307287___612627,2025-07-01,421,USD,2
307287___612627,2025-07-02,421,USD,2
307287___612627,2025-06-26,560,USD,2
307287___612627,2025-06-27,761,USD,2
307287___612627,2025-06-28,761,USD,2
307287___612627,2025-06-29,560,USD,2
307287___612627,2025-07-13,712,USD,2
307287___612627,2025-07-14,598,USD,2
307287___612627,2025-07-15,598,USD,2
307287___612627,2025-08-25,467,USD,2
307287___612627,2025-08-26,467,USD,2
