tier_group,day_group,booking_window,Occupancy Band,occupancy_min_pct,occupancy_max_pct,Urgency Breakdown,Tier after movement scale,Calculated Tier,rate_1,rate_2,rate_3,rate_4,rate_5,rate_6,rate_7,rate_8,rate_9,rate_10
T1-T3,Mon-Wed,>120 Days (W7),0-20,0,20,,T1-T3,T2,$259 ,$229 ,$183 ,188,188,188,188,0,0,0
T1-T3,Mon-Wed,>120 Days (W7),21-30,21,30,,T4-T6,T3,$279 ,$239 ,$193 ,202,202,202,202,0,0,0
T1-T3,Mon-Wed,>120 Days (W7),31-50,31,50,,T4-T6,T5,$329 ,$279 ,$219 ,262,262,262,262,0,0,0
T1-T3,Mon-Wed,>120 Days (W7),51-100,51,100,,T7-T9,T8,$389 ,$349 ,$244 ,283,283,283,283,0,0,0
T1-T3,Mon-Wed,60-120 Days (W6),0-20,0,20,,T1-T3,T2,$254 ,$224 ,$179 ,184,184,184,184,0,0,0
T1-T3,Mon-Wed,60-120 Days (W6),21-30,21,30,,T4-T6,T3,$273 ,$234 ,$189 ,198,198,198,198,0,0,0
T1-T3,Mon-Wed,60-120 Days (W6),31-50,31,50,,T4-T6,T5,$322 ,$273 ,$215 ,239,239,239,239,0,0,0
T1-T3,Mon-Wed,60-120 Days (W6),51-100,51,100,,T7-T9,T8,$381 ,$342 ,$239 ,271,271,271,271,0,0,0
T1-T3,Mon-Wed,46-59 Days (W5),0-10,0,10,,T1-T3,T2,$249 ,$220 ,$176 ,180,180,180,180,0,0,0
T1-T3,Mon-Wed,46-59 Days (W5),11-30,11,30,,T1-T3,T3,$268 ,$229 ,$185 ,194,194,194,194,0,0,0
T1-T3,Mon-Wed,46-59 Days (W5),31-50,31,50,,T4-T6,T5,$316 ,$268 ,$210 ,218,218,218,218,0,0,0
T1-T3,Mon-Wed,46-59 Days (W5),51-100,51,100,,T7-T9,T8,$373 ,$335 ,$234 ,259,259,259,259,0,0,0
T1-T3,Mon-Wed,31-45 Days (W4),0-10,0,10,,T1-T3,T1,$225 ,$196 ,$168 ,177,177,177,177,0,0,0
T1-T3,Mon-Wed,31-45 Days (W4),11-30,11,30,,T1-T3,T3,$262 ,$225 ,$181 ,190,190,190,190,0,0,0
T1-T3,Mon-Wed,31-45 Days (W4),31-50,31,50,,T4-T6,T5,$309 ,$262 ,$206 ,197,197,197,197,0,0,0
T1-T3,Mon-Wed,31-45 Days (W4),51-100,51,100,,T7-T9,T8,$366 ,$328 ,$229 ,236,236,236,236,0,0,0
T1-T3,Mon-Wed,22-30 Days (W3),0-10,0,10,,T0,T0,$211 ,$183 ,$155 ,173,173,173,173,0,0,0
T1-T3,Mon-Wed,22-30 Days (W3),11-30,11,30,,T1-T3,T2,$238 ,$211 ,$168 ,185,185,185,185,0,0,0
T1-T3,Mon-Wed,22-30 Days (W3),31-50,31,50,,T4-T6,T5,$303 ,$257 ,$201 ,193,193,193,193,0,0,0
T1-T3,Mon-Wed,22-30 Days (W3),51-100,51,100,,T7-T9,T7,$339 ,$303 ,$220 ,215,215,215,215,0,0,0
T1-T3,Mon-Wed,10-21 Days (W2),0-20,0,20,,T0,T0,$206 ,$179 ,$152 ,169,169,169,169,0,0,0
T1-T3,Mon-Wed,10-21 Days (W2),21-30,21,30,,T1-T3,T2,$233 ,$206 ,$165 ,181,181,181,181,0,0,0
T1-T3,Mon-Wed,10-21 Days (W2),31-60,31,60,,T1-T3,T4,$269 ,$233 ,$179 ,189,189,189,189,0,0,0
T1-T3,Mon-Wed,10-21 Days (W2),61-100,61,100,,T4-T6,T6,$314 ,$269 ,$206 ,210,210,210,210,0,0,0
T1-T3,Mon-Wed,0-9 Days (W1),0-30,0,30,,T0,T0,$202 ,$175 ,$149 ,165,165,165,165,0,0,0
T1-T3,Mon-Wed,0-9 Days (W1),31-60,31,60,,T1-T3,T2,$228 ,$202 ,$161 ,177,177,177,177,0,0,0
T1-T3,Mon-Wed,0-9 Days (W1),61-80,61,80,,T4-T6,T5,$290 ,$246 ,$193 ,185,185,185,185,0,0,0
T1-T3,Mon-Wed,0-9 Days (W1),81-100,81,100,,T4-T6,T7,$325 ,$290 ,$210 ,205,205,205,205,0,0,0
T4-T6,Mon-Wed,>120 Days (W7),0-20,0,20,,T4-T6,T4,$299 ,$259 ,$199 ,196,196,196,196,0,0,0
T4-T6,Mon-Wed,>120 Days (W7),21-30,21,30,,T7-T9,T6,$349 ,$299 ,$229 ,223,223,223,223,0,0,0
T4-T6,Mon-Wed,>120 Days (W7),31-50,31,50,,T7-T9,T8,$389 ,$349 ,$244 ,269,269,269,269,0,0,0
T4-T6,Mon-Wed,>120 Days (W7),51-100,51,100,,T10-T12,T10,$439 ,$399 ,$259 ,289,289,289,289,0,0,0
T4-T6,Mon-Wed,60-120 Days (W6),0-20,0,20,,T4-T6,T4,$293 ,$254 ,$195 ,192,192,192,192,0,0,0
T4-T6,Mon-Wed,60-120 Days (W6),21-30,21,30,,T7-T9,T6,$342 ,$293 ,$224 ,218,218,218,218,0,0,0
T4-T6,Mon-Wed,60-120 Days (W6),31-50,31,50,,T7-T9,T8,$381 ,$342 ,$239 ,257,257,257,257,0,0,0
T4-T6,Mon-Wed,60-120 Days (W6),51-100,51,100,,T10-T12,T10,$430 ,$391 ,$254 ,277,277,277,277,0,0,0
T4-T6,Mon-Wed,46-59 Days (W5),0-10,0,10,,T4-T6,T4,$287 ,$249 ,$191 ,188,188,188,188,0,0,0
T4-T6,Mon-Wed,46-59 Days (W5),11-30,11,30,,T4-T6,T6,$335 ,$287 ,$220 ,214,214,214,214,0,0,0
T4-T6,Mon-Wed,46-59 Days (W5),31-50,31,50,,T7-T9,T8,$373 ,$335 ,$234 ,234,234,234,234,0,0,0
T4-T6,Mon-Wed,46-59 Days (W5),51-100,51,100,,T10-T12,T10,$421 ,$383 ,$249 ,265,265,265,265,0,0,0
T4-T6,Mon-Wed,31-45 Days (W4),0-10,0,10,,T4-T6,T4,$281 ,$243 ,$187 ,184,184,184,184,0,0,0
T4-T6,Mon-Wed,31-45 Days (W4),11-30,11,30,,T4-T6,T6,$328 ,$281 ,$215 ,209,209,209,209,0,0,0
T4-T6,Mon-Wed,31-45 Days (W4),31-50,31,50,,T7-T9,T8,$366 ,$328 ,$229 ,229,229,229,229,0,0,0
T4-T6,Mon-Wed,31-45 Days (W4),51-100,51,100,,T10-T12,T10,$413 ,$375 ,$243 ,253,253,253,253,0,0,0
T4-T6,Mon-Wed,22-30 Days (W3),0-10,0,10,,T1-T3,T2,$238 ,$211 ,$168 ,180,180,180,180,0,0,0
T4-T6,Mon-Wed,22-30 Days (W3),11-30,11,30,,T1-T3,T4,$275 ,$238 ,$183 ,205,205,205,205,0,0,0
T4-T6,Mon-Wed,22-30 Days (W3),31-50,31,50,,T4-T6,T6,$321 ,$275 ,$211 ,224,224,224,224,0,0,0
T4-T6,Mon-Wed,22-30 Days (W3),51-100,51,100,,T7-T9,T8,$358 ,$321 ,$224 ,248,248,248,248,0,0,0
T4-T6,Mon-Wed,10-21 Days (W2),0-20,0,20,,T0,T0,$206 ,$179 ,$152 ,176,176,176,176,0,0,0
T4-T6,Mon-Wed,10-21 Days (W2),21-30,21,30,,T1-T3,T2,$233 ,$206 ,$165 ,200,200,200,200,0,0,0
T4-T6,Mon-Wed,10-21 Days (W2),31-60,31,60,,T4-T6,T5,$296 ,$251 ,$197 ,220,220,220,220,0,0,0
T4-T6,Mon-Wed,10-21 Days (W2),61-100,61,100,,T7-T9,T8,$350 ,$314 ,$220 ,243,243,243,243,0,0,0
T4-T6,Mon-Wed,0-9 Days (W1),0-30,0,30,,T0,T0,$202 ,$175 ,$149 ,172,172,172,172,0,0,0
T4-T6,Mon-Wed,0-9 Days (W1),31-60,31,60,,T4-T6,T4,$263 ,$228 ,$175 ,196,196,196,196,0,0,0
T4-T6,Mon-Wed,0-9 Days (W1),61-80,61,80,,T7-T9,T7,$325 ,$290 ,$210 ,215,215,215,215,0,0,0
T4-T6,Mon-Wed,0-9 Days (W1),81-100,81,100,,T7-T9,T9,$360 ,$325 ,$221 ,237,237,237,237,0,0,0
T7-T9,Mon-Wed,>120 Days (W7),0-20,0,20,,T7-T9,T7,$369 ,$329 ,$239 ,228,228,228,228,0,0,0
T7-T9,Mon-Wed,>120 Days (W7),21-30,21,30,,T10-T12,T8,$389 ,$349 ,$244 ,257,257,257,257,0,0,0
T7-T9,Mon-Wed,>120 Days (W7),31-50,31,50,,T10-T12,T9,$409 ,$369 ,$251 ,281,281,281,281,0,0,0
T7-T9,Mon-Wed,>120 Days (W7),51-100,51,100,,T13-T15,T12,$479 ,$429 ,$289 ,311,311,311,311,0,0,0
T7-T9,Mon-Wed,60-120 Days (W6),0-20,0,20,,T7-T9,T7,$362 ,$322 ,$234 ,223,223,223,223,0,0,0
T7-T9,Mon-Wed,60-120 Days (W6),21-30,21,30,,T10-T12,T8,$381 ,$342 ,$239 ,252,252,252,252,0,0,0
T7-T9,Mon-Wed,60-120 Days (W6),31-50,31,50,,T10-T12,T9,$401 ,$362 ,$246 ,269,269,269,269,0,0,0
T7-T9,Mon-Wed,60-120 Days (W6),51-100,51,100,,T13-T15,T12,$469 ,$420 ,$283 ,294,294,294,294,0,0,0
T7-T9,Mon-Wed,46-59 Days (W5),0-10,0,10,,T7-T9,T7,$354 ,$316 ,$229 ,219,219,219,219,0,0,0
T7-T9,Mon-Wed,46-59 Days (W5),11-30,11,30,,T7-T9,T9,$393 ,$354 ,$241 ,247,247,247,247,0,0,0
T7-T9,Mon-Wed,46-59 Days (W5),31-50,31,50,,T10-T12,T11,$441 ,$402 ,$268 ,258,258,258,258,0,0,0
T7-T9,Mon-Wed,46-59 Days (W5),51-100,51,100,,T13-T15,T14,$489 ,$431 ,$316 ,278,278,278,278,0,0,0
T7-T9,Mon-Wed,31-45 Days (W4),0-10,0,10,,T7-T9,T7,$347 ,$309 ,$225 ,214,214,214,214,0,0,0
T7-T9,Mon-Wed,31-45 Days (W4),11-30,11,30,,T7-T9,T8,$366 ,$328 ,$229 ,242,242,242,242,0,0,0
T7-T9,Mon-Wed,31-45 Days (W4),31-50,31,50,,T10-T12,T12,$450 ,$403 ,$272 ,252,252,252,252,0,0,0
T7-T9,Mon-Wed,31-45 Days (W4),51-100,51,100,,T13-T15,T14,$478 ,$422 ,$309 ,266,266,266,266,0,0,0
T7-T9,Mon-Wed,22-30 Days (W3),0-10,0,10,,T4-T6,T4,$275 ,$238 ,$183 ,210,210,210,210,0,0,0
T7-T9,Mon-Wed,22-30 Days (W3),11-30,11,30,,T7-T9,T6,$321 ,$275 ,$211 ,237,237,237,237,0,0,0
T7-T9,Mon-Wed,22-30 Days (W3),31-50,31,50,,T10-T12,T8,$358 ,$321 ,$224 ,247,247,247,247,0,0,0
T7-T9,Mon-Wed,22-30 Days (W3),51-100,51,100,,T13-T15,T10,$404 ,$367 ,$238 ,260,260,260,260,0,0,0
T7-T9,Mon-Wed,10-21 Days (W2),0-20,0,20,,T4-T6,T4,$269 ,$233 ,$179 ,205,205,205,205,0,0,0
T7-T9,Mon-Wed,10-21 Days (W2),21-30,21,30,,T4-T6,T5,$296 ,$251 ,$197 ,232,232,232,232,0,0,0
T7-T9,Mon-Wed,10-21 Days (W2),31-60,31,60,,T7-T9,T8,$350 ,$314 ,$220 ,242,242,242,242,0,0,0
T7-T9,Mon-Wed,10-21 Days (W2),61-100,61,100,,T10-T12,T9,$368 ,$332 ,$226 ,254,254,254,254,0,0,0
T7-T9,Mon-Wed,0-9 Days (W1),0-30,0,30,,T1-T3,T2,$228 ,$202 ,$161 ,201,201,201,201,0,0,0
T7-T9,Mon-Wed,0-9 Days (W1),31-60,31,60,,T1-T3,T4,$263 ,$228 ,$175 ,226,226,226,226,0,0,0
T7-T9,Mon-Wed,0-9 Days (W1),61-80,61,80,,T10-T12,T6,$307 ,$263 ,$202 ,236,236,236,236,0,0,0
T7-T9,Mon-Wed,0-9 Days (W1),81-100,81,100,,T10-T12,T8,$342 ,$307 ,$215 ,249,249,249,249,0,0,0
T10-T12,Mon-Wed,>120 Days (W7),0-20,0,20,,T10-T12,T10,$439 ,$399 ,$259 ,257,257,257,257,0,0,0
T10-T12,Mon-Wed,>120 Days (W7),21-30,21,30,,T10-T12,T11,$459 ,$419 ,$279 ,276,276,276,276,0,0,0
T10-T12,Mon-Wed,>120 Days (W7),31-50,31,50,,T13-T15,T13,$499 ,$439 ,$299 ,303,303,303,303,0,0,0
T10-T12,Mon-Wed,>120 Days (W7),51-100,51,100,,T13-T15,T15,$519 ,$459 ,$339 ,358,358,358,358,0,0,0
T10-T12,Mon-Wed,60-120 Days (W6),0-20,0,20,,T10-T12,T10,$430 ,$391 ,$254 ,246,246,246,246,0,0,0
T10-T12,Mon-Wed,60-120 Days (W6),21-30,21,30,,T10-T12,T12,$469 ,$420 ,$283 ,264,264,264,264,0,0,0
T10-T12,Mon-Wed,60-120 Days (W6),31-50,31,50,,T13-T15,T13,$489 ,$430 ,$293 ,286,286,286,286,0,0,0
T10-T12,Mon-Wed,60-120 Days (W6),51-100,51,100,,T13-T15,T14,$499 ,$440 ,$322 ,316,316,316,316,0,0,0
T10-T12,Mon-Wed,46-59 Days (W5),0-10,0,10,,T10-T12,T10,$421 ,$383 ,$249 ,241,241,241,241,0,0,0
T10-T12,Mon-Wed,46-59 Days (W5),11-30,11,30,,T10-T12,T12,$460 ,$412 ,$277 ,259,259,259,259,0,0,0
T10-T12,Mon-Wed,46-59 Days (W5),31-50,31,50,,T13-T15,T14,$489 ,$431 ,$316 ,270,270,270,270,0,0,0
T10-T12,Mon-Wed,46-59 Days (W5),51-100,51,100,,T16,T16,$508 ,$450 ,$335 ,299,299,299,299,0,0,0
T10-T12,Mon-Wed,31-45 Days (W4),0-10,0,10,,T10-T12,T10,$413 ,$375 ,$243 ,236,236,236,236,0,0,0
T10-T12,Mon-Wed,31-45 Days (W4),11-30,11,30,,T10-T12,T11,$431 ,$394 ,$262 ,254,254,254,254,0,0,0
T10-T12,Mon-Wed,31-45 Days (W4),31-50,31,50,,T13-T15,T12,$450 ,$403 ,$272 ,265,265,265,265,0,0,0
T10-T12,Mon-Wed,31-45 Days (W4),51-100,51,100,,T16,T14,$478 ,$422 ,$309 ,282,282,282,282,0,0,0
T10-T12,Mon-Wed,22-30 Days (W3),0-10,0,10,,T7-T9,T7,$339 ,$303 ,$220 ,231,231,231,231,0,0,0
T10-T12,Mon-Wed,22-30 Days (W3),11-30,11,30,,T10-T12,T9,$376 ,$339 ,$231 ,248,248,248,248,0,0,0
T10-T12,Mon-Wed,22-30 Days (W3),31-50,31,50,,T10-T12,T11,$422 ,$385 ,$257 ,259,259,259,259,0,0,0
T10-T12,Mon-Wed,22-30 Days (W3),51-100,51,100,,T13-T15,T12,$441 ,$395 ,$266 ,276,276,276,276,0,0,0
T10-T12,Mon-Wed,10-21 Days (W2),0-20,0,20,,T7-T9,T6,$314 ,$269 ,$206 ,226,226,226,226,0,0,0
T10-T12,Mon-Wed,10-21 Days (W2),21-30,21,30,,T7-T9,T8,$350 ,$314 ,$220 ,243,243,243,243,0,0,0
T10-T12,Mon-Wed,10-21 Days (W2),31-60,31,60,,T10-T12,T9,$368 ,$332 ,$226 ,253,253,253,253,0,0,0
T10-T12,Mon-Wed,10-21 Days (W2),61-100,61,100,,T13-T15,T10,$395 ,$359 ,$233 ,270,270,270,270,0,0,0
T10-T12,Mon-Wed,0-9 Days (W1),0-30,0,30,0-1,T4-T6,T4,$263 ,$228 ,$175 ,201,201,201,201,0,0,0
T10-T12,Mon-Wed,0-9 Days (W1),0-30,0,30,2-3,T4-T6,T5,$290 ,$246 ,$193 ,218,218,218,218,0,0,0
T10-T12,Mon-Wed,0-9 Days (W1),0-30,0,30,4-6,T4-T6,T6,$307 ,$263 ,$202 ,225,225,225,225,0,0,0
T10-T12,Mon-Wed,0-9 Days (W1),0-30,0,30,7-9,T4-T6,T7,$325 ,$290 ,$210 ,233,233,233,233,0,0,0
T10-T12,Mon-Wed,0-9 Days (W1),31-60,31,60,,T10-T12,T8,$342 ,$307 ,$215 ,243,243,243,243,0,0,0
T10-T12,Mon-Wed,0-9 Days (W1),61-80,61,80,,T13-T15,T9,$360 ,$325 ,$221 ,257,257,257,257,0,0,0
T10-T12,Mon-Wed,0-9 Days (W1),81-100,81,100,,T13-T15,T10,$386 ,$351 ,$228 ,274,274,274,274,0,0,0
T13-T15,Mon-Wed,>120 Days (W7),0-20,0,20,,T13-T15,T13,$499 ,$439 ,$299 ,273,273,273,273,0,0,0
T13-T15,Mon-Wed,>120 Days (W7),21-30,21,30,,T13-T15,T14,$509 ,$449 ,$329 ,297,297,297,297,0,0,0
T13-T15,Mon-Wed,>120 Days (W7),31-50,31,50,,T16,T15,$519 ,$459 ,$339 ,348,348,348,348,0,0,0
T13-T15,Mon-Wed,>120 Days (W7),51-100,51,100,,T16,T16,$529 ,$469 ,$349 ,429,429,429,429,0,0,0
T13-T15,Mon-Wed,60-120 Days (W6),0-20,0,20,,T13-T15,T13,$489 ,$430 ,$293 ,258,258,258,258,0,0,0
T13-T15,Mon-Wed,60-120 Days (W6),21-30,21,30,,T13-T15,T14,$499 ,$440 ,$322 ,281,281,281,281,0,0,0
T13-T15,Mon-Wed,60-120 Days (W6),31-50,31,50,,T16,T15,$509 ,$450 ,$332 ,307,307,307,307,0,0,0
T13-T15,Mon-Wed,60-120 Days (W6),51-100,51,100,,T16,T16,$518 ,$460 ,$342 ,386,386,386,386,0,0,0
T13-T15,Mon-Wed,46-59 Days (W5),0-10,0,10,,T13-T15,T13,$479 ,$421 ,$287 ,247,247,247,247,0,0,0
T13-T15,Mon-Wed,46-59 Days (W5),11-30,11,30,,T13-T15,T14,$489 ,$431 ,$316 ,265,265,265,265,0,0,0
T13-T15,Mon-Wed,46-59 Days (W5),31-50,31,50,,T16,T15,$498 ,$441 ,$325 ,291,291,291,291,0,0,0
T13-T15,Mon-Wed,46-59 Days (W5),51-100,51,100,,T16,T16,$508 ,$450 ,$335 ,343,343,343,343,0,0,0
T13-T15,Mon-Wed,31-45 Days (W4),0-10,0,10,,T13-T15,T11,$431 ,$394 ,$262 ,242,242,242,242,0,0,0
T13-T15,Mon-Wed,31-45 Days (W4),11-30,11,30,,T13-T15,T12,$450 ,$403 ,$272 ,260,260,260,260,0,0,0
T13-T15,Mon-Wed,31-45 Days (W4),31-50,31,50,,T13-T15,T13,$469 ,$413 ,$281 ,275,275,275,275,0,0,0
T13-T15,Mon-Wed,31-45 Days (W4),51-100,51,100,,T16,T15,$488 ,$431 ,$319 ,303,303,303,303,0,0,0
T13-T15,Mon-Wed,22-30 Days (W3),0-10,0,10,,T10-T12,T10,$404 ,$367 ,$238 ,236,236,236,236,0,0,0
T13-T15,Mon-Wed,22-30 Days (W3),11-30,11,30,,T13-T15,T11,$422 ,$385 ,$257 ,254,254,254,254,0,0,0
T13-T15,Mon-Wed,22-30 Days (W3),31-50,31,50,,T13-T15,T12,$441 ,$395 ,$266 ,269,269,269,269,0,0,0
T13-T15,Mon-Wed,22-30 Days (W3),51-100,51,100,,T16,T13,$459 ,$404 ,$275 ,286,286,286,286,0,0,0
T13-T15,Mon-Wed,10-21 Days (W2),0-20,0,20,,T10-T12,T8,$350 ,$314 ,$220 ,226,226,226,226,0,0,0
T13-T15,Mon-Wed,10-21 Days (W2),21-30,21,30,,T10-T12,T10,$395 ,$359 ,$233 ,243,243,243,243,0,0,0
T13-T15,Mon-Wed,10-21 Days (W2),31-60,31,60,,T13-T15,T11,$413 ,$377 ,$251 ,253,253,253,253,0,0,0
T13-T15,Mon-Wed,10-21 Days (W2),61-100,61,100,,T16,T12,$431 ,$386 ,$260 ,270,270,270,270,0,0,0
T13-T15,Mon-Wed,0-9 Days (W1),0-30,0,30,0-1,T7-T9,T6,$307 ,$263 ,$202 ,216,216,216,216,0,0,0
T13-T15,Mon-Wed,0-9 Days (W1),0-30,0,30,2-3,T7-T9,T7,$325 ,$290 ,$210 ,223,223,223,223,0,0,0
T13-T15,Mon-Wed,0-9 Days (W1),0-30,0,30,4-6,T7-T9,T8,$342 ,$307 ,$215 ,231,231,231,231,0,0,0
T13-T15,Mon-Wed,0-9 Days (W1),0-30,0,30,7-9,T7-T9,T9,$360 ,$325 ,$221 ,238,238,238,238,0,0,0
T13-T15,Mon-Wed,0-9 Days (W1),31-60,31,60,,T13-T15,T10,$386 ,$351 ,$228 ,252,252,252,252,0,0,0
T13-T15,Mon-Wed,0-9 Days (W1),61-80,61,80,,T16,T11,$404 ,$369 ,$246 ,266,266,266,266,0,0,0
T13-T15,Mon-Wed,0-9 Days (W1),81-100,81,100,,T16,T12,$422 ,$378 ,$254 ,266,266,266,266,0,0,0
T1-T3,Thu-Sun,>120 Days (W7),0-20,0,20,,T1-T3,T2,$329 ,$269 ,$229 ,209,182,193,198,0,0,0
T1-T3,Thu-Sun,>120 Days (W7),21-30,21,30,,T4-T6,T3,$349 ,$289 ,$239 ,229,200,211,217,0,0,0
T1-T3,Thu-Sun,>120 Days (W7),31-50,31,50,,T4-T6,T5,$399 ,$349 ,$269 ,328,286,303,311,0,0,0
T1-T3,Thu-Sun,>120 Days (W7),51-100,51,100,,T7-T9,T8,$499 ,$429 ,$309 ,363,316,336,344,0,0,0
T1-T3,Thu-Sun,60-120 Days (W6),0-20,0,20,,T1-T3,T2,$322 ,$264 ,$224 ,205,178,189,194,0,0,0
T1-T3,Thu-Sun,60-120 Days (W6),21-30,21,30,,T4-T6,T3,$342 ,$283 ,$234 ,224,196,207,213,0,0,0
T1-T3,Thu-Sun,60-120 Days (W6),31-50,31,50,,T4-T6,T5,$391 ,$342 ,$264 ,295,256,272,279,0,0,0
T1-T3,Thu-Sun,60-120 Days (W6),51-100,51,100,,T7-T9,T8,$489 ,$420 ,$303 ,344,299,317,326,0,0,0
T1-T3,Thu-Sun,46-59 Days (W5),0-10,0,10,,T1-T3,T2,$316 ,$258 ,$220 ,201,175,185,190,0,0,0
T1-T3,Thu-Sun,46-59 Days (W5),11-30,11,30,,T1-T3,T3,$335 ,$277 ,$229 ,220,192,203,209,0,0,0
T1-T3,Thu-Sun,46-59 Days (W5),31-50,31,50,,T4-T6,T5,$383 ,$335 ,$258 ,262,227,241,248,0,0,0
T1-T3,Thu-Sun,46-59 Days (W5),51-100,51,100,,T7-T9,T8,$479 ,$412 ,$297 ,324,282,299,307,0,0,0
T1-T3,Thu-Sun,31-45 Days (W4),0-10,0,10,,T1-T3,T1,$272 ,$234 ,$196 ,196,171,181,186,0,0,0
T1-T3,Thu-Sun,31-45 Days (W4),11-30,11,30,,T1-T3,T3,$328 ,$272 ,$225 ,215,188,198,204,0,0,0
T1-T3,Thu-Sun,31-45 Days (W4),31-50,31,50,,T4-T6,T5,$375 ,$328 ,$253 ,229,199,211,217,0,0,0
T1-T3,Thu-Sun,31-45 Days (W4),51-100,51,100,,T7-T9,T8,$469 ,$403 ,$290 ,291,252,268,275,0,0,0
T1-T3,Thu-Sun,22-30 Days (W3),0-10,0,10,,T0,T0,$247 ,$211 ,$165 ,192,167,178,182,0,0,0
T1-T3,Thu-Sun,22-30 Days (W3),11-30,11,30,,T1-T3,T2,$303 ,$247 ,$211 ,211,184,194,200,0,0,0
T1-T3,Thu-Sun,22-30 Days (W3),31-50,31,50,,T4-T6,T5,$367 ,$321 ,$247 ,224,195,207,213,0,0,0
T1-T3,Thu-Sun,22-30 Days (W3),51-100,51,100,,T7-T9,T7,$431 ,$367 ,$275 ,258,224,238,244,0,0,0
T1-T3,Thu-Sun,10-21 Days (W2),0-20,0,20,,T0,T0,$242 ,$206 ,$161 ,188,164,174,178,0,0,0
T1-T3,Thu-Sun,10-21 Days (W2),21-30,21,30,,T1-T3,T2,$296 ,$242 ,$206 ,206,180,190,196,0,0,0
T1-T3,Thu-Sun,10-21 Days (W2),31-60,31,60,,T1-T3,T4,$332 ,$278 ,$224 ,220,191,202,208,0,0,0
T1-T3,Thu-Sun,10-21 Days (W2),61-100,61,100,,T4-T6,T6,$395 ,$332 ,$251 ,252,219,233,239,0,0,0
T1-T3,Thu-Sun,0-9 Days (W1),0-30,0,30,,T0,T0,$237 ,$202 ,$158 ,184,160,170,174,0,0,0
T1-T3,Thu-Sun,0-9 Days (W1),31-60,31,60,,T1-T3,T2,$290 ,$237 ,$202 ,201,176,186,191,0,0,0
T1-T3,Thu-Sun,0-9 Days (W1),61-80,61,80,,T4-T6,T5,$351 ,$307 ,$237 ,215,186,198,203,0,0,0
T1-T3,Thu-Sun,0-9 Days (W1),81-100,81,100,,T4-T6,T7,$413 ,$351 ,$263 ,247,214,227,233,0,0,0
T4-T6,Thu-Sun,>120 Days (W7),0-20,0,20,,T4-T6,T4,$369 ,$309 ,$249 ,228,198,210,216,0,0,0
T4-T6,Thu-Sun,>120 Days (W7),21-30,21,30,,T7-T9,T6,$439 ,$369 ,$279 ,268,232,247,253,0,0,0
T4-T6,Thu-Sun,>120 Days (W7),31-50,31,50,,T7-T9,T8,$499 ,$429 ,$309 ,341,296,315,323,0,0,0
T4-T6,Thu-Sun,>120 Days (W7),51-100,51,100,,T10-T12,T10,$559 ,$479 ,$349 ,376,327,346,356,0,0,0
T4-T6,Thu-Sun,60-120 Days (W6),0-20,0,20,,T4-T6,T4,$362 ,$303 ,$244 ,223,194,206,212,0,0,0
T4-T6,Thu-Sun,60-120 Days (W6),21-30,21,30,,T7-T9,T6,$430 ,$362 ,$273 ,262,227,242,248,0,0,0
T4-T6,Thu-Sun,60-120 Days (W6),31-50,31,50,,T7-T9,T8,$489 ,$420 ,$303 ,322,280,297,305,0,0,0
T4-T6,Thu-Sun,60-120 Days (W6),51-100,51,100,,T10-T12,T10,$548 ,$469 ,$342 ,356,309,329,337,0,0,0
T4-T6,Thu-Sun,46-59 Days (W5),0-10,0,10,,T4-T6,T4,$354 ,$297 ,$239 ,219,190,202,207,0,0,0
T4-T6,Thu-Sun,46-59 Days (W5),11-30,11,30,,T4-T6,T6,$421 ,$354 ,$268 ,257,223,237,243,0,0,0
T4-T6,Thu-Sun,46-59 Days (W5),31-50,31,50,,T7-T9,T8,$479 ,$412 ,$297 ,289,251,266,273,0,0,0
T4-T6,Thu-Sun,46-59 Days (W5),51-100,51,100,,T10-T12,T10,$537 ,$460 ,$335 ,337,293,310,319,0,0,0
T4-T6,Thu-Sun,31-45 Days (W4),0-10,0,10,,T4-T6,T4,$347 ,$290 ,$234 ,214,186,197,203,0,0,0
T4-T6,Thu-Sun,31-45 Days (W4),11-30,11,30,,T4-T6,T6,$413 ,$347 ,$262 ,252,218,232,238,0,0,0
T4-T6,Thu-Sun,31-45 Days (W4),31-50,31,50,,T7-T9,T8,$469 ,$403 ,$290 ,283,245,261,268,0,0,0
T4-T6,Thu-Sun,31-45 Days (W4),51-100,51,100,,T10-T12,T10,$525 ,$450 ,$328 ,317,276,293,301,0,0,0
T4-T6,Thu-Sun,22-30 Days (W3),0-10,0,10,,T1-T3,T2,$303 ,$247 ,$211 ,210,182,193,199,0,0,0
T4-T6,Thu-Sun,22-30 Days (W3),11-30,11,30,,T1-T3,T4,$339 ,$284 ,$229 ,246,213,227,233,0,0,0
T4-T6,Thu-Sun,22-30 Days (W3),31-50,31,50,,T4-T6,T6,$404 ,$339 ,$257 ,277,240,255,262,0,0,0
T4-T6,Thu-Sun,22-30 Days (W3),51-100,51,100,,T7-T9,T8,$459 ,$395 ,$284 ,311,270,286,294,0,0,0
T4-T6,Thu-Sun,10-21 Days (W2),0-20,0,20,,T0,T0,$242 ,$206 ,$161 ,205,178,189,194,0,0,0
T4-T6,Thu-Sun,10-21 Days (W2),21-30,21,30,,T1-T3,T2,$296 ,$242 ,$206 ,241,209,222,228,0,0,0
T4-T6,Thu-Sun,10-21 Days (W2),31-60,31,60,,T4-T6,T5,$359 ,$314 ,$242 ,271,235,249,256,0,0,0
T4-T6,Thu-Sun,10-21 Days (W2),61-100,61,100,,T7-T9,T8,$449 ,$386 ,$278 ,304,264,280,288,0,0,0
T4-T6,Thu-Sun,0-9 Days (W1),0-30,0,30,,T0,T0,$237 ,$202 ,$158 ,201,174,185,190,0,0,0
T4-T6,Thu-Sun,0-9 Days (W1),31-60,31,60,,T4-T6,T4,$325 ,$272 ,$219 ,236,204,217,223,0,0,0
T4-T6,Thu-Sun,0-9 Days (W1),61-80,61,80,,T7-T9,T7,$413 ,$351 ,$263 ,265,230,244,250,0,0,0
T4-T6,Thu-Sun,0-9 Days (W1),81-100,81,100,,T7-T9,T9,$466 ,$395 ,$290 ,297,258,274,282,0,0,0
T7-T9,Thu-Sun,>120 Days (W7),0-20,0,20,,T7-T9,T7,$469 ,$399 ,$299 ,281,244,259,266,0,0,0
T7-T9,Thu-Sun,>120 Days (W7),21-30,21,30,,T10-T12,T8,$499 ,$429 ,$309 ,322,280,297,306,0,0,0
T7-T9,Thu-Sun,>120 Days (W7),31-50,31,50,,T10-T12,T9,$529 ,$449 ,$329 ,366,318,337,347,0,0,0
T7-T9,Thu-Sun,>120 Days (W7),51-100,51,100,,T13-T15,T12,$669 ,$589 ,$409 ,416,362,383,394,0,0,0
T7-T9,Thu-Sun,60-120 Days (W6),0-20,0,20,,T7-T9,T7,$460 ,$391 ,$293 ,275,239,254,261,0,0,0
T7-T9,Thu-Sun,60-120 Days (W6),21-30,21,30,,T10-T12,T8,$489 ,$420 ,$303 ,316,275,291,299,0,0,0
T7-T9,Thu-Sun,60-120 Days (W6),31-50,31,50,,T10-T12,T9,$518 ,$440 ,$322 ,346,301,320,328,0,0,0
T7-T9,Thu-Sun,60-120 Days (W6),51-100,51,100,,T13-T15,T12,$656 ,$577 ,$401 ,388,337,358,368,0,0,0
T7-T9,Thu-Sun,46-59 Days (W5),0-10,0,10,,T7-T9,T7,$450 ,$383 ,$287 ,270,234,249,255,0,0,0
T7-T9,Thu-Sun,46-59 Days (W5),11-30,11,30,,T7-T9,T9,$508 ,$431 ,$316 ,309,269,285,293,0,0,0
T7-T9,Thu-Sun,46-59 Days (W5),31-50,31,50,,T10-T12,T11,$604 ,$517 ,$373 ,328,285,302,310,0,0,0
T7-T9,Thu-Sun,46-59 Days (W5),51-100,51,100,,T13-T15,T14,$690 ,$623 ,$450 ,361,314,333,342,0,0,0
T7-T9,Thu-Sun,31-45 Days (W4),0-10,0,10,,T7-T9,T7,$441 ,$375 ,$281 ,264,229,243,250,0,0,0
T7-T9,Thu-Sun,31-45 Days (W4),11-30,11,30,,T7-T9,T8,$469 ,$403 ,$290 ,303,264,279,287,0,0,0
T7-T9,Thu-Sun,31-45 Days (W4),31-50,31,50,,T10-T12,T12,$629 ,$554 ,$384 ,321,279,296,304,0,0,0
T7-T9,Thu-Sun,31-45 Days (W4),51-100,51,100,,T13-T15,T14,$676 ,$610 ,$441 ,341,297,315,324,0,0,0
T7-T9,Thu-Sun,22-30 Days (W3),0-10,0,10,,T4-T6,T4,$339 ,$284 ,$229 ,259,224,238,245,0,0,0
T7-T9,Thu-Sun,22-30 Days (W3),11-30,11,30,,T7-T9,T6,$404 ,$339 ,$257 ,297,258,273,281,0,0,0
T7-T9,Thu-Sun,22-30 Days (W3),31-50,31,50,,T10-T12,T8,$459 ,$395 ,$284 ,314,273,289,297,0,0,0
T7-T9,Thu-Sun,22-30 Days (W3),51-100,51,100,,T13-T15,T10,$514 ,$441 ,$321 ,334,290,309,317,0,0,0
T7-T9,Thu-Sun,10-21 Days (W2),0-20,0,20,,T4-T6,T4,$332 ,$278 ,$224 ,253,220,233,239,0,0,0
T7-T9,Thu-Sun,10-21 Days (W2),21-30,21,30,,T4-T6,T5,$359 ,$314 ,$242 ,290,252,267,275,0,0,0
T7-T9,Thu-Sun,10-21 Days (W2),31-60,31,60,,T7-T9,T8,$449 ,$386 ,$278 ,307,267,283,291,0,0,0
T7-T9,Thu-Sun,10-21 Days (W2),61-100,61,100,,T10-T12,T9,$476 ,$404 ,$296 ,327,284,302,310,0,0,0
T7-T9,Thu-Sun,0-9 Days (W1),0-30,0,30,,T1-T3,T2,$290 ,$237 ,$202 ,247,215,228,234,0,0,0
T7-T9,Thu-Sun,0-9 Days (W1),31-60,31,60,,T1-T3,T4,$325 ,$272 ,$219 ,284,247,261,269,0,0,0
T7-T9,Thu-Sun,0-9 Days (W1),61-80,61,80,,T10-T12,T6,$386 ,$325 ,$246 ,300,261,277,284,0,0,0
T7-T9,Thu-Sun,0-9 Days (W1),81-100,81,100,,T10-T12,T8,$439 ,$378 ,$272 ,319,278,295,303,0,0,0
T10-T12,Thu-Sun,>120 Days (W7),0-20,0,20,,T10-T12,T10,$559 ,$479 ,$349 ,330,287,305,313,0,0,0
T10-T12,Thu-Sun,>120 Days (W7),21-30,21,30,,T10-T12,T11,$629 ,$539 ,$389 ,359,312,331,340,0,0,0
T10-T12,Thu-Sun,>120 Days (W7),31-50,31,50,,T13-T15,T13,$709 ,$639 ,$449 ,404,352,372,383,0,0,0
T10-T12,Thu-Sun,>120 Days (W7),51-100,51,100,,T13-T15,T15,$729 ,$659 ,$499 ,497,432,459,472,0,0,0
T10-T12,Thu-Sun,60-120 Days (W6),0-20,0,20,,T10-T12,T10,$548 ,$469 ,$342 ,313,271,288,296,0,0,0
T10-T12,Thu-Sun,60-120 Days (W6),21-30,21,30,,T10-T12,T12,$656 ,$577 ,$401 ,340,295,314,322,0,0,0
T10-T12,Thu-Sun,60-120 Days (W6),31-50,31,50,,T13-T15,T13,$695 ,$626 ,$440 ,377,328,348,358,0,0,0
T10-T12,Thu-Sun,60-120 Days (W6),51-100,51,100,,T13-T15,T14,$705 ,$636 ,$460 ,427,371,393,404,0,0,0
T10-T12,Thu-Sun,46-59 Days (W5),0-10,0,10,,T10-T12,T10,$537 ,$460 ,$335 ,306,266,282,290,0,0,0
T10-T12,Thu-Sun,46-59 Days (W5),11-30,11,30,,T10-T12,T12,$642 ,$565 ,$393 ,333,289,307,316,0,0,0
T10-T12,Thu-Sun,46-59 Days (W5),31-50,31,50,,T13-T15,T14,$690 ,$623 ,$450 ,351,305,324,333,0,0,0
T10-T12,Thu-Sun,46-59 Days (W5),51-100,51,100,,T16,T16,$709 ,$642 ,$508 ,399,347,367,378,0,0,0
T10-T12,Thu-Sun,31-45 Days (W4),0-10,0,10,,T10-T12,T10,$525 ,$450 ,$328 ,300,260,276,284,0,0,0
T10-T12,Thu-Sun,31-45 Days (W4),11-30,11,30,,T10-T12,T11,$591 ,$507 ,$366 ,326,283,301,309,0,0,0
T10-T12,Thu-Sun,31-45 Days (W4),31-50,31,50,,T13-T15,T12,$629 ,$554 ,$384 ,344,299,317,326,0,0,0
T10-T12,Thu-Sun,31-45 Days (W4),51-100,51,100,,T16,T14,$676 ,$610 ,$441 ,372,324,343,353,0,0,0
T10-T12,Thu-Sun,22-30 Days (W3),0-10,0,10,,T7-T9,T7,$431 ,$367 ,$275 ,293,255,270,278,0,0,0
T10-T12,Thu-Sun,22-30 Days (W3),11-30,11,30,,T10-T12,T9,$487 ,$413 ,$303 ,319,277,295,302,0,0,0
T10-T12,Thu-Sun,22-30 Days (W3),31-50,31,50,,T10-T12,T11,$579 ,$496 ,$358 ,337,292,310,319,0,0,0
T10-T12,Thu-Sun,22-30 Days (W3),51-100,51,100,,T13-T15,T12,$615 ,$542 ,$376 ,364,317,336,345,0,0,0
T10-T12,Thu-Sun,10-21 Days (W2),0-20,0,20,,T7-T9,T6,$395 ,$332 ,$251 ,287,249,265,272,0,0,0
T10-T12,Thu-Sun,10-21 Days (W2),21-30,21,30,,T7-T9,T8,$449 ,$386 ,$278 ,312,271,288,296,0,0,0
T10-T12,Thu-Sun,10-21 Days (W2),31-60,31,60,,T10-T12,T9,$476 ,$404 ,$296 ,329,286,303,312,0,0,0
T10-T12,Thu-Sun,10-21 Days (W2),61-100,61,100,,T13-T15,T10,$503 ,$431 ,$314 ,356,310,329,338,0,0,0
T10-T12,Thu-Sun,0-9 Days (W1),0-30,0,30,0-1,T4-T6,T4,$325 ,$272 ,$219 ,247,215,228,234,0,0,0
T10-T12,Thu-Sun,0-9 Days (W1),0-30,0,30,2-3,T4-T6,T5,$351 ,$307 ,$237 ,273,237,252,259,0,0,0
T10-T12,Thu-Sun,0-9 Days (W1),0-30,0,30,4-6,T4-T6,T6,$386 ,$325 ,$246 ,286,249,264,271,0,0,0
T10-T12,Thu-Sun,0-9 Days (W1),0-30,0,30,7-9,T4-T6,T7,$413 ,$351 ,$263 ,299,260,276,284,0,0,0
T10-T12,Thu-Sun,0-9 Days (W1),31-60,31,60,,T10-T12,T8,$439 ,$378 ,$272 ,316,274,291,299,0,0,0
T10-T12,Thu-Sun,0-9 Days (W1),61-80,61,80,,T13-T15,T9,$466 ,$395 ,$290 ,339,295,313,321,0,0,0
T10-T12,Thu-Sun,0-9 Days (W1),81-100,81,100,,T13-T15,T10,$492 ,$422 ,$307 ,366,318,337,347,0,0,0
T13-T15,Thu-Sun,>120 Days (W7),0-20,0,20,,T13-T15,T13,$709 ,$639 ,$449 ,360,313,332,341,0,0,0
T13-T15,Thu-Sun,>120 Days (W7),21-30,21,30,,T13-T15,T14,$719 ,$649 ,$469 ,397,345,365,376,0,0,0
T13-T15,Thu-Sun,>120 Days (W7),31-50,31,50,,T16,T15,$729 ,$659 ,$499 ,484,421,446,459,0,0,0
T13-T15,Thu-Sun,>120 Days (W7),51-100,51,100,,T16,T16,$739 ,$669 ,$529 ,622,541,573,590,0,0,0
T13-T15,Thu-Sun,60-120 Days (W6),0-20,0,20,,T13-T15,T13,$695 ,$626 ,$440 ,335,291,309,318,0,0,0
T13-T15,Thu-Sun,60-120 Days (W6),21-30,21,30,,T13-T15,T14,$705 ,$636 ,$460 ,370,322,342,351,0,0,0
T13-T15,Thu-Sun,60-120 Days (W6),31-50,31,50,,T16,T15,$714 ,$646 ,$489 ,415,361,383,393,0,0,0
T13-T15,Thu-Sun,60-120 Days (W6),51-100,51,100,,T16,T16,$724 ,$656 ,$518 ,549,476,506,520,0,0,0
T13-T15,Thu-Sun,46-59 Days (W5),0-10,0,10,,T13-T15,T13,$681 ,$613 ,$431 ,317,276,293,300,0,0,0
T13-T15,Thu-Sun,46-59 Days (W5),11-30,11,30,,T13-T15,T14,$690 ,$623 ,$450 ,345,299,318,327,0,0,0
T13-T15,Thu-Sun,46-59 Days (W5),31-50,31,50,,T16,T15,$700 ,$633 ,$479 ,388,338,357,368,0,0,0
T13-T15,Thu-Sun,46-59 Days (W5),51-100,51,100,,T16,T16,$709 ,$642 ,$508 ,477,415,440,453,0,0,0
T13-T15,Thu-Sun,31-45 Days (W4),0-10,0,10,,T13-T15,T11,$591 ,$507 ,$366 ,310,270,287,294,0,0,0
T13-T15,Thu-Sun,31-45 Days (W4),11-30,11,30,,T13-T15,T12,$629 ,$554 ,$384 ,338,293,311,320,0,0,0
T13-T15,Thu-Sun,31-45 Days (W4),31-50,31,50,,T13-T15,T13,$666 ,$601 ,$422 ,362,315,334,343,0,0,0
T13-T15,Thu-Sun,31-45 Days (W4),51-100,51,100,,T16,T15,$685 ,$619 ,$469 ,409,356,377,388,0,0,0
T13-T15,Thu-Sun,22-30 Days (W3),0-10,0,10,,T10-T12,T10,$514 ,$441 ,$321 ,304,264,281,288,0,0,0
T13-T15,Thu-Sun,22-30 Days (W3),11-30,11,30,,T13-T15,T11,$579 ,$496 ,$358 ,330,287,304,313,0,0,0
T13-T15,Thu-Sun,22-30 Days (W3),31-50,31,50,,T13-T15,T12,$615 ,$542 ,$376 ,354,308,327,336,0,0,0
T13-T15,Thu-Sun,22-30 Days (W3),51-100,51,100,,T16,T13,$652 ,$588 ,$413 ,383,333,352,362,0,0,0
T13-T15,Thu-Sun,10-21 Days (W2),0-20,0,20,,T10-T12,T8,$449 ,$386 ,$278 ,287,249,265,272,0,0,0
T13-T15,Thu-Sun,10-21 Days (W2),21-30,21,30,,T10-T12,T10,$503 ,$431 ,$314 ,312,271,288,296,0,0,0
T13-T15,Thu-Sun,10-21 Days (W2),31-60,31,60,,T13-T15,T11,$566 ,$485 ,$350 ,329,286,303,312,0,0,0
T13-T15,Thu-Sun,10-21 Days (W2),61-100,61,100,,T16,T12,$602 ,$530 ,$368 ,356,310,329,338,0,0,0
T13-T15,Thu-Sun,0-9 Days (W1),0-30,0,30,0-1,T7-T9,T6,$386 ,$325 ,$246 ,270,235,249,256,0,0,0
T13-T15,Thu-Sun,0-9 Days (W1),0-30,0,30,2-3,T7-T9,T7,$413 ,$351 ,$263 ,284,246,261,268,0,0,0
T13-T15,Thu-Sun,0-9 Days (W1),0-30,0,30,4-6,T7-T9,T8,$439 ,$378 ,$272 ,296,258,274,281,0,0,0
T13-T15,Thu-Sun,0-9 Days (W1),0-30,0,30,7-9,T7-T9,T9,$466 ,$395 ,$290 ,310,269,286,294,0,0,0
T13-T15,Thu-Sun,0-9 Days (W1),31-60,31,60,,T13-T15,T10,$492 ,$422 ,$307 ,333,289,307,315,0,0,0
T13-T15,Thu-Sun,0-9 Days (W1),61-80,61,80,,T16,T11,$554 ,$474 ,$342 ,356,310,328,337,0,0,0
T13-T15,Thu-Sun,0-9 Days (W1),81-100,81,100,,T16,T12,$589 ,$518 ,$360 ,356,310,328,337,0,0,0
T1-T3,Fri-Sat,>120 Days (W7),0-20,0,20,,T1-T3,T2,$429 ,$349 ,$269 ,356,310,328,337,0,0,0
T1-T3,Fri-Sat,>120 Days (W7),21-30,21,30,,T4-T6,T3,$449 ,$399 ,$269 ,356,310,328,337,0,0,0
T1-T3,Fri-Sat,>120 Days (W7),31-50,31,50,,T4-T6,T5,$579 ,$529 ,$279 ,356,310,328,337,0,0,0
T1-T3,Fri-Sat,>120 Days (W7),51-100,51,100,,T7-T9,T8,$799 ,$699 ,$339 ,356,310,328,337,0,0,0
T1-T3,Fri-Sat,60-120 Days (W6),0-20,0,20,,T1-T3,T2,$420 ,$342 ,$264 ,356,310,328,337,0,0,0
T1-T3,Fri-Sat,60-120 Days (W6),21-30,21,30,,T4-T6,T3,$440 ,$391 ,$264 ,356,310,328,337,0,0,0
T1-T3,Fri-Sat,60-120 Days (W6),31-50,31,50,,T4-T6,T5,$567 ,$518 ,$273 ,356,310,328,337,0,0,0
T1-T3,Fri-Sat,60-120 Days (W6),51-100,51,100,,T7-T9,T8,$783 ,$685 ,$332 ,356,310,328,337,0,0,0
T1-T3,Fri-Sat,46-59 Days (W5),0-10,0,10,,T1-T3,T2,$412 ,$335 ,$258 ,356,310,328,337,0,0,0
T1-T3,Fri-Sat,46-59 Days (W5),11-30,11,30,,T1-T3,T3,$431 ,$383 ,$258 ,356,310,328,337,0,0,0
T1-T3,Fri-Sat,46-59 Days (W5),31-50,31,50,,T4-T6,T5,$556 ,$508 ,$268 ,356,310,328,337,0,0,0
T1-T3,Fri-Sat,46-59 Days (W5),51-100,51,100,,T7-T9,T8,$767 ,$671 ,$325 ,356,310,328,337,0,0,0
T1-T3,Fri-Sat,31-45 Days (W4),0-10,0,10,,T1-T3,T1,$366 ,$309 ,$253 ,356,310,328,337,0,0,0
T1-T3,Fri-Sat,31-45 Days (W4),11-30,11,30,,T1-T3,T3,$422 ,$375 ,$253 ,356,310,328,337,0,0,0
T1-T3,Fri-Sat,31-45 Days (W4),31-50,31,50,,T4-T6,T5,$544 ,$497 ,$262 ,356,310,328,337,0,0,0
T1-T3,Fri-Sat,31-45 Days (W4),51-100,51,100,,T7-T9,T8,$751 ,$657 ,$319 ,356,310,328,337,0,0,0
T1-T3,Fri-Sat,22-30 Days (W3),0-10,0,10,,T0,T0,$339 ,$284 ,$220 ,356,310,328,337,0,0,0
T1-T3,Fri-Sat,22-30 Days (W3),11-30,11,30,,T1-T3,T2,$395 ,$321 ,$247 ,356,310,328,337,0,0,0
T1-T3,Fri-Sat,22-30 Days (W3),31-50,31,50,,T4-T6,T5,$533 ,$487 ,$257 ,356,310,328,337,0,0,0
T1-T3,Fri-Sat,22-30 Days (W3),51-100,51,100,,T7-T9,T7,$643 ,$579 ,$303 ,356,310,328,337,0,0,0
T1-T3,Fri-Sat,10-21 Days (W2),0-20,0,20,,T0,T0,$332 ,$278 ,$215 ,356,310,328,337,0,0,0
T1-T3,Fri-Sat,10-21 Days (W2),21-30,21,30,,T1-T3,T2,$386 ,$314 ,$242 ,356,310,328,337,0,0,0
T1-T3,Fri-Sat,10-21 Days (W2),31-60,31,60,,T1-T3,T4,$431 ,$386 ,$251 ,356,310,328,337,0,0,0
T1-T3,Fri-Sat,10-21 Days (W2),61-100,61,100,,T4-T6,T6,$566 ,$530 ,$260 ,356,310,328,337,0,0,0
T1-T3,Fri-Sat,0-9 Days (W1),0-30,0,30,,T0,T0,$325 ,$272 ,$210 ,356,310,328,337,0,0,0
T1-T3,Fri-Sat,0-9 Days (W1),31-60,31,60,,T1-T3,T2,$378 ,$307 ,$237 ,356,310,328,337,0,0,0
T1-T3,Fri-Sat,0-9 Days (W1),61-80,61,80,,T4-T6,T5,$510 ,$466 ,$246 ,356,310,328,337,0,0,0
T1-T3,Fri-Sat,0-9 Days (W1),81-100,81,100,,T4-T6,T7,$615 ,$554 ,$290 ,356,310,328,337,0,0,0
T4-T6,Fri-Sat,>120 Days (W7),0-20,0,20,,T4-T6,T4,$479 ,$429 ,$279 ,356,310,328,337,0,0,0
T4-T6,Fri-Sat,>120 Days (W7),21-30,21,30,,T7-T9,T6,$629 ,$589 ,$289 ,356,310,328,337,0,0,0
T4-T6,Fri-Sat,>120 Days (W7),31-50,31,50,,T7-T9,T8,$799 ,$699 ,$339 ,356,310,328,337,0,0,0
T4-T6,Fri-Sat,>120 Days (W7),51-100,51,100,,T10-T12,T10,"$1,059 ",$789 ,$379 ,356,310,328,337,0,0,0
T4-T6,Fri-Sat,60-120 Days (W6),0-20,0,20,,T4-T6,T4,$469 ,$420 ,$273 ,356,310,328,337,0,0,0
T4-T6,Fri-Sat,60-120 Days (W6),21-30,21,30,,T7-T9,T6,$616 ,$577 ,$283 ,356,310,328,337,0,0,0
T4-T6,Fri-Sat,60-120 Days (W6),31-50,31,50,,T7-T9,T8,$783 ,$685 ,$332 ,356,310,328,337,0,0,0
T4-T6,Fri-Sat,60-120 Days (W6),51-100,51,100,,T10-T12,T10,"$1,038 ",$773 ,$371 ,356,310,328,337,0,0,0
T4-T6,Fri-Sat,46-59 Days (W5),0-10,0,10,,T4-T6,T4,$460 ,$412 ,$268 ,356,310,328,337,0,0,0
T4-T6,Fri-Sat,46-59 Days (W5),11-30,11,30,,T4-T6,T6,$604 ,$565 ,$277 ,356,310,328,337,0,0,0
T4-T6,Fri-Sat,46-59 Days (W5),31-50,31,50,,T7-T9,T8,$767 ,$671 ,$325 ,356,310,328,337,0,0,0
T4-T6,Fri-Sat,46-59 Days (W5),51-100,51,100,,T10-T12,T10,"$1,017 ",$757 ,$364 ,356,310,328,337,0,0,0
T4-T6,Fri-Sat,31-45 Days (W4),0-10,0,10,,T4-T6,T4,$450 ,$403 ,$262 ,356,310,328,337,0,0,0
T4-T6,Fri-Sat,31-45 Days (W4),11-30,11,30,,T4-T6,T6,$591 ,$554 ,$272 ,356,310,328,337,0,0,0
T4-T6,Fri-Sat,31-45 Days (W4),31-50,31,50,,T7-T9,T8,$751 ,$657 ,$319 ,356,310,328,337,0,0,0
T4-T6,Fri-Sat,31-45 Days (W4),51-100,51,100,,T10-T12,T10,$995 ,$742 ,$356 ,356,310,328,337,0,0,0
T4-T6,Fri-Sat,22-30 Days (W3),0-10,0,10,,T1-T3,T2,$395 ,$321 ,$247 ,356,310,328,337,0,0,0
T4-T6,Fri-Sat,22-30 Days (W3),11-30,11,30,,T1-T3,T4,$441 ,$395 ,$257 ,356,310,328,337,0,0,0
T4-T6,Fri-Sat,22-30 Days (W3),31-50,31,50,,T4-T6,T6,$579 ,$542 ,$266 ,356,310,328,337,0,0,0
T4-T6,Fri-Sat,22-30 Days (W3),51-100,51,100,,T7-T9,T8,$735 ,$643 ,$312 ,356,310,328,337,0,0,0
T4-T6,Fri-Sat,10-21 Days (W2),0-20,0,20,,T0,T0,$332 ,$278 ,$215 ,356,310,328,337,0,0,0
T4-T6,Fri-Sat,10-21 Days (W2),21-30,21,30,,T1-T3,T2,$386 ,$314 ,$242 ,356,310,328,337,0,0,0
T4-T6,Fri-Sat,10-21 Days (W2),31-60,31,60,,T4-T6,T5,$521 ,$476 ,$251 ,356,310,328,337,0,0,0
T4-T6,Fri-Sat,10-21 Days (W2),61-100,61,100,,T7-T9,T8,$719 ,$629 ,$305 ,356,310,328,337,0,0,0
T4-T6,Fri-Sat,0-9 Days (W1),0-30,0,30,,T0,T0,$325 ,$272 ,$210 ,356,310,328,337,0,0,0
T4-T6,Fri-Sat,0-9 Days (W1),31-60,31,60,,T4-T6,T4,$422 ,$378 ,$246 ,356,310,328,337,0,0,0
T4-T6,Fri-Sat,0-9 Days (W1),61-80,61,80,,T7-T9,T7,$615 ,$554 ,$290 ,356,310,328,337,0,0,0
T4-T6,Fri-Sat,0-9 Days (W1),81-100,81,100,,T7-T9,T9,$791 ,$659 ,$316 ,356,310,328,337,0,0,0
T7-T9,Fri-Sat,>120 Days (W7),0-20,0,20,,T7-T9,T7,$699 ,$629 ,$329 ,356,310,328,337,0,0,0
T7-T9,Fri-Sat,>120 Days (W7),21-30,21,30,,T10-T12,T8,$799 ,$699 ,$339 ,356,310,328,337,0,0,0
T7-T9,Fri-Sat,>120 Days (W7),31-50,31,50,,T10-T12,T9,$899 ,$749 ,$359 ,356,310,328,337,0,0,0
T7-T9,Fri-Sat,>120 Days (W7),51-100,51,100,,T13-T15,T12,"$1,299 ","$1,099 ",$439 ,356,310,328,337,0,0,0
T7-T9,Fri-Sat,60-120 Days (W6),0-20,0,20,,T7-T9,T7,$685 ,$616 ,$322 ,356,310,328,337,0,0,0
T7-T9,Fri-Sat,60-120 Days (W6),21-30,21,30,,T10-T12,T8,$783 ,$685 ,$332 ,356,310,328,337,0,0,0
T7-T9,Fri-Sat,60-120 Days (W6),31-50,31,50,,T10-T12,T9,$881 ,$734 ,$352 ,356,310,328,337,0,0,0
T7-T9,Fri-Sat,60-120 Days (W6),51-100,51,100,,T13-T15,T12,"$1,273 ","$1,077 ",$430 ,356,310,328,337,0,0,0
T7-T9,Fri-Sat,46-59 Days (W5),0-10,0,10,,T7-T9,T7,$671 ,$604 ,$316 ,356,310,328,337,0,0,0
T7-T9,Fri-Sat,46-59 Days (W5),11-30,11,30,,T7-T9,T9,$863 ,$719 ,$345 ,356,310,328,337,0,0,0
T7-T9,Fri-Sat,46-59 Days (W5),31-50,31,50,,T10-T12,T11,"$1,151 ",$853 ,$402 ,356,310,328,337,0,0,0
T7-T9,Fri-Sat,46-59 Days (W5),51-100,51,100,,T13-T15,T14,"$1,353 ","$1,161 ",$498 ,356,310,328,337,0,0,0
T7-T9,Fri-Sat,31-45 Days (W4),0-10,0,10,,T7-T9,T7,$657 ,$591 ,$309 ,356,310,328,337,0,0,0
T7-T9,Fri-Sat,31-45 Days (W4),11-30,11,30,,T7-T9,T8,$751 ,$657 ,$319 ,356,310,328,337,0,0,0
T7-T9,Fri-Sat,31-45 Days (W4),31-50,31,50,,T10-T12,T12,"$1,221 ","$1,033 ",$413 ,356,310,328,337,0,0,0
T7-T9,Fri-Sat,31-45 Days (W4),51-100,51,100,,T13-T15,T14,"$1,324 ","$1,136 ",$488 ,356,310,328,337,0,0,0
T7-T9,Fri-Sat,22-30 Days (W3),0-10,0,10,,T4-T6,T4,$441 ,$395 ,$257 ,356,310,328,337,0,0,0
T7-T9,Fri-Sat,22-30 Days (W3),11-30,11,30,,T7-T9,T6,$579 ,$542 ,$266 ,356,310,328,337,0,0,0
T7-T9,Fri-Sat,22-30 Days (W3),31-50,31,50,,T10-T12,T8,$735 ,$643 ,$312 ,356,310,328,337,0,0,0
T7-T9,Fri-Sat,22-30 Days (W3),51-100,51,100,,T13-T15,T10,$974 ,$726 ,$349 ,356,310,328,337,0,0,0
T7-T9,Fri-Sat,10-21 Days (W2),0-20,0,20,,T4-T6,T4,$431 ,$386 ,$251 ,356,310,328,337,0,0,0
T7-T9,Fri-Sat,10-21 Days (W2),21-30,21,30,,T4-T6,T5,$521 ,$476 ,$251 ,356,310,328,337,0,0,0
T7-T9,Fri-Sat,10-21 Days (W2),31-60,31,60,,T7-T9,T8,$719 ,$629 ,$305 ,356,310,328,337,0,0,0
T7-T9,Fri-Sat,10-21 Days (W2),61-100,61,100,,T10-T12,T9,$809 ,$674 ,$323 ,356,310,328,337,0,0,0
T7-T9,Fri-Sat,0-9 Days (W1),0-30,0,30,,T1-T3,T2,$378 ,$307 ,$237 ,356,310,328,337,0,0,0
T7-T9,Fri-Sat,0-9 Days (W1),31-60,31,60,,T1-T3,T4,$422 ,$378 ,$246 ,356,310,328,337,0,0,0
T7-T9,Fri-Sat,0-9 Days (W1),61-80,61,80,,T10-T12,T6,$554 ,$518 ,$254 ,356,310,328,337,0,0,0
T7-T9,Fri-Sat,0-9 Days (W1),81-100,81,100,,T10-T12,T8,$703 ,$615 ,$298 ,356,310,328,337,0,0,0
T10-T12,Fri-Sat,>120 Days (W7),0-20,0,20,,T10-T12,T10,"$1,059 ",$789 ,$379 ,356,310,328,337,0,0,0
T10-T12,Fri-Sat,>120 Days (W7),21-30,21,30,,T10-T12,T11,"$1,199 ",$889 ,$419 ,356,310,328,337,0,0,0
T10-T12,Fri-Sat,>120 Days (W7),31-50,31,50,,T13-T15,T13,"$1,399 ","$1,199 ",$489 ,356,310,328,337,0,0,0
T10-T12,Fri-Sat,>120 Days (W7),51-100,51,100,,T13-T15,T15,"$1,419 ","$1,219 ",$539 ,356,310,328,337,0,0,0
T10-T12,Fri-Sat,60-120 Days (W6),0-20,0,20,,T10-T12,T10,"$1,038 ",$773 ,$371 ,356,310,328,337,0,0,0
T10-T12,Fri-Sat,60-120 Days (W6),21-30,21,30,,T10-T12,T12,"$1,273 ","$1,077 ",$430 ,356,310,328,337,0,0,0
T10-T12,Fri-Sat,60-120 Days (W6),31-50,31,50,,T13-T15,T13,"$1,371 ","$1,175 ",$479 ,356,310,328,337,0,0,0
T10-T12,Fri-Sat,60-120 Days (W6),51-100,51,100,,T13-T15,T14,"$1,381 ","$1,185 ",$509 ,356,310,328,337,0,0,0
T10-T12,Fri-Sat,46-59 Days (W5),0-10,0,10,,T10-T12,T10,"$1,017 ",$757 ,$364 ,356,310,328,337,0,0,0
T10-T12,Fri-Sat,46-59 Days (W5),11-30,11,30,,T10-T12,T12,"$1,247 ","$1,055 ",$421 ,356,310,328,337,0,0,0
T10-T12,Fri-Sat,46-59 Days (W5),31-50,31,50,,T13-T15,T14,"$1,353 ","$1,161 ",$498 ,356,310,328,337,0,0,0
T10-T12,Fri-Sat,46-59 Days (W5),51-100,51,100,,T16,T16,"$1,372 ","$1,180 ",$546 ,356,310,328,337,0,0,0
T10-T12,Fri-Sat,31-45 Days (W4),0-10,0,10,,T10-T12,T10,$995 ,$742 ,$356 ,356,310,328,337,0,0,0
T10-T12,Fri-Sat,31-45 Days (W4),11-30,11,30,,T10-T12,T11,"$1,127 ",$836 ,$394 ,356,310,328,337,0,0,0
T10-T12,Fri-Sat,31-45 Days (W4),31-50,31,50,,T13-T15,T12,"$1,221 ","$1,033 ",$413 ,356,310,328,337,0,0,0
T10-T12,Fri-Sat,31-45 Days (W4),51-100,51,100,,T16,T14,"$1,324 ","$1,136 ",$488 ,356,310,328,337,0,0,0
T10-T12,Fri-Sat,22-30 Days (W3),0-10,0,10,,T7-T9,T7,$643 ,$579 ,$303 ,356,310,328,337,0,0,0
T10-T12,Fri-Sat,22-30 Days (W3),11-30,11,30,,T10-T12,T9,$827 ,$689 ,$330 ,356,310,328,337,0,0,0
T10-T12,Fri-Sat,22-30 Days (W3),31-50,31,50,,T10-T12,T11,"$1,103 ",$818 ,$385 ,356,310,328,337,0,0,0
T10-T12,Fri-Sat,22-30 Days (W3),51-100,51,100,,T13-T15,T12,"$1,195 ","$1,011 ",$404 ,356,310,328,337,0,0,0
T10-T12,Fri-Sat,10-21 Days (W2),0-20,0,20,,T7-T9,T6,$566 ,$530 ,$260 ,356,310,328,337,0,0,0
T10-T12,Fri-Sat,10-21 Days (W2),21-30,21,30,,T7-T9,T8,$719 ,$629 ,$305 ,356,310,328,337,0,0,0
T10-T12,Fri-Sat,10-21 Days (W2),31-60,31,60,,T10-T12,T9,$809 ,$674 ,$323 ,356,310,328,337,0,0,0
T10-T12,Fri-Sat,10-21 Days (W2),61-100,61,100,,T13-T15,T10,$953 ,$710 ,$341 ,356,310,328,337,0,0,0
T10-T12,Fri-Sat,0-9 Days (W1),0-30,0,30,0-1,T4-T6,T4,$422 ,$378 ,$246 ,356,310,328,337,0,0,0
T10-T12,Fri-Sat,0-9 Days (W1),0-30,0,30,2-3,T4-T6,T5,$510 ,$466 ,$246 ,356,310,328,337,0,0,0
T10-T12,Fri-Sat,0-9 Days (W1),0-30,0,30,4-6,T4-T6,T6,$554 ,$518 ,$254 ,356,310,328,337,0,0,0
T10-T12,Fri-Sat,0-9 Days (W1),0-30,0,30,7-9,T4-T6,T7,$615 ,$554 ,$290 ,356,310,328,337,0,0,0
T10-T12,Fri-Sat,0-9 Days (W1),31-60,31,60,,T10-T12,T8,$703 ,$615 ,$298 ,356,310,328,337,0,0,0
T10-T12,Fri-Sat,0-9 Days (W1),61-80,61,80,,T13-T15,T9,$791 ,$659 ,$316 ,356,310,328,337,0,0,0
T10-T12,Fri-Sat,0-9 Days (W1),81-100,81,100,,T13-T15,T10,$932 ,$694 ,$334 ,356,310,328,337,0,0,0
T13-T15,Fri-Sat,>120 Days (W7),0-20,0,20,,T13-T15,T13,"$1,399 ","$1,199 ",$489 ,356,310,328,337,0,0,0
T13-T15,Fri-Sat,>120 Days (W7),21-30,21,30,,T13-T15,T14,"$1,409 ","$1,209 ",$519 ,356,310,328,337,0,0,0
T13-T15,Fri-Sat,>120 Days (W7),31-50,31,50,,T16,T15,"$1,419 ","$1,219 ",$539 ,356,310,328,337,0,0,0
T13-T15,Fri-Sat,>120 Days (W7),51-100,51,100,,T16,T16,"$1,429 ","$1,229 ",$569 ,356,310,328,337,0,0,0
T13-T15,Fri-Sat,60-120 Days (W6),0-20,0,20,,T13-T15,T13,"$1,371 ","$1,175 ",$479 ,356,310,328,337,0,0,0
T13-T15,Fri-Sat,60-120 Days (W6),21-30,21,30,,T13-T15,T14,"$1,381 ","$1,185 ",$509 ,356,310,328,337,0,0,0
T13-T15,Fri-Sat,60-120 Days (W6),31-50,31,50,,T16,T15,"$1,391 ","$1,195 ",$528 ,356,310,328,337,0,0,0
T13-T15,Fri-Sat,60-120 Days (W6),51-100,51,100,,T16,T16,"$1,400 ","$1,204 ",$558 ,356,310,328,337,0,0,0
T13-T15,Fri-Sat,46-59 Days (W5),0-10,0,10,,T13-T15,T13,"$1,343 ","$1,151 ",$469 ,356,310,328,337,0,0,0
T13-T15,Fri-Sat,46-59 Days (W5),11-30,11,30,,T13-T15,T14,"$1,353 ","$1,161 ",$498 ,356,310,328,337,0,0,0
T13-T15,Fri-Sat,46-59 Days (W5),31-50,31,50,,T16,T15,"$1,362 ","$1,170 ",$517 ,356,310,328,337,0,0,0
T13-T15,Fri-Sat,46-59 Days (W5),51-100,51,100,,T16,T16,"$1,372 ","$1,180 ",$546 ,356,310,328,337,0,0,0
T13-T15,Fri-Sat,31-45 Days (W4),0-10,0,10,,T13-T15,T11,"$1,127 ",$836 ,$394 ,356,310,328,337,0,0,0
T13-T15,Fri-Sat,31-45 Days (W4),11-30,11,30,,T13-T15,T12,"$1,221 ","$1,033 ",$413 ,356,310,328,337,0,0,0
T13-T15,Fri-Sat,31-45 Days (W4),31-50,31,50,,T13-T15,T13,"$1,315 ","$1,127 ",$460 ,356,310,328,337,0,0,0
T13-T15,Fri-Sat,31-45 Days (W4),51-100,51,100,,T16,T15,"$1,334 ","$1,146 ",$507 ,356,310,328,337,0,0,0
T13-T15,Fri-Sat,22-30 Days (W3),0-10,0,10,,T10-T12,T10,$974 ,$726 ,$349 ,356,310,328,337,0,0,0
T13-T15,Fri-Sat,22-30 Days (W3),11-30,11,30,,T13-T15,T11,"$1,103 ",$818 ,$385 ,356,310,328,337,0,0,0
T13-T15,Fri-Sat,22-30 Days (W3),31-50,31,50,,T13-T15,T12,"$1,195 ","$1,011 ",$404 ,356,310,328,337,0,0,0
T13-T15,Fri-Sat,22-30 Days (W3),51-100,51,100,,T16,T13,"$1,287 ","$1,103 ",$450 ,356,310,328,337,0,0,0
T13-T15,Fri-Sat,10-21 Days (W2),0-20,0,20,,T10-T12,T8,$719 ,$629 ,$305 ,356,310,328,337,0,0,0
T13-T15,Fri-Sat,10-21 Days (W2),21-30,21,30,,T10-T12,T10,$953 ,$710 ,$341 ,356,310,328,337,0,0,0
T13-T15,Fri-Sat,10-21 Days (W2),31-60,31,60,,T13-T15,T11,"$1,079 ",$800 ,$377 ,356,310,328,337,0,0,0
T13-T15,Fri-Sat,10-21 Days (W2),61-100,61,100,,T16,T12,"$1,169 ",$989 ,$395 ,356,310,328,337,0,0,0
T13-T15,Fri-Sat,0-9 Days (W1),0-30,0,30,0-1,T7-T9,T6,$554 ,$518 ,$254 ,356,310,328,337,0,0,0
T13-T15,Fri-Sat,0-9 Days (W1),0-30,0,30,2-3,T7-T9,T7,$615 ,$554 ,$290 ,356,310,328,337,0,0,0
T13-T15,Fri-Sat,0-9 Days (W1),0-30,0,30,4-6,T7-T9,T8,$703 ,$615 ,$298 ,356,310,328,337,0,0,0
T13-T15,Fri-Sat,0-9 Days (W1),0-30,0,30,7-9,T7-T9,T9,$791 ,$659 ,$316 ,356,310,328,337,0,0,0
T13-T15,Fri-Sat,0-9 Days (W1),31-60,31,60,,T13-T15,T10,$932 ,$694 ,$334 ,356,310,328,337,0,0,0
T13-T15,Fri-Sat,0-9 Days (W1),61-80,61,80,,T16,T11,"$1,055 ",$782 ,$369 ,356,310,328,337,0,0,0
T13-T15,Fri-Sat,0-9 Days (W1),81-100,81,100,,T16,T12,"$1,143 ",$967 ,$386 ,356,310,328,337,0,0,0
