timestamp,rate_id,new_price,new_status
2025-04-16 18:58:24,rate_fb1_203812___364773_2025-06-08_b7d8,474.3,Adjusted
2025-04-16 18:58:24,rate_fb1_203812___364778_2025-06-08_136a,474.3,Adjusted
2025-04-16 18:58:24,rate_fb1_203812___364781_2025-06-08_c2f6,474.3,Adjusted
2025-04-16 18:58:24,rate_fb1_203812___364773_2025-06-15_decd,474.3,Adjusted
2025-04-16 18:58:24,rate_fb1_203812___364776_2025-06-15_472a,474.3,Adjusted
2025-04-16 18:58:24,rate_fb1_203812___364778_2025-06-15_8c68,474.3,Adjusted
2025-04-16 18:58:24,rate_fb1_203812___364781_2025-06-15_38c9,474.3,Adjusted
2025-04-17 15:40:42,rate_wb1_316005___633308_2025-04-17_af7e,372.0,Adjusted
2025-04-17 15:40:42,rate_wb1_316005___633312_2025-04-17_1924,488.8,Adjusted
2025-04-17 15:40:42,rate_wb1_316005___633311_2025-04-18_32c8,655.2,Adjusted
2025-04-17 15:40:42,rate_wb1_316005___633308_2025-04-18_affb,574.4,Adjusted
2025-04-17 15:40:42,rate_wb1_316005___633312_2025-04-18_056c,731.2,Adjusted
2025-04-17 15:40:42,rate_wb1_316005___633307_2025-04-19_cfc1,574.4,Adjusted
2025-04-17 15:40:42,rate_wb1_316005___633311_2025-04-19_63b8,655.2,Adjusted
2025-04-17 15:40:42,rate_wb1_316005___633308_2025-04-19_2476,574.4,Adjusted
2025-04-17 15:40:42,rate_wb1_316005___633312_2025-04-19_06a9,731.2,Adjusted
2025-04-17 15:40:42,rate_wb1_316005___633306_2025-04-20_c550,303.2,Adjusted
2025-04-17 15:40:42,rate_wb1_316005___633307_2025-04-20_b426,303.2,Adjusted
2025-04-17 15:40:42,rate_wb1_316005___633310_2025-04-20_3d93,271.2,Adjusted
2025-04-17 15:40:42,rate_wb1_316005___633308_2025-04-20_c1d2,372.0,Adjusted
2025-04-17 15:40:42,rate_wb1_316005___633312_2025-04-20_7eaf,488.8,Adjusted
2025-04-19 13:00:33,rate_fb1_203812___362535_2025-04-20_3659,318.0,Adjusted
2025-04-19 13:00:33,rate_fb1_203812___364776_2025-04-20_293c,414.0,Adjusted
2025-04-19 13:01:03,rate_fb1_203812___362535_2025-04-20_3659,239.8,Adjusted
2025-04-19 13:01:03,rate_fb1_203812___364776_2025-04-20_293c,345.4,Adjusted
2025-04-19 13:01:46,rate_fb1_203812___362535_2025-04-20_3659,118.0,Adjusted
2025-04-19 13:01:46,rate_fb1_203812___364776_2025-04-20_293c,214.0,Adjusted
2025-04-19 13:03:40,rate_fb1_203812___362535_2025-04-20_3659,718.0,Adjusted
2025-04-19 13:03:40,rate_fb1_203812___364776_2025-04-20_293c,814.0,Adjusted
2025-04-19 15:09:02,rate_fb1_203812___528745_2025-04-19_3e98,803.0,Adjusted
2025-04-19 15:25:30,rate_fb1_203812___364779_2025-04-19_bf53,,LOS Adjusted
2025-04-19 15:41:33,rate_spm1_278915_2025-05-18_282b,,LOS Adjusted
2025-04-19 15:41:33,rate_spm1_303587_2025-05-18_b493,,LOS Adjusted
2025-04-19 15:41:33,rate_spm1_303588_2025-05-18_94a2,,LOS Adjusted
2025-04-19 15:42:38,rate_spm1_278915_2025-05-18_282b,,LOS Adjusted
2025-04-19 15:42:38,rate_spm1_303587_2025-05-18_b493,,LOS Adjusted
2025-04-19 15:42:38,rate_spm1_303588_2025-05-18_94a2,,LOS Adjusted
2025-04-19 15:44:55,rate_spm1_303588_2025-05-05_61bc,,LOS Adjusted
2025-04-19 15:44:55,rate_spm1_303588_2025-05-06_0fb2,,LOS Adjusted
2025-04-19 15:44:55,rate_spm1_278915_2025-05-12_3071,,LOS Adjusted
2025-04-19 15:44:55,rate_spm1_303587_2025-05-12_beef,,LOS Adjusted
2025-04-19 15:44:55,rate_spm1_278915_2025-05-13_0c1f,,LOS Adjusted
2025-04-19 15:44:55,rate_spm1_303587_2025-05-13_7816,,LOS Adjusted
2025-04-19 15:44:55,rate_spm1_303588_2025-05-14_10ce,,LOS Adjusted
2025-04-19 15:44:55,rate_spm1_278915_2025-05-19_cc9b,,LOS Adjusted
2025-04-19 15:44:55,rate_spm1_303588_2025-05-19_4a52,,LOS Adjusted
2025-04-19 15:45:10,rate_spm1_303588_2025-05-05_61bc,1395.0,Adjusted
2025-04-19 15:45:10,rate_spm1_303588_2025-05-06_0fb2,1395.0,Adjusted
2025-04-19 15:45:10,rate_spm1_278915_2025-05-12_3071,1404.0,Adjusted
2025-04-19 15:45:10,rate_spm1_303587_2025-05-12_beef,1404.0,Adjusted
2025-04-19 15:45:10,rate_spm1_278915_2025-05-13_0c1f,1404.0,Adjusted
2025-04-19 15:45:10,rate_spm1_303587_2025-05-13_7816,1404.0,Adjusted
2025-04-19 15:45:10,rate_spm1_303588_2025-05-14_10ce,1404.0,Adjusted
2025-04-19 15:45:10,rate_spm1_278915_2025-05-19_cc9b,1404.0,Adjusted
2025-04-19 15:45:10,rate_spm1_303588_2025-05-19_4a52,1404.0,Adjusted
2025-04-22 11:45:36,rate_fb1_203812___362535_2025-05-01_3a7e,360.8,Adjusted
2025-04-22 11:45:36,rate_fb1_203812___364773_2025-05-01_9aaa,439.2,Adjusted
2025-04-22 11:45:36,rate_fb1_203812___364778_2025-05-01_55db,439.2,Adjusted
2025-04-22 11:45:36,rate_fb1_203812___364780_2025-05-01_896d,360.8,Adjusted
2025-04-22 11:45:36,rate_fb1_203812___364782_2025-05-01_d6df,268.0,Adjusted
2025-04-22 11:45:36,rate_fb1_203812___490007_2025-05-01_bc46,261.6,Adjusted
2025-04-22 11:45:36,rate_fb1_203812___490024_2025-05-01_9200,222.4,Adjusted
2025-04-22 11:45:36,rate_fb1_203812___528745_2025-05-01_a5fe,261.6,Adjusted
2025-04-22 11:45:36,rate_fb1_203812___634080_2025-05-01_fe02,360.8,Adjusted
2025-04-22 11:45:36,rate_fb1_203812___362535_2025-05-02_adb8,768.8,Adjusted
2025-04-22 11:45:36,rate_fb1_203812___364773_2025-05-02_1fb3,880.8,Adjusted
2025-04-22 11:45:36,rate_fb1_203812___364778_2025-05-02_cda4,880.8,Adjusted
2025-04-22 11:45:36,rate_fb1_203812___364780_2025-05-02_2589,768.8,Adjusted
2025-04-22 11:45:36,rate_fb1_203812___490007_2025-05-02_fd78,511.2,Adjusted
2025-04-22 11:45:36,rate_fb1_203812___528745_2025-05-02_1bf0,511.2,Adjusted
2025-04-22 11:45:36,rate_fb1_203812___634080_2025-05-02_80c8,768.8,Adjusted
2025-04-22 11:45:36,rate_fb1_203812___362535_2025-05-03_4e71,768.8,Adjusted
2025-04-22 11:45:36,rate_fb1_203812___364773_2025-05-03_133f,880.8,Adjusted
2025-04-22 11:45:36,rate_fb1_203812___364778_2025-05-03_b26a,880.8,Adjusted
2025-04-22 11:45:36,rate_fb1_203812___364779_2025-05-03_fe79,768.8,Adjusted
2025-04-22 11:45:36,rate_fb1_203812___364780_2025-05-03_3c27,768.8,Adjusted
2025-04-22 11:45:36,rate_fb1_203812___490007_2025-05-03_95df,511.2,Adjusted
2025-04-22 11:45:36,rate_fb1_203812___528745_2025-05-03_902b,511.2,Adjusted
2025-04-22 11:45:36,rate_fb1_203812___634080_2025-05-03_1fa3,768.8,Adjusted
2025-04-22 11:45:36,rate_fb1_203812___362535_2025-05-04_70be,360.8,Adjusted
2025-04-22 11:45:36,rate_fb1_203812___364773_2025-05-04_e99f,439.2,Adjusted
2025-04-22 11:45:36,rate_fb1_203812___364776_2025-05-04_0b01,307.2,Adjusted
2025-04-22 11:45:36,rate_fb1_203812___364778_2025-05-04_3d91,439.2,Adjusted
2025-04-22 11:45:36,rate_fb1_203812___364779_2025-05-04_886e,360.8,Adjusted
2025-04-22 11:45:36,rate_fb1_203812___364780_2025-05-04_729e,360.8,Adjusted
2025-04-22 11:45:36,rate_fb1_203812___364782_2025-05-04_4c07,268.0,Adjusted
2025-04-22 11:45:36,rate_fb1_203812___490007_2025-05-04_0d2f,261.6,Adjusted
2025-04-22 11:45:36,rate_fb1_203812___528745_2025-05-04_97ea,261.6,Adjusted
2025-04-22 11:49:36,rate_fb1_203812___362535_2025-05-01_37ea,360.8,Adjusted
2025-04-22 11:49:36,rate_fb1_203812___364773_2025-05-01_c602,439.2,Adjusted
2025-04-22 11:49:36,rate_fb1_203812___364778_2025-05-01_6d97,439.2,Adjusted
2025-04-22 11:49:36,rate_fb1_203812___364780_2025-05-01_9814,360.8,Adjusted
2025-04-22 11:49:36,rate_fb1_203812___364782_2025-05-01_6a7d,268.0,Adjusted
2025-04-22 11:49:36,rate_fb1_203812___490007_2025-05-01_143e,261.6,Adjusted
2025-04-22 11:49:36,rate_fb1_203812___490024_2025-05-01_3d4c,222.4,Adjusted
2025-04-22 11:49:36,rate_fb1_203812___528745_2025-05-01_fbac,261.6,Adjusted
2025-04-22 11:49:36,rate_fb1_203812___634080_2025-05-01_74c5,360.8,Adjusted
2025-04-22 11:49:36,rate_fb1_203812___362535_2025-05-02_088f,768.8,Adjusted
2025-04-22 11:49:36,rate_fb1_203812___364773_2025-05-02_65d0,880.8,Adjusted
2025-04-22 11:49:36,rate_fb1_203812___364778_2025-05-02_c631,880.8,Adjusted
2025-04-22 11:49:36,rate_fb1_203812___364780_2025-05-02_2406,768.8,Adjusted
2025-04-22 11:49:36,rate_fb1_203812___490007_2025-05-02_d773,511.2,Adjusted
2025-04-22 11:49:36,rate_fb1_203812___528745_2025-05-02_907b,511.2,Adjusted
2025-04-22 11:49:36,rate_fb1_203812___634080_2025-05-02_28f3,768.8,Adjusted
2025-04-22 11:49:36,rate_fb1_203812___362535_2025-05-03_866b,768.8,Adjusted
2025-04-22 11:49:36,rate_fb1_203812___364773_2025-05-03_61b5,880.8,Adjusted
2025-04-22 11:49:36,rate_fb1_203812___364778_2025-05-03_65f1,880.8,Adjusted
2025-04-22 11:49:36,rate_fb1_203812___364779_2025-05-03_1b65,768.8,Adjusted
2025-04-22 11:49:36,rate_fb1_203812___364780_2025-05-03_fb3c,768.8,Adjusted
2025-04-22 11:49:36,rate_fb1_203812___490007_2025-05-03_f47e,511.2,Adjusted
2025-04-22 11:49:36,rate_fb1_203812___528745_2025-05-03_9c53,511.2,Adjusted
2025-04-22 11:49:36,rate_fb1_203812___634080_2025-05-03_45c0,768.8,Adjusted
2025-04-22 11:49:36,rate_fb1_203812___362535_2025-05-04_e3c4,360.8,Adjusted
2025-04-22 11:49:36,rate_fb1_203812___364773_2025-05-04_c3dc,439.2,Adjusted
2025-04-22 11:49:36,rate_fb1_203812___364776_2025-05-04_19f0,307.2,Adjusted
2025-04-22 11:49:36,rate_fb1_203812___364778_2025-05-04_c1eb,439.2,Adjusted
2025-04-22 11:49:36,rate_fb1_203812___364779_2025-05-04_4bed,360.8,Adjusted
2025-04-22 11:49:36,rate_fb1_203812___364780_2025-05-04_b7c7,360.8,Adjusted
2025-04-22 11:49:36,rate_fb1_203812___364782_2025-05-04_89c5,268.0,Adjusted
2025-04-22 11:49:36,rate_fb1_203812___490007_2025-05-04_26f5,261.6,Adjusted
2025-04-22 11:49:36,rate_fb1_203812___528745_2025-05-04_c9b7,261.6,Adjusted
2025-04-23 15:23:26,rate_atx1_331303_2025-05-01_ef6b,356.0,Adjusted
2025-04-23 15:23:26,rate_atx1_331303_2025-05-02_a4f4,496.0,Adjusted
2025-04-23 15:23:26,rate_atx1_331303_2025-05-03_a821,496.0,Adjusted
2025-04-23 15:26:18,rate_atx1_320201_2025-05-15_12a9,406.8,Adjusted
2025-04-23 15:26:18,rate_atx1_320202_2025-05-15_b46f,558.0,Adjusted
2025-04-23 15:26:18,rate_atx1_331303_2025-05-15_73e4,483.3,Adjusted
2025-04-23 15:26:18,rate_atx1_320201_2025-05-16_87f2,495.0,Adjusted
2025-04-23 15:26:18,rate_atx1_320202_2025-05-16_37fe,676.8,Adjusted
2025-04-23 15:26:18,rate_atx1_331303_2025-05-16_2395,585.9,Adjusted
2025-04-23 15:26:18,rate_atx1_320201_2025-05-17_e151,495.0,Adjusted
2025-04-23 15:26:18,rate_atx1_320202_2025-05-17_ba8e,676.8,Adjusted
2025-04-23 15:26:18,rate_atx1_331303_2025-05-17_4d7e,585.9,Adjusted
2025-04-23 15:26:18,rate_atx1_320201_2025-05-18_ceee,406.8,Adjusted
2025-04-23 15:26:18,rate_atx1_320202_2025-05-18_92e8,558.0,Adjusted
2025-04-23 15:26:18,rate_atx1_331303_2025-05-18_a3ed,483.3,Adjusted
2025-04-23 15:35:08,rate_atx1_320201_2025-05-26_a356,294.75,Adjusted
2025-04-23 15:35:08,rate_atx1_320202_2025-05-26_7819,396.0,Adjusted
2025-04-23 15:35:08,rate_atx1_320203_2025-05-26_7018,396.0,Adjusted
2025-04-23 15:35:08,rate_atx1_331303_2025-05-26_cf0c,343.5,Adjusted
2025-04-23 15:35:08,rate_atx1_320201_2025-05-27_fd08,245.25,Adjusted
2025-04-23 15:35:08,rate_atx1_320202_2025-05-27_1cc3,330.0,Adjusted
2025-04-23 15:35:08,rate_atx1_320203_2025-05-27_543e,330.0,Adjusted
2025-04-23 15:35:08,rate_atx1_331303_2025-05-27_7432,288.75,Adjusted
2025-04-23 15:35:08,rate_atx1_320201_2025-05-28_c65e,245.25,Adjusted
2025-04-23 15:35:08,rate_atx1_320202_2025-05-28_6cc5,330.0,Adjusted
2025-04-23 15:35:08,rate_atx1_320203_2025-05-28_0a6b,330.0,Adjusted
2025-04-23 15:35:08,rate_atx1_331303_2025-05-28_ff30,288.75,Adjusted
2025-04-23 15:35:08,rate_atx1_320201_2025-06-02_ebfe,180.75,Adjusted
2025-04-23 15:35:08,rate_atx1_320202_2025-06-02_c81e,245.25,Adjusted
2025-04-23 15:35:08,rate_atx1_320203_2025-06-02_452e,245.25,Adjusted
2025-04-23 15:35:08,rate_atx1_331303_2025-06-02_4cb9,225.75,Adjusted
2025-04-23 15:35:08,rate_atx1_320201_2025-06-03_62ad,180.75,Adjusted
2025-04-23 15:35:08,rate_atx1_320202_2025-06-03_dcfc,245.25,Adjusted
2025-04-23 15:35:08,rate_atx1_320203_2025-06-03_1e6d,245.25,Adjusted
2025-04-23 15:35:08,rate_atx1_331303_2025-06-03_8539,225.75,Adjusted
2025-04-23 15:35:08,rate_atx1_320201_2025-06-04_9f0f,180.75,Adjusted
2025-04-23 15:35:08,rate_atx1_320202_2025-06-04_378e,245.25,Adjusted
2025-04-23 15:35:08,rate_atx1_320203_2025-06-04_80ff,245.25,Adjusted
2025-04-23 15:35:08,rate_atx1_331303_2025-06-04_b88f,225.75,Adjusted
2025-04-23 15:35:08,rate_atx1_320201_2025-06-09_163c,180.75,Adjusted
2025-04-23 15:35:08,rate_atx1_320202_2025-06-09_143d,245.25,Adjusted
2025-04-23 15:35:08,rate_atx1_320203_2025-06-09_9913,245.25,Adjusted
2025-04-23 15:35:08,rate_atx1_331303_2025-06-09_539b,225.75,Adjusted
2025-04-23 15:35:08,rate_atx1_320201_2025-06-10_b7a3,180.75,Adjusted
2025-04-23 15:35:08,rate_atx1_320202_2025-06-10_0dab,245.25,Adjusted
2025-04-23 15:35:08,rate_atx1_320203_2025-06-10_a2d1,245.25,Adjusted
2025-04-23 15:35:08,rate_atx1_331303_2025-06-10_6259,225.75,Adjusted
2025-04-23 15:35:08,rate_atx1_320201_2025-06-11_3713,180.75,Adjusted
2025-04-23 15:35:08,rate_atx1_320202_2025-06-11_7c57,245.25,Adjusted
2025-04-23 15:35:08,rate_atx1_320203_2025-06-11_86c3,245.25,Adjusted
2025-04-23 15:35:08,rate_atx1_331303_2025-06-11_58f9,225.75,Adjusted
2025-04-23 15:35:08,rate_atx1_320201_2025-06-16_f12e,180.75,Adjusted
2025-04-23 15:35:08,rate_atx1_320202_2025-06-16_3e53,245.25,Adjusted
2025-04-23 15:35:08,rate_atx1_320203_2025-06-16_68a9,245.25,Adjusted
2025-04-23 15:35:08,rate_atx1_331303_2025-06-16_7c72,225.75,Adjusted
2025-04-23 15:35:08,rate_atx1_320201_2025-06-17_b0ba,180.75,Adjusted
2025-04-23 15:35:08,rate_atx1_320202_2025-06-17_77d2,245.25,Adjusted
2025-04-23 15:35:08,rate_atx1_320203_2025-06-17_18c7,245.25,Adjusted
2025-04-23 15:35:08,rate_atx1_331303_2025-06-17_1941,225.75,Adjusted
2025-04-23 15:35:08,rate_atx1_320201_2025-06-18_ef89,180.75,Adjusted
2025-04-23 15:35:08,rate_atx1_320202_2025-06-18_b9b4,245.25,Adjusted
2025-04-23 15:35:08,rate_atx1_320203_2025-06-18_3df6,245.25,Adjusted
2025-04-23 15:35:08,rate_atx1_331303_2025-06-18_66e0,225.75,Adjusted
2025-04-23 15:35:08,rate_atx1_320201_2025-06-23_31d1,180.75,Adjusted
2025-04-23 15:35:08,rate_atx1_320202_2025-06-23_99ed,245.25,Adjusted
2025-04-23 15:35:08,rate_atx1_320203_2025-06-23_dc89,245.25,Adjusted
2025-04-23 15:35:08,rate_atx1_331303_2025-06-23_0207,225.75,Adjusted
2025-04-23 15:35:08,rate_atx1_320201_2025-06-24_3e9c,180.75,Adjusted
2025-04-23 15:35:08,rate_atx1_320202_2025-06-24_ff35,245.25,Adjusted
2025-04-23 15:35:08,rate_atx1_320203_2025-06-24_5dc9,245.25,Adjusted
2025-04-23 15:35:08,rate_atx1_331303_2025-06-24_fd4e,225.75,Adjusted
2025-04-23 15:35:08,rate_atx1_320201_2025-06-25_88c9,180.75,Adjusted
2025-04-23 15:35:08,rate_atx1_320202_2025-06-25_68e1,245.25,Adjusted
2025-04-23 15:35:08,rate_atx1_320203_2025-06-25_66dc,245.25,Adjusted
2025-04-23 15:35:08,rate_atx1_331303_2025-06-25_5dbe,225.75,Adjusted
2025-04-23 16:54:21,rate_pblu1_299754_2025-05-01_648f,131.75,Adjusted
2025-04-23 16:54:21,rate_pblu1_299755_2025-05-01_4bd6,131.75,Adjusted
2025-04-23 16:54:21,rate_pblu1_299756_2025-05-01_0c1a,131.75,Adjusted
2025-04-23 16:54:21,rate_pblu1_299757_2025-05-01_f54c,185.3,Adjusted
2025-04-23 16:54:21,rate_pblu1_299758_2025-05-01_01f9,185.3,Adjusted
2025-04-23 16:54:21,rate_pblu1_299760_2025-05-01_9b46,185.3,Adjusted
2025-04-23 16:54:21,rate_pblu1_299754_2025-05-02_d6c5,226.95,Adjusted
2025-04-23 16:54:21,rate_pblu1_299755_2025-05-02_2070,226.95,Adjusted
2025-04-23 16:54:21,rate_pblu1_299756_2025-05-02_5146,226.95,Adjusted
2025-04-23 16:54:21,rate_pblu1_299757_2025-05-02_3d9f,272.85,Adjusted
2025-04-23 16:54:21,rate_pblu1_299758_2025-05-02_ade8,272.85,Adjusted
2025-04-23 16:54:21,rate_pblu1_299760_2025-05-02_e348,272.85,Adjusted
2025-04-23 16:54:21,rate_pblu1_299754_2025-05-03_e4a4,226.95,Adjusted
2025-04-23 16:54:21,rate_pblu1_299755_2025-05-03_5706,226.95,Adjusted
2025-04-23 16:54:21,rate_pblu1_299756_2025-05-03_b192,226.95,Adjusted
2025-04-23 16:54:21,rate_pblu1_299757_2025-05-03_8ec9,272.85,Adjusted
2025-04-23 16:54:21,rate_pblu1_299758_2025-05-03_c26b,272.85,Adjusted
2025-04-23 16:54:21,rate_pblu1_299760_2025-05-03_56ca,272.85,Adjusted
2025-04-23 16:54:21,rate_pblu1_299754_2025-05-04_333e,131.75,Adjusted
2025-04-23 16:54:21,rate_pblu1_299755_2025-05-04_9610,131.75,Adjusted
2025-04-23 16:54:21,rate_pblu1_299756_2025-05-04_6aea,131.75,Adjusted
2025-04-23 16:54:21,rate_pblu1_299757_2025-05-04_a400,185.3,Adjusted
2025-04-23 16:54:21,rate_pblu1_299758_2025-05-04_00df,185.3,Adjusted
2025-04-23 16:54:21,rate_pblu1_299760_2025-05-04_77ac,185.3,Adjusted
2025-04-23 16:56:35,rate_pblu1_299754_2025-05-08_c906,131.75,Adjusted
2025-04-23 16:56:35,rate_pblu1_299755_2025-05-08_5fe8,131.75,Adjusted
2025-04-23 16:56:35,rate_pblu1_299756_2025-05-08_626b,131.75,Adjusted
2025-04-23 16:56:35,rate_pblu1_299757_2025-05-08_fc74,153.0,Adjusted
2025-04-23 16:56:35,rate_pblu1_299758_2025-05-08_a653,153.0,Adjusted
2025-04-23 16:56:35,rate_pblu1_299759_2025-05-08_d557,131.75,Adjusted
2025-04-23 16:56:35,rate_pblu1_299760_2025-05-08_2029,153.0,Adjusted
2025-04-23 16:56:35,rate_pblu1_299754_2025-05-09_a10d,226.95,Adjusted
2025-04-23 16:56:35,rate_pblu1_299755_2025-05-09_f352,226.95,Adjusted
2025-04-23 16:56:35,rate_pblu1_299756_2025-05-09_a056,226.95,Adjusted
2025-04-23 16:56:35,rate_pblu1_299757_2025-05-09_6e78,272.85,Adjusted
2025-04-23 16:56:35,rate_pblu1_299758_2025-05-09_4813,272.85,Adjusted
2025-04-23 16:56:35,rate_pblu1_299759_2025-05-09_eb1b,226.95,Adjusted
2025-04-23 16:56:35,rate_pblu1_299760_2025-05-09_5702,272.85,Adjusted
2025-04-23 16:56:35,rate_pblu1_299754_2025-05-10_8489,226.95,Adjusted
2025-04-23 16:56:35,rate_pblu1_299755_2025-05-10_3552,226.95,Adjusted
2025-04-23 16:56:35,rate_pblu1_299756_2025-05-10_3d9d,226.95,Adjusted
2025-04-23 16:56:35,rate_pblu1_299757_2025-05-10_7734,272.85,Adjusted
2025-04-23 16:56:35,rate_pblu1_299758_2025-05-10_2080,272.85,Adjusted
2025-04-23 16:56:35,rate_pblu1_299759_2025-05-10_5877,226.95,Adjusted
2025-04-23 16:56:35,rate_pblu1_299760_2025-05-10_3cd8,272.85,Adjusted
2025-04-23 16:56:35,rate_pblu1_299754_2025-05-11_b12b,131.75,Adjusted
2025-04-23 16:56:35,rate_pblu1_299755_2025-05-11_a021,131.75,Adjusted
2025-04-23 16:56:35,rate_pblu1_299756_2025-05-11_98fe,131.75,Adjusted
2025-04-23 16:56:35,rate_pblu1_299757_2025-05-11_dee9,153.0,Adjusted
2025-04-23 16:56:35,rate_pblu1_299758_2025-05-11_7f07,153.0,Adjusted
2025-04-23 16:56:35,rate_pblu1_299759_2025-05-11_b293,131.75,Adjusted
2025-04-23 16:56:35,rate_pblu1_299760_2025-05-11_4b00,153.0,Adjusted
2025-04-23 16:57:57,rate_pblu1_299754_2025-05-08_c906,131.75,Adjusted
2025-04-23 16:57:57,rate_pblu1_299755_2025-05-08_5fe8,131.75,Adjusted
2025-04-23 16:57:57,rate_pblu1_299756_2025-05-08_626b,131.75,Adjusted
2025-04-23 16:57:57,rate_pblu1_299757_2025-05-08_fc74,153.0,Adjusted
2025-04-23 16:57:57,rate_pblu1_299758_2025-05-08_a653,153.0,Adjusted
2025-04-23 16:57:57,rate_pblu1_299759_2025-05-08_d557,131.75,Adjusted
2025-04-23 16:57:57,rate_pblu1_299760_2025-05-08_2029,153.0,Adjusted
2025-04-23 16:57:57,rate_pblu1_299754_2025-05-09_a10d,226.95,Adjusted
2025-04-23 16:57:57,rate_pblu1_299755_2025-05-09_f352,226.95,Adjusted
2025-04-23 16:57:57,rate_pblu1_299756_2025-05-09_a056,226.95,Adjusted
2025-04-23 16:57:57,rate_pblu1_299757_2025-05-09_6e78,272.85,Adjusted
2025-04-23 16:57:57,rate_pblu1_299758_2025-05-09_4813,272.85,Adjusted
2025-04-23 16:57:57,rate_pblu1_299759_2025-05-09_eb1b,226.95,Adjusted
2025-04-23 16:57:57,rate_pblu1_299760_2025-05-09_5702,272.85,Adjusted
2025-04-23 16:57:57,rate_pblu1_299754_2025-05-10_8489,226.95,Adjusted
2025-04-23 16:57:57,rate_pblu1_299755_2025-05-10_3552,226.95,Adjusted
2025-04-23 16:57:57,rate_pblu1_299756_2025-05-10_3d9d,226.95,Adjusted
2025-04-23 16:57:57,rate_pblu1_299757_2025-05-10_7734,272.85,Adjusted
2025-04-23 16:57:57,rate_pblu1_299758_2025-05-10_2080,272.85,Adjusted
2025-04-23 16:57:57,rate_pblu1_299759_2025-05-10_5877,226.95,Adjusted
2025-04-23 16:57:57,rate_pblu1_299760_2025-05-10_3cd8,272.85,Adjusted
2025-04-23 16:57:57,rate_pblu1_299754_2025-05-11_b12b,131.75,Adjusted
2025-04-23 16:57:57,rate_pblu1_299755_2025-05-11_a021,131.75,Adjusted
2025-04-23 16:57:57,rate_pblu1_299756_2025-05-11_98fe,131.75,Adjusted
2025-04-23 16:57:57,rate_pblu1_299757_2025-05-11_dee9,153.0,Adjusted
2025-04-23 16:57:57,rate_pblu1_299758_2025-05-11_7f07,153.0,Adjusted
2025-04-23 16:57:57,rate_pblu1_299759_2025-05-11_b293,131.75,Adjusted
2025-04-23 16:57:57,rate_pblu1_299760_2025-05-11_4b00,153.0,Adjusted
2025-04-23 16:57:57,rate_pblu1_299754_2025-05-16_89ea,226.95,Adjusted
2025-04-23 16:57:57,rate_pblu1_299755_2025-05-16_e0d0,226.95,Adjusted
2025-04-23 16:57:57,rate_pblu1_299756_2025-05-16_4dcd,226.95,Adjusted
2025-04-23 16:57:57,rate_pblu1_299757_2025-05-16_3175,272.85,Adjusted
2025-04-23 16:57:57,rate_pblu1_299758_2025-05-16_aba1,272.85,Adjusted
2025-04-23 16:57:57,rate_pblu1_299759_2025-05-16_34c4,226.95,Adjusted
2025-04-23 16:57:57,rate_pblu1_299760_2025-05-16_6195,272.85,Adjusted
2025-04-23 16:57:57,rate_pblu1_299754_2025-05-17_903a,226.95,Adjusted
2025-04-23 16:57:57,rate_pblu1_299755_2025-05-17_34e5,226.95,Adjusted
2025-04-23 16:57:57,rate_pblu1_299756_2025-05-17_0e40,226.95,Adjusted
2025-04-23 16:57:57,rate_pblu1_299757_2025-05-17_2674,272.85,Adjusted
2025-04-23 16:57:57,rate_pblu1_299758_2025-05-17_b006,272.85,Adjusted
2025-04-23 16:57:57,rate_pblu1_299759_2025-05-17_fb38,226.95,Adjusted
2025-04-23 16:57:57,rate_pblu1_299760_2025-05-17_01b7,272.85,Adjusted
2025-04-23 17:13:16,rate_pblu1_299754_2025-06-02_4f51,131.75,Adjusted
2025-04-23 17:13:16,rate_pblu1_299755_2025-06-02_b0fe,131.75,Adjusted
2025-04-23 17:13:16,rate_pblu1_299756_2025-06-02_e076,131.75,Adjusted
2025-04-23 17:13:16,rate_pblu1_299757_2025-06-02_e516,153.0,Adjusted
2025-04-23 17:13:16,rate_pblu1_299758_2025-06-02_02b8,153.0,Adjusted
2025-04-23 17:13:16,rate_pblu1_299759_2025-06-02_46c1,131.75,Adjusted
2025-04-23 17:13:16,rate_pblu1_299760_2025-06-02_0402,153.0,Adjusted
2025-04-23 17:13:16,rate_pblu1_299754_2025-06-03_6b00,131.75,Adjusted
2025-04-23 17:13:16,rate_pblu1_299755_2025-06-03_e3ee,131.75,Adjusted
2025-04-23 17:13:16,rate_pblu1_299756_2025-06-03_f9e2,131.75,Adjusted
2025-04-23 17:13:16,rate_pblu1_299757_2025-06-03_1748,153.0,Adjusted
2025-04-23 17:13:16,rate_pblu1_299758_2025-06-03_d515,153.0,Adjusted
2025-04-23 17:13:16,rate_pblu1_299759_2025-06-03_f183,131.75,Adjusted
2025-04-23 17:13:16,rate_pblu1_299760_2025-06-03_03a5,153.0,Adjusted
2025-04-23 17:13:16,rate_pblu1_299754_2025-06-04_1f15,131.75,Adjusted
2025-04-23 17:13:16,rate_pblu1_299755_2025-06-04_a84b,131.75,Adjusted
2025-04-23 17:13:16,rate_pblu1_299756_2025-06-04_4d36,131.75,Adjusted
2025-04-23 17:13:16,rate_pblu1_299757_2025-06-04_225f,153.0,Adjusted
2025-04-23 17:13:16,rate_pblu1_299758_2025-06-04_c180,153.0,Adjusted
2025-04-23 17:13:16,rate_pblu1_299759_2025-06-04_89e6,131.75,Adjusted
2025-04-23 17:13:16,rate_pblu1_299760_2025-06-04_d341,153.0,Adjusted
2025-04-23 17:13:16,rate_pblu1_299754_2025-06-16_1045,131.75,Adjusted
2025-04-23 17:13:16,rate_pblu1_299755_2025-06-16_b9bf,131.75,Adjusted
2025-04-23 17:13:16,rate_pblu1_299756_2025-06-16_8d1b,131.75,Adjusted
2025-04-23 17:13:16,rate_pblu1_299757_2025-06-16_757a,153.0,Adjusted
2025-04-23 17:13:16,rate_pblu1_299758_2025-06-16_6def,153.0,Adjusted
2025-04-23 17:13:16,rate_pblu1_299759_2025-06-16_b87f,131.75,Adjusted
2025-04-23 17:13:16,rate_pblu1_299760_2025-06-16_e325,153.0,Adjusted
2025-04-23 17:13:16,rate_pblu1_299754_2025-06-17_9c4d,131.75,Adjusted
2025-04-23 17:13:16,rate_pblu1_299755_2025-06-17_b118,131.75,Adjusted
2025-04-23 17:13:16,rate_pblu1_299756_2025-06-17_bce7,131.75,Adjusted
2025-04-23 17:13:16,rate_pblu1_299757_2025-06-17_96ba,153.0,Adjusted
2025-04-23 17:13:16,rate_pblu1_299758_2025-06-17_20bb,153.0,Adjusted
2025-04-23 17:13:16,rate_pblu1_299759_2025-06-17_67c4,131.75,Adjusted
2025-04-23 17:13:16,rate_pblu1_299760_2025-06-17_e5c4,153.0,Adjusted
2025-04-23 17:13:16,rate_pblu1_299754_2025-06-18_9ff4,131.75,Adjusted
2025-04-23 17:13:16,rate_pblu1_299755_2025-06-18_1111,131.75,Adjusted
2025-04-23 17:13:16,rate_pblu1_299756_2025-06-18_488d,131.75,Adjusted
2025-04-23 17:13:16,rate_pblu1_299757_2025-06-18_f824,153.0,Adjusted
2025-04-23 17:13:16,rate_pblu1_299758_2025-06-18_da31,153.0,Adjusted
2025-04-23 17:13:16,rate_pblu1_299759_2025-06-18_6606,131.75,Adjusted
2025-04-23 17:13:16,rate_pblu1_299760_2025-06-18_143b,153.0,Adjusted
2025-04-23 17:13:16,rate_pblu1_299754_2025-06-23_f856,131.75,Adjusted
2025-04-23 17:13:16,rate_pblu1_299755_2025-06-23_75c3,131.75,Adjusted
2025-04-23 17:13:16,rate_pblu1_299756_2025-06-23_c125,131.75,Adjusted
2025-04-23 17:13:16,rate_pblu1_299757_2025-06-23_a31f,153.0,Adjusted
2025-04-23 17:13:16,rate_pblu1_299758_2025-06-23_bd75,153.0,Adjusted
2025-04-23 17:13:16,rate_pblu1_299759_2025-06-23_32cd,131.75,Adjusted
2025-04-23 17:13:16,rate_pblu1_299760_2025-06-23_b4df,153.0,Adjusted
2025-04-23 17:13:16,rate_pblu1_299754_2025-06-24_f9b1,131.75,Adjusted
2025-04-23 17:13:16,rate_pblu1_299755_2025-06-24_8b32,131.75,Adjusted
2025-04-23 17:13:16,rate_pblu1_299756_2025-06-24_6513,131.75,Adjusted
2025-04-23 17:13:16,rate_pblu1_299757_2025-06-24_8b7a,153.0,Adjusted
2025-04-23 17:13:16,rate_pblu1_299758_2025-06-24_8c19,153.0,Adjusted
2025-04-23 17:13:16,rate_pblu1_299759_2025-06-24_0dde,131.75,Adjusted
2025-04-23 17:13:16,rate_pblu1_299760_2025-06-24_4c0d,153.0,Adjusted
2025-04-23 17:13:16,rate_pblu1_299754_2025-06-25_fd4a,131.75,Adjusted
2025-04-23 17:13:16,rate_pblu1_299755_2025-06-25_849b,131.75,Adjusted
2025-04-23 17:13:16,rate_pblu1_299756_2025-06-25_ed05,131.75,Adjusted
2025-04-23 17:13:16,rate_pblu1_299757_2025-06-25_d46f,153.0,Adjusted
2025-04-23 17:13:16,rate_pblu1_299758_2025-06-25_8b5d,153.0,Adjusted
2025-04-23 17:13:16,rate_pblu1_299759_2025-06-25_3d51,131.75,Adjusted
2025-04-23 17:13:16,rate_pblu1_299760_2025-06-25_48b6,153.0,Adjusted
2025-04-23 17:13:38,rate_pblu1_299754_2025-06-02_4f51,131.75,Adjusted
2025-04-23 17:13:38,rate_pblu1_299755_2025-06-02_b0fe,131.75,Adjusted
2025-04-23 17:13:38,rate_pblu1_299756_2025-06-02_e076,131.75,Adjusted
2025-04-23 17:13:38,rate_pblu1_299757_2025-06-02_e516,153.0,Adjusted
2025-04-23 17:13:38,rate_pblu1_299758_2025-06-02_02b8,153.0,Adjusted
2025-04-23 17:13:38,rate_pblu1_299759_2025-06-02_46c1,131.75,Adjusted
2025-04-23 17:13:38,rate_pblu1_299760_2025-06-02_0402,153.0,Adjusted
2025-04-23 17:13:38,rate_pblu1_299754_2025-06-03_6b00,131.75,Adjusted
2025-04-23 17:13:38,rate_pblu1_299755_2025-06-03_e3ee,131.75,Adjusted
2025-04-23 17:13:38,rate_pblu1_299756_2025-06-03_f9e2,131.75,Adjusted
2025-04-23 17:13:38,rate_pblu1_299757_2025-06-03_1748,153.0,Adjusted
2025-04-23 17:13:38,rate_pblu1_299758_2025-06-03_d515,153.0,Adjusted
2025-04-23 17:13:38,rate_pblu1_299759_2025-06-03_f183,131.75,Adjusted
2025-04-23 17:13:38,rate_pblu1_299760_2025-06-03_03a5,153.0,Adjusted
2025-04-23 17:13:38,rate_pblu1_299754_2025-06-04_1f15,131.75,Adjusted
2025-04-23 17:13:38,rate_pblu1_299755_2025-06-04_a84b,131.75,Adjusted
2025-04-23 17:13:38,rate_pblu1_299756_2025-06-04_4d36,131.75,Adjusted
2025-04-23 17:13:38,rate_pblu1_299757_2025-06-04_225f,153.0,Adjusted
2025-04-23 17:13:38,rate_pblu1_299758_2025-06-04_c180,153.0,Adjusted
2025-04-23 17:13:38,rate_pblu1_299759_2025-06-04_89e6,131.75,Adjusted
2025-04-23 17:13:38,rate_pblu1_299760_2025-06-04_d341,153.0,Adjusted
2025-04-23 17:13:38,rate_pblu1_299754_2025-06-16_1045,131.75,Adjusted
2025-04-23 17:13:38,rate_pblu1_299755_2025-06-16_b9bf,131.75,Adjusted
2025-04-23 17:13:38,rate_pblu1_299756_2025-06-16_8d1b,131.75,Adjusted
2025-04-23 17:13:38,rate_pblu1_299757_2025-06-16_757a,153.0,Adjusted
2025-04-23 17:13:38,rate_pblu1_299758_2025-06-16_6def,153.0,Adjusted
2025-04-23 17:13:38,rate_pblu1_299759_2025-06-16_b87f,131.75,Adjusted
2025-04-23 17:13:38,rate_pblu1_299760_2025-06-16_e325,153.0,Adjusted
2025-04-23 17:13:38,rate_pblu1_299754_2025-06-17_9c4d,131.75,Adjusted
2025-04-23 17:13:38,rate_pblu1_299755_2025-06-17_b118,131.75,Adjusted
2025-04-23 17:13:38,rate_pblu1_299756_2025-06-17_bce7,131.75,Adjusted
2025-04-23 17:13:38,rate_pblu1_299757_2025-06-17_96ba,153.0,Adjusted
2025-04-23 17:13:38,rate_pblu1_299758_2025-06-17_20bb,153.0,Adjusted
2025-04-23 17:13:38,rate_pblu1_299759_2025-06-17_67c4,131.75,Adjusted
2025-04-23 17:13:38,rate_pblu1_299760_2025-06-17_e5c4,153.0,Adjusted
2025-04-23 17:13:38,rate_pblu1_299754_2025-06-18_9ff4,131.75,Adjusted
2025-04-23 17:13:38,rate_pblu1_299755_2025-06-18_1111,131.75,Adjusted
2025-04-23 17:13:38,rate_pblu1_299756_2025-06-18_488d,131.75,Adjusted
2025-04-23 17:13:38,rate_pblu1_299757_2025-06-18_f824,153.0,Adjusted
2025-04-23 17:13:38,rate_pblu1_299758_2025-06-18_da31,153.0,Adjusted
2025-04-23 17:13:38,rate_pblu1_299759_2025-06-18_6606,131.75,Adjusted
2025-04-23 17:13:38,rate_pblu1_299760_2025-06-18_143b,153.0,Adjusted
2025-04-23 17:13:38,rate_pblu1_299754_2025-06-23_f856,131.75,Adjusted
2025-04-23 17:13:38,rate_pblu1_299755_2025-06-23_75c3,131.75,Adjusted
2025-04-23 17:13:38,rate_pblu1_299756_2025-06-23_c125,131.75,Adjusted
2025-04-23 17:13:38,rate_pblu1_299757_2025-06-23_a31f,153.0,Adjusted
2025-04-23 17:13:38,rate_pblu1_299758_2025-06-23_bd75,153.0,Adjusted
2025-04-23 17:13:38,rate_pblu1_299759_2025-06-23_32cd,131.75,Adjusted
2025-04-23 17:13:38,rate_pblu1_299760_2025-06-23_b4df,153.0,Adjusted
2025-04-23 17:13:38,rate_pblu1_299754_2025-06-24_f9b1,131.75,Adjusted
2025-04-23 17:13:38,rate_pblu1_299755_2025-06-24_8b32,131.75,Adjusted
2025-04-23 17:13:38,rate_pblu1_299756_2025-06-24_6513,131.75,Adjusted
2025-04-23 17:13:38,rate_pblu1_299757_2025-06-24_8b7a,153.0,Adjusted
2025-04-23 17:13:38,rate_pblu1_299758_2025-06-24_8c19,153.0,Adjusted
2025-04-23 17:13:38,rate_pblu1_299759_2025-06-24_0dde,131.75,Adjusted
2025-04-23 17:13:38,rate_pblu1_299760_2025-06-24_4c0d,153.0,Adjusted
2025-04-23 17:13:38,rate_pblu1_299754_2025-06-25_fd4a,131.75,Adjusted
2025-04-23 17:13:38,rate_pblu1_299755_2025-06-25_849b,131.75,Adjusted
2025-04-23 17:13:38,rate_pblu1_299756_2025-06-25_ed05,131.75,Adjusted
2025-04-23 17:13:38,rate_pblu1_299757_2025-06-25_d46f,153.0,Adjusted
2025-04-23 17:13:38,rate_pblu1_299758_2025-06-25_8b5d,153.0,Adjusted
2025-04-23 17:13:38,rate_pblu1_299759_2025-06-25_3d51,131.75,Adjusted
2025-04-23 17:13:38,rate_pblu1_299760_2025-06-25_48b6,153.0,Adjusted
2025-04-28 08:37:27,rate_fb1_203812___362535_2025-05-09_ad85,,LOS Adjusted
2025-04-28 08:37:27,rate_fb1_203812___364773_2025-05-09_e7af,,LOS Adjusted
2025-04-28 08:37:27,rate_fb1_203812___364779_2025-05-09_9a05,,LOS Adjusted
2025-04-28 08:37:27,rate_fb1_203812___364780_2025-05-09_c5fc,,LOS Adjusted
2025-04-28 08:37:27,rate_fb1_203812___364782_2025-05-09_5b60,,LOS Adjusted
2025-04-28 08:37:27,rate_fb1_203812___490007_2025-05-09_0546,,LOS Adjusted
2025-04-28 08:37:27,rate_fb1_203812___490024_2025-05-09_8f69,,LOS Adjusted
2025-04-28 08:37:27,rate_fb1_203812___634080_2025-05-09_bcaf,,LOS Adjusted
2025-04-28 08:37:27,rate_fb1_203812___362535_2025-05-10_5181,,LOS Adjusted
2025-04-28 08:37:27,rate_fb1_203812___364773_2025-05-10_0724,,LOS Adjusted
2025-04-28 08:37:27,rate_fb1_203812___364778_2025-05-10_c42c,,LOS Adjusted
2025-04-28 08:37:27,rate_fb1_203812___364779_2025-05-10_c409,,LOS Adjusted
2025-04-28 08:37:27,rate_fb1_203812___634080_2025-05-10_4cb0,,LOS Adjusted
2025-04-28 08:37:27,rate_fb1_203812___490024_2025-05-10_0783,,LOS Adjusted
2025-04-28 08:37:27,rate_fb1_203812___490007_2025-05-10_7330,,LOS Adjusted
2025-04-28 08:37:27,rate_fb1_203812___364782_2025-05-10_979e,,LOS Adjusted
2025-04-28 08:37:27,rate_fb1_203812___364780_2025-05-10_d2d5,,LOS Adjusted
2025-04-28 09:05:56,rate_fb1_203812___364776_2025-05-11_f3e0,,LOS Adjusted
2025-04-28 09:05:56,rate_fb1_203812___364781_2025-05-11_06b4,,LOS Adjusted
2025-04-28 09:05:56,rate_fb1_203812___364781_2025-05-12_5b22,,LOS Adjusted
2025-04-28 09:05:56,rate_fb1_203812___364781_2025-05-13_7756,,LOS Adjusted
2025-04-28 09:05:56,rate_fb1_203812___364776_2025-05-14_ee44,,LOS Adjusted
2025-04-28 09:05:56,rate_fb1_203812___364781_2025-05-14_37af,,LOS Adjusted
2025-04-28 09:05:56,rate_fb1_203812___364776_2025-05-15_7926,,LOS Adjusted
2025-04-28 09:05:56,rate_fb1_203812___364781_2025-05-15_b997,,LOS Adjusted
2025-04-28 09:05:56,rate_fb1_203812___364776_2025-05-16_9b3b,,LOS Adjusted
2025-04-28 09:05:56,rate_fb1_203812___364781_2025-05-16_cfdd,,LOS Adjusted
2025-04-29 11:39:03,rate_fb1_203812___362535_2025-05-15_8b90,276.3,Adjusted
2025-04-29 11:39:03,rate_fb1_203812___364773_2025-05-15_87da,433.8,Adjusted
2025-04-29 11:39:03,rate_fb1_203812___364776_2025-05-15_d07e,477.0,Adjusted
2025-04-29 11:39:03,rate_fb1_203812___364779_2025-05-15_e785,443.7,Adjusted
2025-04-29 11:39:03,rate_fb1_203812___364780_2025-05-15_d727,276.3,Adjusted
2025-04-29 11:39:03,rate_fb1_203812___364781_2025-05-15_4752,477.0,Adjusted
2025-04-29 11:39:03,rate_fb1_203812___364782_2025-05-15_aa47,276.3,Adjusted
2025-04-29 11:39:03,rate_fb1_203812___490007_2025-05-15_e2b5,350.1,Adjusted
2025-04-29 11:39:03,rate_fb1_203812___490024_2025-05-15_face,350.1,Adjusted
2025-04-29 11:39:03,rate_fb1_203812___528745_2025-05-15_18de,350.1,Adjusted
2025-04-29 11:39:03,rate_fb1_203812___634080_2025-05-15_271f,443.7,Adjusted
2025-04-29 11:39:03,rate_fb1_203812___362535_2025-05-22_3c38,404.1,Adjusted
2025-04-29 11:39:03,rate_fb1_203812___364773_2025-05-22_cbb2,493.2,Adjusted
2025-04-29 11:39:03,rate_fb1_203812___364776_2025-05-22_891e,493.2,Adjusted
2025-04-29 11:39:03,rate_fb1_203812___364778_2025-05-22_827a,323.1,Adjusted
2025-04-29 11:39:03,rate_fb1_203812___364779_2025-05-22_08dc,404.1,Adjusted
2025-04-29 11:39:03,rate_fb1_203812___364781_2025-05-22_b128,493.2,Adjusted
2025-04-29 11:39:03,rate_fb1_203812___490007_2025-05-22_bc46,284.4,Adjusted
2025-04-29 11:39:03,rate_fb1_203812___490024_2025-05-22_8860,318.6,Adjusted
2025-04-29 11:39:03,rate_fb1_203812___528745_2025-05-22_6d00,318.6,Adjusted
2025-04-29 11:39:03,rate_fb1_203812___634080_2025-05-22_26c8,404.1,Adjusted
2025-04-29 11:53:38,rate_wb1_316005___633306_2025-05-01_f7df,230.4,Adjusted
2025-04-29 11:53:38,rate_wb1_316005___633308_2025-05-01_e761,270.0,Adjusted
2025-04-29 11:53:38,rate_wb1_316005___633312_2025-05-01_5d64,341.4,Adjusted
2025-04-29 11:55:06,rate_wb1_316005___633308_2025-05-04_8473,270.0,Adjusted
2025-04-29 11:55:06,rate_wb1_316005___633312_2025-05-04_c94c,341.4,Adjusted
2025-04-29 11:55:06,rate_wb1_316005___633310_2025-05-04_e7b5,298.2,Adjusted
2025-04-29 11:55:06,rate_wb1_316005___633311_2025-05-04_6dea,298.2,Adjusted
2025-04-29 11:57:17,rate_wb1_316005___633306_2025-05-02_ef3c,411.2,Adjusted
2025-04-29 11:57:17,rate_wb1_316005___633308_2025-05-02_9dd6,457.6,Adjusted
2025-04-29 11:57:17,rate_wb1_316005___633308_2025-05-03_e574,457.6,Adjusted
2025-04-29 11:57:26,rate_wb1_316005___633306_2025-05-02_ef3c,,LOS Adjusted
2025-04-29 11:57:26,rate_wb1_316005___633308_2025-05-02_9dd6,,LOS Adjusted
2025-04-29 11:57:26,rate_wb1_316005___633308_2025-05-03_e574,,LOS Adjusted
2025-04-29 11:57:56,rate_wb1_316005___633306_2025-05-02_ef3c,411.2,Adjusted
2025-04-29 11:57:56,rate_wb1_316005___633308_2025-05-02_9dd6,457.6,Adjusted
2025-04-29 11:57:56,rate_wb1_316005___633308_2025-05-03_e574,457.6,Adjusted
2025-04-29 11:58:59,rate_wb1_316005___633310_2025-05-03_3a84,495.6,Adjusted
2025-04-29 11:58:59,rate_wb1_316005___633311_2025-05-03_b7db,495.6,Adjusted
2025-04-29 11:58:59,rate_wb1_316005___633312_2025-05-02_128b,581.7,Adjusted
2025-04-29 11:58:59,rate_wb1_316005___633312_2025-05-03_92f3,581.7,Adjusted
2025-04-29 12:04:43,rate_wb1_316005___633306_2025-05-08_d509,325.5,Adjusted
2025-04-29 12:04:43,rate_wb1_316005___633310_2025-05-08_e137,347.9,Adjusted
2025-04-29 12:04:43,rate_wb1_316005___633311_2025-05-08_da17,347.9,Adjusted
2025-04-29 12:04:43,rate_wb1_316005___633308_2025-05-08_22c3,375.2,Adjusted
2025-04-29 12:04:43,rate_wb1_316005___633312_2025-05-08_e2f1,398.3,Adjusted
2025-04-29 12:04:43,rate_wb1_316005___633306_2025-05-11_75af,325.5,Adjusted
2025-04-29 12:04:43,rate_wb1_316005___633307_2025-05-11_5a56,325.5,Adjusted
2025-04-29 12:04:43,rate_wb1_316005___633310_2025-05-11_2979,347.9,Adjusted
2025-04-29 12:04:43,rate_wb1_316005___633311_2025-05-11_06a2,347.9,Adjusted
2025-04-29 12:04:43,rate_wb1_316005___633308_2025-05-11_adc7,375.2,Adjusted
2025-04-29 12:04:43,rate_wb1_316005___633312_2025-05-11_c8dc,398.3,Adjusted
2025-04-29 12:05:34,rate_wb1_316005___633306_2025-05-09_2bcb,436.9,Adjusted
2025-04-29 12:05:34,rate_wb1_316005___633310_2025-05-09_e2a4,601.8,Adjusted
2025-04-29 12:05:34,rate_wb1_316005___633311_2025-05-09_1437,601.8,Adjusted
2025-04-29 12:05:34,rate_wb1_316005___633308_2025-05-09_0bf8,486.2,Adjusted
2025-04-29 12:05:34,rate_wb1_316005___633312_2025-05-09_23da,706.35,Adjusted
2025-04-29 12:05:34,rate_wb1_316005___633306_2025-05-10_1183,436.9,Adjusted
2025-04-29 12:05:34,rate_wb1_316005___633307_2025-05-10_dc1f,436.9,Adjusted
2025-04-29 12:05:34,rate_wb1_316005___633310_2025-05-10_0d2b,601.8,Adjusted
2025-04-29 12:05:34,rate_wb1_316005___633311_2025-05-10_30d9,601.8,Adjusted
2025-04-29 12:05:34,rate_wb1_316005___633308_2025-05-10_8f90,486.2,Adjusted
2025-04-29 12:05:34,rate_wb1_316005___633312_2025-05-10_e831,706.35,Adjusted
2025-04-29 12:07:24,rate_wb1_316005___633306_2025-05-22_9aaa,418.5,Adjusted
2025-04-29 12:07:24,rate_wb1_316005___633307_2025-05-22_7fe0,418.5,Adjusted
2025-04-29 12:07:24,rate_wb1_316005___633310_2025-05-22_5d74,447.3,Adjusted
2025-04-29 12:07:24,rate_wb1_316005___633311_2025-05-22_40c6,447.3,Adjusted
2025-04-29 12:07:24,rate_wb1_316005___633308_2025-05-22_d15d,482.4,Adjusted
2025-04-29 12:07:24,rate_wb1_316005___633312_2025-05-22_84ca,512.1,Adjusted
2025-04-29 12:07:24,rate_wb1_316005___633306_2025-05-23_5bfa,555.3,Adjusted
2025-04-29 12:07:24,rate_wb1_316005___633307_2025-05-23_89d9,555.3,Adjusted
2025-04-29 12:07:24,rate_wb1_316005___633310_2025-05-23_34be,637.2,Adjusted
2025-04-29 12:07:24,rate_wb1_316005___633311_2025-05-23_69b7,637.2,Adjusted
2025-04-29 12:07:24,rate_wb1_316005___633308_2025-05-23_75f9,603.0,Adjusted
2025-04-29 12:07:24,rate_wb1_316005___633312_2025-05-23_49f0,747.9,Adjusted
2025-04-29 12:07:24,rate_wb1_316005___633306_2025-05-24_dbde,555.3,Adjusted
2025-04-29 12:07:24,rate_wb1_316005___633307_2025-05-24_7832,555.3,Adjusted
2025-04-29 12:07:24,rate_wb1_316005___633310_2025-05-24_03f8,637.2,Adjusted
2025-04-29 12:07:24,rate_wb1_316005___633311_2025-05-24_c0c2,637.2,Adjusted
2025-04-29 12:07:24,rate_wb1_316005___633308_2025-05-24_5aa2,603.0,Adjusted
2025-04-29 12:07:24,rate_wb1_316005___633312_2025-05-24_80b7,747.9,Adjusted
2025-04-29 12:07:24,rate_wb1_316005___633306_2025-05-25_2f3e,454.5,Adjusted
2025-04-29 12:07:24,rate_wb1_316005___633307_2025-05-25_92e8,454.5,Adjusted
2025-04-29 12:07:24,rate_wb1_316005___633310_2025-05-25_2fe3,550.8,Adjusted
2025-04-29 12:07:24,rate_wb1_316005___633311_2025-05-25_2fa5,550.8,Adjusted
2025-04-29 12:07:24,rate_wb1_316005___633308_2025-05-25_8aff,516.6,Adjusted
2025-04-29 12:07:24,rate_wb1_316005___633312_2025-05-25_7e1f,590.4,Adjusted
2025-04-29 12:07:24,rate_wb1_316005___633306_2025-05-26_f7d2,418.5,Adjusted
2025-04-29 12:07:24,rate_wb1_316005___633307_2025-05-26_ea0f,418.5,Adjusted
2025-04-29 12:07:24,rate_wb1_316005___633310_2025-05-26_d5ca,478.8,Adjusted
2025-04-29 12:07:24,rate_wb1_316005___633311_2025-05-26_06be,478.8,Adjusted
2025-04-29 12:07:24,rate_wb1_316005___633308_2025-05-26_bdcb,482.4,Adjusted
2025-04-29 12:07:24,rate_wb1_316005___633312_2025-05-26_e83f,548.1,Adjusted
2025-04-29 12:08:20,rate_wb1_316005___633306_2025-07-11_a5e4,662.4,Adjusted
2025-04-29 12:08:20,rate_wb1_316005___633307_2025-07-11_616e,662.4,Adjusted
2025-04-29 12:08:20,rate_wb1_316005___633310_2025-07-11_9c34,822.25,Adjusted
2025-04-29 12:08:20,rate_wb1_316005___633311_2025-07-11_f499,822.25,Adjusted
2025-04-29 12:08:20,rate_wb1_316005___633308_2025-07-11_a197,730.25,Adjusted
2025-04-29 12:08:20,rate_wb1_316005___633312_2025-07-11_488f,947.6,Adjusted
2025-04-29 12:08:20,rate_wb1_316005___633306_2025-07-12_d89d,662.4,Adjusted
2025-04-29 12:08:20,rate_wb1_316005___633307_2025-07-12_faf6,662.4,Adjusted
2025-04-29 12:08:20,rate_wb1_316005___633310_2025-07-12_c486,822.25,Adjusted
2025-04-29 12:08:20,rate_wb1_316005___633311_2025-07-12_e7bd,822.25,Adjusted
2025-04-29 12:08:20,rate_wb1_316005___633308_2025-07-12_1b9d,730.25,Adjusted
2025-04-29 12:08:20,rate_wb1_316005___633312_2025-07-12_72b2,947.6,Adjusted
2025-04-29 12:12:47,rate_pblu1_299754_2025-05-02_42d1,,LOS Adjusted
2025-04-29 12:12:47,rate_pblu1_299755_2025-05-02_9319,,LOS Adjusted
2025-04-29 12:12:47,rate_pblu1_299756_2025-05-02_0d5e,,LOS Adjusted
2025-04-29 12:12:47,rate_pblu1_299757_2025-05-02_cd2d,,LOS Adjusted
2025-04-29 12:12:47,rate_pblu1_299758_2025-05-02_e0a6,,LOS Adjusted
2025-04-29 12:12:47,rate_pblu1_299759_2025-05-02_2713,,LOS Adjusted
2025-04-29 12:12:47,rate_pblu1_299760_2025-05-02_85b9,,LOS Adjusted
2025-04-29 12:12:47,rate_pblu1_299754_2025-05-03_43e5,,LOS Adjusted
2025-04-29 12:12:47,rate_pblu1_299755_2025-05-03_d93d,,LOS Adjusted
2025-04-29 12:12:47,rate_pblu1_299756_2025-05-03_1cca,,LOS Adjusted
2025-04-29 12:12:47,rate_pblu1_299757_2025-05-03_68d9,,LOS Adjusted
2025-04-29 12:12:47,rate_pblu1_299758_2025-05-03_47e3,,LOS Adjusted
2025-04-29 12:12:47,rate_pblu1_299759_2025-05-03_b4df,,LOS Adjusted
2025-04-29 12:12:47,rate_pblu1_299760_2025-05-03_503f,,LOS Adjusted
2025-04-29 12:18:57,rate_spm1_278915_2025-05-02_018f,675.75,Adjusted
2025-04-29 12:18:57,rate_spm1_303587_2025-05-02_1533,675.75,Adjusted
2025-04-29 12:18:57,rate_spm1_278915_2025-05-03_33c9,675.75,Adjusted
2025-04-29 12:18:57,rate_spm1_303587_2025-05-03_5d73,675.75,Adjusted
2025-05-13 09:22:52,rate_pblu1_299754_2025-05-16_fbc1,224.1,Adjusted
2025-05-13 09:22:52,rate_pblu1_299755_2025-05-16_44b2,224.1,Adjusted
2025-05-13 09:22:52,rate_pblu1_299756_2025-05-16_c1a9,224.1,Adjusted
2025-05-13 09:22:52,rate_pblu1_299757_2025-05-16_9721,269.1,Adjusted
2025-05-13 09:22:52,rate_pblu1_299754_2025-05-17_a2c1,224.1,Adjusted
2025-05-13 09:22:52,rate_pblu1_299756_2025-05-17_c690,224.1,Adjusted
2025-05-13 09:22:52,rate_pblu1_299757_2025-05-17_582a,269.1,Adjusted
2025-05-13 09:25:32,rate_pblu1_299754_2025-05-18_5537,144.5,Adjusted
2025-05-13 09:25:32,rate_pblu1_299756_2025-05-18_c854,144.5,Adjusted
2025-05-13 09:25:32,rate_pblu1_299757_2025-05-18_275c,158.95,Adjusted
2025-05-13 09:25:32,rate_pblu1_299758_2025-05-18_9406,158.95,Adjusted
2025-05-13 09:25:32,rate_pblu1_299759_2025-05-18_1a74,144.5,Adjusted
2025-05-13 09:25:32,rate_pblu1_299754_2025-05-19_ce59,119.85,Adjusted
2025-05-13 09:25:32,rate_pblu1_299755_2025-05-19_5ef7,119.85,Adjusted
2025-05-13 09:25:32,rate_pblu1_299756_2025-05-19_ec02,119.85,Adjusted
2025-05-13 09:25:32,rate_pblu1_299757_2025-05-19_5c65,142.8,Adjusted
2025-05-13 09:25:32,rate_pblu1_299758_2025-05-19_828a,142.8,Adjusted
2025-05-13 09:25:32,rate_pblu1_299759_2025-05-19_4dc6,119.85,Adjusted
2025-05-13 09:25:32,rate_pblu1_299760_2025-05-19_489b,142.8,Adjusted
2025-05-13 09:25:32,rate_pblu1_299755_2025-05-20_3f50,119.85,Adjusted
2025-05-13 09:25:32,rate_pblu1_299756_2025-05-20_1a9f,119.85,Adjusted
2025-05-13 09:25:32,rate_pblu1_299757_2025-05-20_cc4a,142.8,Adjusted
2025-05-13 09:25:32,rate_pblu1_299758_2025-05-20_892d,142.8,Adjusted
2025-05-13 09:25:32,rate_pblu1_299759_2025-05-20_36f6,119.85,Adjusted
2025-05-13 09:25:32,rate_pblu1_299760_2025-05-20_10f8,142.8,Adjusted
2025-05-13 09:25:32,rate_pblu1_299755_2025-05-21_4b59,119.85,Adjusted
2025-05-13 09:25:32,rate_pblu1_299756_2025-05-21_fb74,119.85,Adjusted
2025-05-13 09:25:32,rate_pblu1_299757_2025-05-21_f98d,142.8,Adjusted
2025-05-13 09:25:32,rate_pblu1_299758_2025-05-21_0f18,142.8,Adjusted
2025-05-13 09:25:32,rate_pblu1_299759_2025-05-21_791b,119.85,Adjusted
2025-05-13 09:25:32,rate_pblu1_299760_2025-05-21_cf5d,142.8,Adjusted
2025-05-13 09:25:32,rate_pblu1_299755_2025-05-22_744b,144.5,Adjusted
2025-05-13 09:25:32,rate_pblu1_299756_2025-05-22_f100,144.5,Adjusted
2025-05-13 09:25:32,rate_pblu1_299757_2025-05-22_e1ee,168.3,Adjusted
2025-05-13 09:25:32,rate_pblu1_299758_2025-05-22_5c69,168.3,Adjusted
2025-05-13 09:25:32,rate_pblu1_299760_2025-05-22_ee9d,168.3,Adjusted
2025-05-13 09:28:30,rate_pblu1_299755_2025-05-23_2b0f,317.7,Adjusted
2025-05-13 09:28:30,rate_pblu1_299756_2025-05-23_a22e,294.3,Adjusted
2025-05-13 09:28:30,rate_pblu1_299757_2025-05-23_81bd,380.7,Adjusted
2025-05-13 09:28:30,rate_pblu1_299758_2025-05-23_d7c4,380.7,Adjusted
2025-05-13 09:28:30,rate_pblu1_299760_2025-05-23_4423,380.7,Adjusted
2025-05-13 09:28:30,rate_pblu1_299755_2025-05-24_4e25,317.7,Adjusted
2025-05-13 09:28:30,rate_pblu1_299758_2025-05-24_97aa,380.7,Adjusted
2025-05-13 09:28:30,rate_pblu1_299760_2025-05-24_576a,380.7,Adjusted
2025-05-13 09:28:30,rate_pblu1_299754_2025-05-25_c7a4,184.5,Adjusted
2025-05-13 09:28:30,rate_pblu1_299755_2025-05-25_0a28,264.6,Adjusted
2025-05-13 09:28:30,rate_pblu1_299758_2025-05-25_b260,307.8,Adjusted
2025-05-13 09:28:30,rate_pblu1_299759_2025-05-25_8c31,184.5,Adjusted
2025-05-13 09:28:30,rate_pblu1_299760_2025-05-25_2a4c,307.8,Adjusted
2025-05-13 09:28:30,rate_pblu1_299754_2025-05-26_da13,153.0,Adjusted
2025-05-13 09:28:30,rate_pblu1_299755_2025-05-26_5850,153.0,Adjusted
2025-05-13 09:28:30,rate_pblu1_299756_2025-05-26_5018,153.0,Adjusted
2025-05-13 09:28:30,rate_pblu1_299757_2025-05-26_39f5,178.2,Adjusted
2025-05-13 09:28:30,rate_pblu1_299758_2025-05-26_99f3,178.2,Adjusted
2025-05-13 09:28:30,rate_pblu1_299759_2025-05-26_ddd2,153.0,Adjusted
2025-05-13 09:28:30,rate_pblu1_299760_2025-05-26_f90f,178.2,Adjusted
2025-05-13 09:28:30,rate_pblu1_299754_2025-05-27_40a0,126.9,Adjusted
2025-05-13 09:28:30,rate_pblu1_299755_2025-05-27_67a3,126.9,Adjusted
2025-05-13 09:28:30,rate_pblu1_299756_2025-05-27_bbaa,126.9,Adjusted
2025-05-13 09:28:30,rate_pblu1_299757_2025-05-27_6ec1,151.2,Adjusted
2025-05-13 09:28:30,rate_pblu1_299758_2025-05-27_1f96,151.2,Adjusted
2025-05-13 09:28:30,rate_pblu1_299759_2025-05-27_07b6,126.9,Adjusted
2025-05-13 09:28:30,rate_pblu1_299760_2025-05-27_a5cf,151.2,Adjusted
2025-05-13 09:28:30,rate_pblu1_299754_2025-05-28_bb87,126.9,Adjusted
2025-05-13 09:28:30,rate_pblu1_299755_2025-05-28_e96d,126.9,Adjusted
2025-05-13 09:28:30,rate_pblu1_299756_2025-05-28_2999,126.9,Adjusted
2025-05-13 09:28:30,rate_pblu1_299757_2025-05-28_d4c4,151.2,Adjusted
2025-05-13 09:28:30,rate_pblu1_299758_2025-05-28_e30b,151.2,Adjusted
2025-05-13 09:28:30,rate_pblu1_299759_2025-05-28_1470,126.9,Adjusted
2025-05-13 09:28:30,rate_pblu1_299760_2025-05-28_0d36,151.2,Adjusted
2025-05-13 09:31:31,rate_pblu1_299754_2025-05-29_d02c,149.6,Adjusted
2025-05-13 09:31:31,rate_pblu1_299755_2025-05-29_67b0,149.6,Adjusted
2025-05-13 09:31:31,rate_pblu1_299756_2025-05-29_7496,149.6,Adjusted
2025-05-13 09:31:31,rate_pblu1_299757_2025-05-29_16be,174.24,Adjusted
2025-05-13 09:31:31,rate_pblu1_299758_2025-05-29_461f,174.24,Adjusted
2025-05-13 09:31:31,rate_pblu1_299759_2025-05-29_2d69,149.6,Adjusted
2025-05-13 09:31:31,rate_pblu1_299760_2025-05-29_bc06,174.24,Adjusted
2025-05-13 09:31:31,rate_pblu1_299754_2025-05-30_9f82,236.72,Adjusted
2025-05-13 09:31:31,rate_pblu1_299755_2025-05-30_724d,236.72,Adjusted
2025-05-13 09:31:31,rate_pblu1_299756_2025-05-30_0595,236.72,Adjusted
2025-05-13 09:31:31,rate_pblu1_299757_2025-05-30_f363,267.52,Adjusted
2025-05-13 09:31:31,rate_pblu1_299758_2025-05-30_0844,267.52,Adjusted
2025-05-13 09:31:31,rate_pblu1_299759_2025-05-30_f277,236.72,Adjusted
2025-05-13 09:31:31,rate_pblu1_299760_2025-05-30_b750,267.52,Adjusted
2025-05-13 09:31:31,rate_pblu1_299754_2025-05-31_14f0,236.72,Adjusted
2025-05-13 09:31:31,rate_pblu1_299755_2025-05-31_a688,236.72,Adjusted
2025-05-13 09:31:31,rate_pblu1_299756_2025-05-31_5c38,236.72,Adjusted
2025-05-13 09:31:31,rate_pblu1_299757_2025-05-31_bcff,267.52,Adjusted
2025-05-13 09:31:31,rate_pblu1_299758_2025-05-31_c338,267.52,Adjusted
2025-05-13 09:31:31,rate_pblu1_299759_2025-05-31_065e,236.72,Adjusted
2025-05-13 09:31:31,rate_pblu1_299760_2025-05-31_64b4,267.52,Adjusted
2025-05-13 09:31:31,rate_pblu1_299754_2025-06-01_c10f,149.6,Adjusted
2025-05-13 09:31:31,rate_pblu1_299755_2025-06-01_f805,149.6,Adjusted
2025-05-13 09:31:31,rate_pblu1_299756_2025-06-01_bdde,149.6,Adjusted
2025-05-13 09:31:31,rate_pblu1_299757_2025-06-01_b35f,174.24,Adjusted
2025-05-13 09:31:31,rate_pblu1_299758_2025-06-01_0013,174.24,Adjusted
2025-05-13 09:31:31,rate_pblu1_299759_2025-06-01_942c,149.6,Adjusted
2025-05-13 09:31:31,rate_pblu1_299760_2025-06-01_2067,174.24,Adjusted
2025-05-13 09:31:31,rate_pblu1_299754_2025-06-02_e5bc,125.84,Adjusted
2025-05-13 09:31:31,rate_pblu1_299755_2025-06-02_6013,125.84,Adjusted
2025-05-13 09:31:31,rate_pblu1_299756_2025-06-02_f80b,125.84,Adjusted
2025-05-13 09:31:31,rate_pblu1_299757_2025-06-02_edbe,147.84,Adjusted
2025-05-13 09:31:31,rate_pblu1_299758_2025-06-02_9d25,147.84,Adjusted
2025-05-13 09:31:31,rate_pblu1_299759_2025-06-02_684d,125.84,Adjusted
2025-05-13 09:31:31,rate_pblu1_299760_2025-06-02_fcf2,147.84,Adjusted
2025-05-13 09:31:31,rate_pblu1_299754_2025-06-03_5c15,125.84,Adjusted
2025-05-13 09:31:31,rate_pblu1_299755_2025-06-03_1277,125.84,Adjusted
2025-05-13 09:31:31,rate_pblu1_299756_2025-06-03_6687,125.84,Adjusted
2025-05-13 09:31:31,rate_pblu1_299757_2025-06-03_549f,147.84,Adjusted
2025-05-13 09:31:31,rate_pblu1_299758_2025-06-03_2828,147.84,Adjusted
2025-05-13 09:31:31,rate_pblu1_299759_2025-06-03_5127,125.84,Adjusted
2025-05-13 09:31:31,rate_pblu1_299760_2025-06-03_9a68,147.84,Adjusted
2025-05-13 09:31:31,rate_pblu1_299754_2025-06-04_2aa6,125.84,Adjusted
2025-05-13 09:31:31,rate_pblu1_299755_2025-06-04_3f21,125.84,Adjusted
2025-05-13 09:31:31,rate_pblu1_299756_2025-06-04_3c39,125.84,Adjusted
2025-05-13 09:31:31,rate_pblu1_299757_2025-06-04_c122,147.84,Adjusted
2025-05-13 09:31:31,rate_pblu1_299758_2025-06-04_1885,147.84,Adjusted
2025-05-13 09:31:31,rate_pblu1_299759_2025-06-04_1296,125.84,Adjusted
2025-05-13 09:31:31,rate_pblu1_299760_2025-06-04_b4d0,147.84,Adjusted
