tier_group,day_group,booking_window,Occupancy Band,occupancy_min_pct,occupancy_max_pct,Urgency Breakdown,Tier after movement scale,Calculated Tier,rate_1,rate_2,rate_3,rate_4,rate_5,rate_6,rate_7
T1-T3,Mon-Wed,>120 Days (W7),0-25,0,25,,,T1,163,173,178,188,188,188,188
T1-T3,Mon-Wed,>120 Days (W7),26-50,26,50,,,T2,175,186,191,202,202,202,202
T1-T3,Mon-Wed,>120 Days (W7),51-75,51,75,,,T6,228,242,248,262,262,262,262
T1-T3,Mon-Wed,>120 Days (W7),76-100,76,100,,,T8,246,261,268,283,283,283,283
T1-T3,Mon-Wed,60-120 Days (W6),0-25,0,25,,,T1,160,170,174,184,184,184,184
T1-T3,Mon-Wed,60-120 Days (W6),26-50,26,50,,,T2,172,182,187,198,198,198,198
T1-T3,Mon-Wed,60-120 Days (W6),51-75,51,75,,,T5,209,221,228,239,239,239,239
T1-T3,Mon-Wed,60-120 Days (W6),76-100,76,100,,,T7,235,249,257,271,271,271,271
T1-T3,Mon-Wed,46-59 Days (W5),0-25,0,25,,,T1,156,166,171,180,180,180,180
T1-T3,Mon-Wed,46-59 Days (W5),26-50,26,50,,,T2,168,178,183,194,194,194,194
T1-T3,Mon-Wed,46-59 Days (W5),51-75,51,75,,,T4,189,201,206,218,218,218,218
T1-T3,Mon-Wed,46-59 Days (W5),76-100,76,100,,,T6,225,239,245,259,259,259,259
T1-T3,Mon-Wed,31-45 Days (W4),0-25,0,25,,,T1,153,163,167,177,177,177,177
T1-T3,Mon-Wed,31-45 Days (W4),26-50,26,50,,,T2,165,175,180,190,190,190,190
T1-T3,Mon-Wed,31-45 Days (W4),51-75,51,75,,,T3,171,182,187,197,197,197,197
T1-T3,Mon-Wed,31-45 Days (W4),76-100,76,100,,,T5,206,218,224,236,236,236,236
T1-T3,Mon-Wed,22-30 Days (W3),0-25,0,25,,,T1,150,159,164,173,173,173,173
T1-T3,Mon-Wed,22-30 Days (W3),26-50,26,50,,,T2,161,171,176,185,185,185,185
T1-T3,Mon-Wed,22-30 Days (W3),51-75,51,75,,,T3,167,178,183,193,193,193,193
T1-T3,Mon-Wed,22-30 Days (W3),76-100,76,100,,,T4,186,198,203,215,215,215,215
T1-T3,Mon-Wed,10-21 Days (W2),0-25,0,25,,,T1,147,156,160,169,169,169,169
T1-T3,Mon-Wed,10-21 Days (W2),26-50,26,50,,,T2,158,167,172,181,181,181,181
T1-T3,Mon-Wed,10-21 Days (W2),51-75,51,75,,,T3,164,174,179,189,189,189,189
T1-T3,Mon-Wed,10-21 Days (W2),76-100,76,100,,,T4,182,194,199,210,210,210,210
T1-T3,Mon-Wed,0-9 Days (W1),0-25,0,25,,,T1,143,152,157,165,165,165,165
T1-T3,Mon-Wed,0-9 Days (W1),26-50,26,50,,,T2,154,164,168,177,177,177,177
T1-T3,Mon-Wed,0-9 Days (W1),51-75,51,75,,,T3,160,170,175,185,185,185,185
T1-T3,Mon-Wed,0-9 Days (W1),76-100,76,100,,,T4,178,190,195,205,205,205,205
T4-T6,Mon-Wed,>120 Days (W7),0-25,0,25,,,T3,170,181,186,196,196,196,196
T4-T6,Mon-Wed,>120 Days (W7),26-50,26,50,,,T4,193,206,211,223,223,223,223
T4-T6,Mon-Wed,>120 Days (W7),51-75,51,75,,,T7,233,247,255,269,269,269,269
T4-T6,Mon-Wed,>120 Days (W7),76-100,76,100,,,T9,252,267,275,289,289,289,289
T4-T6,Mon-Wed,60-120 Days (W6),0-25,0,25,,,T3,167,177,182,192,192,192,192
T4-T6,Mon-Wed,60-120 Days (W6),26-50,26,50,,,T4,189,202,207,218,218,218,218
T4-T6,Mon-Wed,60-120 Days (W6),51-75,51,75,,,T6,223,237,243,257,257,257,257
T4-T6,Mon-Wed,60-120 Days (W6),76-100,76,100,,,T8,241,255,263,277,277,277,277
T4-T6,Mon-Wed,46-59 Days (W5),0-25,0,25,,,T3,163,174,179,188,188,188,188
T4-T6,Mon-Wed,46-59 Days (W5),26-50,26,50,,,T4,185,198,203,214,214,214,214
T4-T6,Mon-Wed,46-59 Days (W5),51-75,51,75,,,T5,204,217,223,234,234,234,234
T4-T6,Mon-Wed,46-59 Days (W5),76-100,76,100,,,T7,230,244,251,265,265,265,265
T4-T6,Mon-Wed,31-45 Days (W4),0-25,0,25,,,T3,160,170,175,184,184,184,184
T4-T6,Mon-Wed,31-45 Days (W4),26-50,26,50,,,T4,182,193,198,209,209,209,209
T4-T6,Mon-Wed,31-45 Days (W4),51-75,51,75,,,T5,200,212,218,229,229,229,229
T4-T6,Mon-Wed,31-45 Days (W4),76-100,76,100,,,T6,220,234,240,253,253,253,253
T4-T6,Mon-Wed,22-30 Days (W3),0-25,0,25,,,T3,156,167,171,180,180,180,180
T4-T6,Mon-Wed,22-30 Days (W3),26-50,26,50,,,T4,178,189,194,205,205,205,205
T4-T6,Mon-Wed,22-30 Days (W3),51-75,51,75,,,T5,196,208,214,224,224,224,224
T4-T6,Mon-Wed,22-30 Days (W3),76-100,76,100,,,T6,216,229,235,248,248,248,248
T4-T6,Mon-Wed,10-21 Days (W2),0-25,0,25,,,T3,153,163,167,176,176,176,176
T4-T6,Mon-Wed,10-21 Days (W2),26-50,26,50,,,T4,174,185,190,200,200,200,200
T4-T6,Mon-Wed,10-21 Days (W2),51-75,51,75,,,T5,192,203,209,220,220,220,220
T4-T6,Mon-Wed,10-21 Days (W2),76-100,76,100,,,T6,211,224,230,243,243,243,243
T4-T6,Mon-Wed,0-9 Days (W1),0-25,0,25,,,T3,150,159,164,172,172,172,172
T4-T6,Mon-Wed,0-9 Days (W1),26-50,26,50,,,T4,170,181,186,196,196,196,196
T4-T6,Mon-Wed,0-9 Days (W1),51-75,51,75,,,T5,187,199,204,215,215,215,215
T4-T6,Mon-Wed,0-9 Days (W1),76-100,76,100,,,T6,206,219,225,237,237,237,237
T7-T9,Mon-Wed,>120 Days (W7),0-25,0,25,,,T5,199,211,217,228,228,228,228
T7-T9,Mon-Wed,>120 Days (W7),26-50,26,50,,,T6,224,237,244,257,257,257,257
T7-T9,Mon-Wed,>120 Days (W7),51-75,51,75,,,T9,245,260,268,281,281,281,281
T7-T9,Mon-Wed,>120 Days (W7),76-100,76,100,,,T11,271,287,295,311,311,311,311
T7-T9,Mon-Wed,60-120 Days (W6),0-25,0,25,,,T5,195,207,213,223,223,223,223
T7-T9,Mon-Wed,60-120 Days (W6),26-50,26,50,,,T6,219,233,239,252,252,252,252
T7-T9,Mon-Wed,60-120 Days (W6),51-75,51,75,,,T8,235,249,256,269,269,269,269
T7-T9,Mon-Wed,60-120 Days (W6),76-100,76,100,,,T10,257,272,279,294,294,294,294
T7-T9,Mon-Wed,46-59 Days (W5),0-25,0,25,,,T5,191,203,208,219,219,219,219
T7-T9,Mon-Wed,46-59 Days (W5),26-50,26,50,,,T6,215,228,234,247,247,247,247
T7-T9,Mon-Wed,46-59 Days (W5),51-75,51,75,,,T7,224,237,244,258,258,258,258
T7-T9,Mon-Wed,46-59 Days (W5),76-100,76,100,,,T9,242,257,264,278,278,278,278
T7-T9,Mon-Wed,31-45 Days (W4),0-25,0,25,,,T5,187,198,204,214,214,214,214
T7-T9,Mon-Wed,31-45 Days (W4),26-50,26,50,,,T6,210,223,229,242,242,242,242
T7-T9,Mon-Wed,31-45 Days (W4),51-75,51,75,,,T7,219,232,239,252,252,252,252
T7-T9,Mon-Wed,31-45 Days (W4),76-100,76,100,,,T8,232,245,252,266,266,266,266
T7-T9,Mon-Wed,22-30 Days (W3),0-25,0,25,,,T5,183,194,200,210,210,210,210
T7-T9,Mon-Wed,22-30 Days (W3),26-50,26,50,,,T6,206,218,224,237,237,237,237
T7-T9,Mon-Wed,22-30 Days (W3),51-75,51,75,,,T7,215,227,234,247,247,247,247
T7-T9,Mon-Wed,22-30 Days (W3),76-100,76,100,,,T8,227,240,247,260,260,260,260
T7-T9,Mon-Wed,10-21 Days (W2),0-25,0,25,,,T5,179,190,195,205,205,205,205
T7-T9,Mon-Wed,10-21 Days (W2),26-50,26,50,,,T6,201,214,219,232,232,232,232
T7-T9,Mon-Wed,10-21 Days (W2),51-75,51,75,,,T7,210,222,229,242,242,242,242
T7-T9,Mon-Wed,10-21 Days (W2),76-100,76,100,,,T8,222,235,242,254,254,254,254
T7-T9,Mon-Wed,0-9 Days (W1),0-25,0,25,,,T5,175,186,191,201,201,201,201
T7-T9,Mon-Wed,0-9 Days (W1),26-50,26,50,,,T6,197,209,214,226,226,226,226
T7-T9,Mon-Wed,0-9 Days (W1),51-75,51,75,,,T7,205,218,224,236,236,236,236
T7-T9,Mon-Wed,0-9 Days (W1),76-100,76,100,,,T8,217,229,236,249,249,249,249
T10-T12,Mon-Wed,>120 Days (W7),0-25,0,25,,,T8,224,237,244,257,257,257,257
T10-T12,Mon-Wed,>120 Days (W7),26-50,26,50,,,T9,240,255,262,276,276,276,276
T10-T12,Mon-Wed,>120 Days (W7),51-75,51,75,,,T11,263,279,287,303,303,303,303
T10-T12,Mon-Wed,>120 Days (W7),76-100,76,100,,,T13,311,330,339,358,358,358,358
T10-T12,Mon-Wed,60-120 Days (W6),0-25,0,25,,,T7,214,226,233,246,246,246,246
T10-T12,Mon-Wed,60-120 Days (W6),26-50,26,50,,,T8,230,244,251,264,264,264,264
T10-T12,Mon-Wed,60-120 Days (W6),51-75,51,75,,,T10,250,264,272,286,286,286,286
T10-T12,Mon-Wed,60-120 Days (W6),76-100,76,100,,,T12,275,291,300,316,316,316,316
T10-T12,Mon-Wed,46-59 Days (W5),0-25,0,25,,,T7,209,222,228,241,241,241,241
T10-T12,Mon-Wed,46-59 Days (W5),26-50,26,50,,,T8,226,239,246,259,259,259,259
T10-T12,Mon-Wed,46-59 Days (W5),51-75,51,75,,,T9,235,250,257,270,270,270,270
T10-T12,Mon-Wed,46-59 Days (W5),76-100,76,100,,,T11,260,276,283,299,299,299,299
T10-T12,Mon-Wed,31-45 Days (W4),0-25,0,25,,,T7,205,217,224,236,236,236,236
T10-T12,Mon-Wed,31-45 Days (W4),26-50,26,50,,,T8,221,234,241,254,254,254,254
T10-T12,Mon-Wed,31-45 Days (W4),51-75,51,75,,,T9,230,244,251,265,265,265,265
T10-T12,Mon-Wed,31-45 Days (W4),76-100,76,100,,,T10,246,261,268,282,282,282,282
T10-T12,Mon-Wed,22-30 Days (W3),0-25,0,25,,,T7,201,213,219,231,231,231,231
T10-T12,Mon-Wed,22-30 Days (W3),26-50,26,50,,,T8,216,229,236,248,248,248,248
T10-T12,Mon-Wed,22-30 Days (W3),51-75,51,75,,,T9,225,239,246,259,259,259,259
T10-T12,Mon-Wed,22-30 Days (W3),76-100,76,100,,,T10,241,255,262,276,276,276,276
T10-T12,Mon-Wed,10-21 Days (W2),0-25,0,25,,,T7,196,208,214,226,226,226,226
T10-T12,Mon-Wed,10-21 Days (W2),26-50,26,50,,,T8,212,224,231,243,243,243,243
T10-T12,Mon-Wed,10-21 Days (W2),51-75,51,75,,,T9,221,234,241,253,253,253,253
T10-T12,Mon-Wed,10-21 Days (W2),76-100,76,100,,,T10,236,249,256,270,270,270,270
T10-T12,Mon-Wed,0-9 Days (W1),0-25,0,25,0-1,,T5,175,186,191,201,201,201,201
T10-T12,Mon-Wed,0-9 Days (W1),0-25,0,25,2-3,,T6,189,201,206,218,218,218,218
T10-T12,Mon-Wed,0-9 Days (W1),0-25,0,25,4-6,,T7,196,207,214,225,225,225,225
T10-T12,Mon-Wed,0-9 Days (W1),0-25,0,25,7-9,,T8,203,215,221,233,233,233,233
T10-T12,Mon-Wed,0-9 Days (W1),26-50,26,50,,,T9,212,225,231,243,243,243,243
T10-T12,Mon-Wed,0-9 Days (W1),51-75,51,75,,,T10,224,237,244,257,257,257,257
T10-T12,Mon-Wed,0-9 Days (W1),76-100,76,100,,,T11,238,253,259,274,274,274,274
T13-T15,Mon-Wed,>120 Days (W7),0-25,0,25,,,T10,238,252,259,273,273,273,273
T13-T15,Mon-Wed,>120 Days (W7),26-50,26,50,,,T11,258,274,281,297,297,297,297
T13-T15,Mon-Wed,>120 Days (W7),51-75,51,75,,,T13,303,321,330,348,348,348,348
T13-T15,Mon-Wed,>120 Days (W7),76-100,76,100,,,T15,373,396,407,429,429,429,429
T13-T15,Mon-Wed,60-120 Days (W6),0-25,0,25,,,T9,224,238,245,258,258,258,258
T13-T15,Mon-Wed,60-120 Days (W6),26-50,26,50,,,T10,245,259,267,281,281,281,281
T13-T15,Mon-Wed,60-120 Days (W6),51-75,51,75,,,T12,267,283,292,307,307,307,307
T13-T15,Mon-Wed,60-120 Days (W6),76-100,76,100,,,T14,335,356,365,386,386,386,386
T13-T15,Mon-Wed,46-59 Days (W5),0-25,0,25,,,T8,215,228,234,247,247,247,247
T13-T15,Mon-Wed,46-59 Days (W5),26-50,26,50,,,T9,231,245,252,265,265,265,265
T13-T15,Mon-Wed,46-59 Days (W5),51-75,51,75,,,T11,253,268,275,291,291,291,291
T13-T15,Mon-Wed,46-59 Days (W5),76-100,76,100,,,T13,299,317,325,343,343,343,343
T13-T15,Mon-Wed,31-45 Days (W4),0-25,0,25,,,T8,211,223,229,242,242,242,242
T13-T15,Mon-Wed,31-45 Days (W4),26-50,26,50,,,T9,226,240,247,260,260,260,260
T13-T15,Mon-Wed,31-45 Days (W4),51-75,51,75,,,T10,239,253,261,275,275,275,275
T13-T15,Mon-Wed,31-45 Days (W4),76-100,76,100,,,T12,264,279,287,303,303,303,303
T13-T15,Mon-Wed,22-30 Days (W3),0-25,0,25,,,T8,206,218,224,236,236,236,236
T13-T15,Mon-Wed,22-30 Days (W3),26-50,26,50,,,T9,221,235,242,254,254,254,254
T13-T15,Mon-Wed,22-30 Days (W3),51-75,51,75,,,T10,234,248,255,269,269,269,269
T13-T15,Mon-Wed,22-30 Days (W3),76-100,76,100,,,T11,249,264,271,286,286,286,286
T13-T15,Mon-Wed,10-21 Days (W2),0-25,0,25,,,T7,196,208,214,226,226,226,226
T13-T15,Mon-Wed,10-21 Days (W2),26-50,26,50,,,T8,212,224,231,243,243,243,243
T13-T15,Mon-Wed,10-21 Days (W2),51-75,51,75,,,T9,221,234,241,253,253,253,253
T13-T15,Mon-Wed,10-21 Days (W2),76-100,76,100,,,T10,236,249,256,270,270,270,270
T13-T15,Mon-Wed,0-9 Days (W1),0-25,0,25,0-1,,T6,187,199,204,216,216,216,216
T13-T15,Mon-Wed,0-9 Days (W1),0-25,0,25,2-3,,T7,194,205,212,223,223,223,223
T13-T15,Mon-Wed,0-9 Days (W1),0-25,0,25,4-6,,T8,201,213,219,231,231,231,231
T13-T15,Mon-Wed,0-9 Days (W1),0-25,0,25,7-9,,T9,208,220,227,238,238,238,238
T13-T15,Mon-Wed,0-9 Days (W1),26-50,26,50,,,T10,220,233,239,252,252,252,252
T13-T15,Mon-Wed,0-9 Days (W1),51-75,51,75,,,T11,232,246,252,266,266,266,266
T13-T15,Mon-Wed,0-9 Days (W1),76-100,76,100,,,T12 ,232,246,252,266,266,266,266
T1-T3,Thu-Sun,>120 Days (W7),0-25,0,25,,,T1,182,193,198,209,182,193,198
T1-T3,Thu-Sun,>120 Days (W7),26-50,26,50,,,T2,200,211,217,229,200,211,217
T1-T3,Thu-Sun,>120 Days (W7),51-75,51,75,,,T6,286,303,311,328,286,303,311
T1-T3,Thu-Sun,>120 Days (W7),76-100,76,100,,,T8,316,336,344,363,316,336,344
T1-T3,Thu-Sun,60-120 Days (W6),0-25,0,25,,,T1,178,189,194,205,178,189,194
T1-T3,Thu-Sun,60-120 Days (W6),26-50,26,50,,,T2,196,207,213,224,196,207,213
T1-T3,Thu-Sun,60-120 Days (W6),51-75,51,75,,,T5,256,272,279,295,256,272,279
T1-T3,Thu-Sun,60-120 Days (W6),76-100,76,100,,,T7,299,317,326,344,299,317,326
T1-T3,Thu-Sun,46-59 Days (W5),0-25,0,25,,,T1,175,185,190,201,175,185,190
T1-T3,Thu-Sun,46-59 Days (W5),26-50,26,50,,,T2,192,203,209,220,192,203,209
T1-T3,Thu-Sun,46-59 Days (W5),51-75,51,75,,,T4,227,241,248,262,227,241,248
T1-T3,Thu-Sun,46-59 Days (W5),76-100,76,100,,,T6,282,299,307,324,282,299,307
T1-T3,Thu-Sun,31-45 Days (W4),0-25,0,25,,,T1,171,181,186,196,171,181,186
T1-T3,Thu-Sun,31-45 Days (W4),26-50,26,50,,,T2,188,198,204,215,188,198,204
T1-T3,Thu-Sun,31-45 Days (W4),51-75,51,75,,,T3,199,211,217,229,199,211,217
T1-T3,Thu-Sun,31-45 Days (W4),76-100,76,100,,,T5,252,268,275,291,252,268,275
T1-T3,Thu-Sun,22-30 Days (W3),0-25,0,25,,,T1,167,178,182,192,167,178,182
T1-T3,Thu-Sun,22-30 Days (W3),26-50,26,50,,,T2,184,194,200,211,184,194,200
T1-T3,Thu-Sun,22-30 Days (W3),51-75,51,75,,,T3,195,207,213,224,195,207,213
T1-T3,Thu-Sun,22-30 Days (W3),76-100,76,100,,,T4,224,238,244,258,224,238,244
T1-T3,Thu-Sun,10-21 Days (W2),0-25,0,25,,,T1,164,174,178,188,164,174,178
T1-T3,Thu-Sun,10-21 Days (W2),26-50,26,50,,,T2,180,190,196,206,180,190,196
T1-T3,Thu-Sun,10-21 Days (W2),51-75,51,75,,,T3,191,202,208,220,191,202,208
T1-T3,Thu-Sun,10-21 Days (W2),76-100,76,100,,,T4,219,233,239,252,219,233,239
T1-T3,Thu-Sun,0-9 Days (W1),0-25,0,25,,,T1,160,170,174,184,160,170,174
T1-T3,Thu-Sun,0-9 Days (W1),26-50,26,50,,,T2,176,186,191,201,176,186,191
T1-T3,Thu-Sun,0-9 Days (W1),51-75,51,75,,,T3,186,198,203,215,186,198,203
T1-T3,Thu-Sun,0-9 Days (W1),76-100,76,100,,,T4,214,227,233,247,214,227,233
T4-T6,Thu-Sun,>120 Days (W7),0-25,0,25,,,T3,198,210,216,228,198,210,216
T4-T6,Thu-Sun,>120 Days (W7),26-50,26,50,,,T4,232,247,253,268,232,247,253
T4-T6,Thu-Sun,>120 Days (W7),51-75,51,75,,,T7,296,315,323,341,296,315,323
T4-T6,Thu-Sun,>120 Days (W7),76-100,76,100,,,T9,327,346,356,376,327,346,356
T4-T6,Thu-Sun,60-120 Days (W6),0-25,0,25,,,T3,194,206,212,223,194,206,212
T4-T6,Thu-Sun,60-120 Days (W6),26-50,26,50,,,T4,227,242,248,262,227,242,248
T4-T6,Thu-Sun,60-120 Days (W6),51-75,51,75,,,T6,280,297,305,322,280,297,305
T4-T6,Thu-Sun,60-120 Days (W6),76-100,76,100,,,T8,309,329,337,356,309,329,337
T4-T6,Thu-Sun,46-59 Days (W5),0-25,0,25,,,T3,190,202,207,219,190,202,207
T4-T6,Thu-Sun,46-59 Days (W5),26-50,26,50,,,T4,223,237,243,257,223,237,243
T4-T6,Thu-Sun,46-59 Days (W5),51-75,51,75,,,T5,251,266,273,289,251,266,273
T4-T6,Thu-Sun,46-59 Days (W5),76-100,76,100,,,T7,293,310,319,337,293,310,319
T4-T6,Thu-Sun,31-45 Days (W4),0-25,0,25,,,T3,186,197,203,214,186,197,203
T4-T6,Thu-Sun,31-45 Days (W4),26-50,26,50,,,T4,218,232,238,252,218,232,238
T4-T6,Thu-Sun,31-45 Days (W4),51-75,51,75,,,T5,245,261,268,283,245,261,268
T4-T6,Thu-Sun,31-45 Days (W4),76-100,76,100,,,T6,276,293,301,317,276,293,301
T4-T6,Thu-Sun,22-30 Days (W3),0-25,0,25,,,T3,182,193,199,210,182,193,199
T4-T6,Thu-Sun,22-30 Days (W3),26-50,26,50,,,T4,213,227,233,246,213,227,233
T4-T6,Thu-Sun,22-30 Days (W3),51-75,51,75,,,T5,240,255,262,277,240,255,262
T4-T6,Thu-Sun,22-30 Days (W3),76-100,76,100,,,T6,270,286,294,311,270,286,294
T4-T6,Thu-Sun,10-21 Days (W2),0-25,0,25,,,T3,178,189,194,205,178,189,194
T4-T6,Thu-Sun,10-21 Days (W2),26-50,26,50,,,T4,209,222,228,241,209,222,228
T4-T6,Thu-Sun,10-21 Days (W2),51-75,51,75,,,T5,235,249,256,271,235,249,256
T4-T6,Thu-Sun,10-21 Days (W2),76-100,76,100,,,T6,264,280,288,304,264,280,288
T4-T6,Thu-Sun,0-9 Days (W1),0-25,0,25,,,T3,174,185,190,201,174,185,190
T4-T6,Thu-Sun,0-9 Days (W1),26-50,26,50,,,T4,204,217,223,236,204,217,223
T4-T6,Thu-Sun,0-9 Days (W1),51-75,51,75,,,T5,230,244,250,265,230,244,250
T4-T6,Thu-Sun,0-9 Days (W1),76-100,76,100,,,T6,258,274,282,297,258,274,282
T7-T9,Thu-Sun,>120 Days (W7),0-25,0,25,,,T5,244,259,266,281,244,259,266
T7-T9,Thu-Sun,>120 Days (W7),26-50,26,50,,,T6,280,297,306,322,280,297,306
T7-T9,Thu-Sun,>120 Days (W7),51-75,51,75,,,T9,318,337,347,366,318,337,347
T7-T9,Thu-Sun,>120 Days (W7),76-100,76,100,,,T11,362,383,394,416,362,383,394
T7-T9,Thu-Sun,60-120 Days (W6),0-25,0,25,,,T5,239,254,261,275,239,254,261
T7-T9,Thu-Sun,60-120 Days (W6),26-50,26,50,,,T6,275,291,299,316,275,291,299
T7-T9,Thu-Sun,60-120 Days (W6),51-75,51,75,,,T8,301,320,328,346,301,320,328
T7-T9,Thu-Sun,60-120 Days (W6),76-100,76,100,,,T10,337,358,368,388,337,358,368
T7-T9,Thu-Sun,46-59 Days (W5),0-25,0,25,,,T5,234,249,255,270,234,249,255
T7-T9,Thu-Sun,46-59 Days (W5),26-50,26,50,,,T6,269,285,293,309,269,285,293
T7-T9,Thu-Sun,46-59 Days (W5),51-75,51,75,,,T7,285,302,310,328,285,302,310
T7-T9,Thu-Sun,46-59 Days (W5),76-100,76,100,,,T9,314,333,342,361,314,333,342
T7-T9,Thu-Sun,31-45 Days (W4),0-25,0,25,,,T5,229,243,250,264,229,243,250
T7-T9,Thu-Sun,31-45 Days (W4),26-50,26,50,,,T6,264,279,287,303,264,279,287
T7-T9,Thu-Sun,31-45 Days (W4),51-75,51,75,,,T7,279,296,304,321,279,296,304
T7-T9,Thu-Sun,31-45 Days (W4),76-100,76,100,,,T8,297,315,324,341,297,315,324
T7-T9,Thu-Sun,22-30 Days (W3),0-25,0,25,,,T5,224,238,245,259,224,238,245
T7-T9,Thu-Sun,22-30 Days (W3),26-50,26,50,,,T6,258,273,281,297,258,273,281
T7-T9,Thu-Sun,22-30 Days (W3),51-75,51,75,,,T7,273,289,297,314,273,289,297
T7-T9,Thu-Sun,22-30 Days (W3),76-100,76,100,,,T8,290,309,317,334,290,309,317
T7-T9,Thu-Sun,10-21 Days (W2),0-25,0,25,,,T5,220,233,239,253,220,233,239
T7-T9,Thu-Sun,10-21 Days (W2),26-50,26,50,,,T6,252,267,275,290,252,267,275
T7-T9,Thu-Sun,10-21 Days (W2),51-75,51,75,,,T7,267,283,291,307,267,283,291
T7-T9,Thu-Sun,10-21 Days (W2),76-100,76,100,,,T8,284,302,310,327,284,302,310
T7-T9,Thu-Sun,0-9 Days (W1),0-25,0,25,,,T5,215,228,234,247,215,228,234
T7-T9,Thu-Sun,0-9 Days (W1),26-50,26,50,,,T6,247,261,269,284,247,261,269
T7-T9,Thu-Sun,0-9 Days (W1),51-75,51,75,,,T7,261,277,284,300,261,277,284
T7-T9,Thu-Sun,0-9 Days (W1),76-100,76,100,,,T8,278,295,303,319,278,295,303
T10-T12,Thu-Sun,>120 Days (W7),0-25,0,25,,,T8,287,305,313,330,287,305,313
T10-T12,Thu-Sun,>120 Days (W7),26-50,26,50,,,T9,312,331,340,359,312,331,340
T10-T12,Thu-Sun,>120 Days (W7),51-75,51,75,,,T11,352,372,383,404,352,372,383
T10-T12,Thu-Sun,>120 Days (W7),76-100,76,100,,,T13,432,459,472,497,432,459,472
T10-T12,Thu-Sun,60-120 Days (W6),0-25,0,25,,,T7,271,288,296,313,271,288,296
T10-T12,Thu-Sun,60-120 Days (W6),26-50,26,50,,,T8,295,314,322,340,295,314,322
T10-T12,Thu-Sun,60-120 Days (W6),51-75,51,75,,,T10,328,348,358,377,328,348,358
T10-T12,Thu-Sun,60-120 Days (W6),76-100,76,100,,,T12,371,393,404,427,371,393,404
T10-T12,Thu-Sun,46-59 Days (W5),0-25,0,25,,,T7,266,282,290,306,266,282,290
T10-T12,Thu-Sun,46-59 Days (W5),26-50,26,50,,,T8,289,307,316,333,289,307,316
T10-T12,Thu-Sun,46-59 Days (W5),51-75,51,75,,,T9,305,324,333,351,305,324,333
T10-T12,Thu-Sun,46-59 Days (W5),76-100,76,100,,,T11,347,367,378,399,347,367,378
T10-T12,Thu-Sun,31-45 Days (W4),0-25,0,25,,,T7,260,276,284,300,260,276,284
T10-T12,Thu-Sun,31-45 Days (W4),26-50,26,50,,,T8,283,301,309,326,283,301,309
T10-T12,Thu-Sun,31-45 Days (W4),51-75,51,75,,,T9,299,317,326,344,299,317,326
T10-T12,Thu-Sun,31-45 Days (W4),76-100,76,100,,,T10,324,343,353,372,324,343,353
T10-T12,Thu-Sun,22-30 Days (W3),0-25,0,25,,,T7,255,270,278,293,255,270,278
T10-T12,Thu-Sun,22-30 Days (W3),26-50,26,50,,,T8,277,295,302,319,277,295,302
T10-T12,Thu-Sun,22-30 Days (W3),51-75,51,75,,,T9,292,310,319,337,292,310,319
T10-T12,Thu-Sun,22-30 Days (W3),76-100,76,100,,,T10,317,336,345,364,317,336,345
T10-T12,Thu-Sun,10-21 Days (W2),0-25,0,25,,,T7,249,265,272,287,249,265,272
T10-T12,Thu-Sun,10-21 Days (W2),26-50,26,50,,,T8,271,288,296,312,271,288,296
T10-T12,Thu-Sun,10-21 Days (W2),51-75,51,75,,,T9,286,303,312,329,286,303,312
T10-T12,Thu-Sun,10-21 Days (W2),76-100,76,100,,,T10,310,329,338,356,310,329,338
T10-T12,Thu-Sun,0-9 Days (W1),0-25,0,25,0-1,,T5,215,228,234,247,215,228,234
T10-T12,Thu-Sun,0-9 Days (W1),0-25,0,25,2-3,,T6,237,252,259,273,237,252,259
T10-T12,Thu-Sun,0-9 Days (W1),0-25,0,25,4-6,,T7,249,264,271,286,249,264,271
T10-T12,Thu-Sun,0-9 Days (W1),0-25,0,25,7-9,,T8,260,276,284,299,260,276,284
T10-T12,Thu-Sun,0-9 Days (W1),26-50,26,50,,,T9,274,291,299,316,274,291,299
T10-T12,Thu-Sun,0-9 Days (W1),51-75,51,75,,,T10,295,313,321,339,295,313,321
T10-T12,Thu-Sun,0-9 Days (W1),76-100,76,100,,,T11,318,337,347,366,318,337,347
T13-T15,Thu-Sun,>120 Days (W7),0-25,0,25,,,T10,313,332,341,360,313,332,341
T13-T15,Thu-Sun,>120 Days (W7),26-50,26,50,,,T11,345,365,376,397,345,365,376
T13-T15,Thu-Sun,>120 Days (W7),51-75,51,75,,,T13,421,446,459,484,421,446,459
T13-T15,Thu-Sun,>120 Days (W7),76-100,76,100,,,T15,541,573,590,622,541,573,590
T13-T15,Thu-Sun,60-120 Days (W6),0-25,0,25,,,T9,291,309,318,335,291,309,318
T13-T15,Thu-Sun,60-120 Days (W6),26-50,26,50,,,T10,322,342,351,370,322,342,351
T13-T15,Thu-Sun,60-120 Days (W6),51-75,51,75,,,T12,361,383,393,415,361,383,393
T13-T15,Thu-Sun,60-120 Days (W6),76-100,76,100,,,T14,476,506,520,549,476,506,520
T13-T15,Thu-Sun,46-59 Days (W5),0-25,0,25,,,T8,276,293,300,317,276,293,300
T13-T15,Thu-Sun,46-59 Days (W5),26-50,26,50,,,T9,299,318,327,345,299,318,327
T13-T15,Thu-Sun,46-59 Days (W5),51-75,51,75,,,T11,338,357,368,388,338,357,368
T13-T15,Thu-Sun,46-59 Days (W5),76-100,76,100,,,T13,415,440,453,477,415,440,453
T13-T15,Thu-Sun,31-45 Days (W4),0-25,0,25,,,T8,270,287,294,310,270,287,294
T13-T15,Thu-Sun,31-45 Days (W4),26-50,26,50,,,T9,293,311,320,338,293,311,320
T13-T15,Thu-Sun,31-45 Days (W4),51-75,51,75,,,T10,315,334,343,362,315,334,343
T13-T15,Thu-Sun,31-45 Days (W4),76-100,76,100,,,T12,356,377,388,409,356,377,388
T13-T15,Thu-Sun,22-30 Days (W3),0-25,0,25,,,T8,264,281,288,304,264,281,288
T13-T15,Thu-Sun,22-30 Days (W3),26-50,26,50,,,T9,287,304,313,330,287,304,313
T13-T15,Thu-Sun,22-30 Days (W3),51-75,51,75,,,T10,308,327,336,354,308,327,336
T13-T15,Thu-Sun,22-30 Days (W3),76-100,76,100,,,T11,333,352,362,383,333,352,362
T13-T15,Thu-Sun,10-21 Days (W2),0-25,0,25,,,T7,249,265,272,287,249,265,272
T13-T15,Thu-Sun,10-21 Days (W2),26-50,26,50,,,T8,271,288,296,312,271,288,296
T13-T15,Thu-Sun,10-21 Days (W2),51-75,51,75,,,T9,286,303,312,329,286,303,312
T13-T15,Thu-Sun,10-21 Days (W2),76-100,76,100,,,T10,310,329,338,356,310,329,338
T13-T15,Thu-Sun,0-9 Days (W1),0-25,0,25,0-1,,T6,235,249,256,270,235,249,256
T13-T15,Thu-Sun,0-9 Days (W1),0-25,0,25,2-3,,T7,246,261,268,284,246,261,268
T13-T15,Thu-Sun,0-9 Days (W1),0-25,0,25,4-6,,T8,258,274,281,296,258,274,281
T13-T15,Thu-Sun,0-9 Days (W1),0-25,0,25,7-9,,T9,269,286,294,310,269,286,294
T13-T15,Thu-Sun,0-9 Days (W1),26-50,26,50,,,T10,289,307,315,333,289,307,315
T13-T15,Thu-Sun,0-9 Days (W1),51-75,51,75,,,T11,310,328,337,356,310,328,337
T13-T15,Thu-Sun,0-9 Days (W1),76-100,76,100,,,T12 ,310,328,337,356,310,328,337
T1-T3,Fri-Sat,>120 Days (W7),0-25,0,25,,,T1,310,328,337,356,310,328,337
T1-T3,Fri-Sat,>120 Days (W7),26-50,26,50,,,T2,310,328,337,356,310,328,337
T1-T3,Fri-Sat,>120 Days (W7),51-75,51,75,,,T6,310,328,337,356,310,328,337
T1-T3,Fri-Sat,>120 Days (W7),76-100,76,100,,,T8,310,328,337,356,310,328,337
T1-T3,Fri-Sat,60-120 Days (W6),0-25,0,25,,,T1,310,328,337,356,310,328,337
T1-T3,Fri-Sat,60-120 Days (W6),26-50,26,50,,,T2,310,328,337,356,310,328,337
T1-T3,Fri-Sat,60-120 Days (W6),51-75,51,75,,,T5,310,328,337,356,310,328,337
T1-T3,Fri-Sat,60-120 Days (W6),76-100,76,100,,,T7,310,328,337,356,310,328,337
T1-T3,Fri-Sat,46-59 Days (W5),0-25,0,25,,,T1,310,328,337,356,310,328,337
T1-T3,Fri-Sat,46-59 Days (W5),26-50,26,50,,,T2,310,328,337,356,310,328,337
T1-T3,Fri-Sat,46-59 Days (W5),51-75,51,75,,,T4,310,328,337,356,310,328,337
T1-T3,Fri-Sat,46-59 Days (W5),76-100,76,100,,,T6,310,328,337,356,310,328,337
T1-T3,Fri-Sat,31-45 Days (W4),0-25,0,25,,,T1,310,328,337,356,310,328,337
T1-T3,Fri-Sat,31-45 Days (W4),26-50,26,50,,,T2,310,328,337,356,310,328,337
T1-T3,Fri-Sat,31-45 Days (W4),51-75,51,75,,,T3,310,328,337,356,310,328,337
T1-T3,Fri-Sat,31-45 Days (W4),76-100,76,100,,,T5,310,328,337,356,310,328,337
T1-T3,Fri-Sat,22-30 Days (W3),0-25,0,25,,,T1,310,328,337,356,310,328,337
T1-T3,Fri-Sat,22-30 Days (W3),26-50,26,50,,,T2,310,328,337,356,310,328,337
T1-T3,Fri-Sat,22-30 Days (W3),51-75,51,75,,,T3,310,328,337,356,310,328,337
T1-T3,Fri-Sat,22-30 Days (W3),76-100,76,100,,,T4,310,328,337,356,310,328,337
T1-T3,Fri-Sat,10-21 Days (W2),0-25,0,25,,,T1,310,328,337,356,310,328,337
T1-T3,Fri-Sat,10-21 Days (W2),26-50,26,50,,,T2,310,328,337,356,310,328,337
T1-T3,Fri-Sat,10-21 Days (W2),51-75,51,75,,,T3,310,328,337,356,310,328,337
T1-T3,Fri-Sat,10-21 Days (W2),76-100,76,100,,,T4,310,328,337,356,310,328,337
T1-T3,Fri-Sat,0-9 Days (W1),0-25,0,25,,,T1,310,328,337,356,310,328,337
T1-T3,Fri-Sat,0-9 Days (W1),26-50,26,50,,,T2,310,328,337,356,310,328,337
T1-T3,Fri-Sat,0-9 Days (W1),51-75,51,75,,,T3,310,328,337,356,310,328,337
T1-T3,Fri-Sat,0-9 Days (W1),76-100,76,100,,,T4,310,328,337,356,310,328,337
T4-T6,Fri-Sat,>120 Days (W7),0-25,0,25,,,T3,310,328,337,356,310,328,337
T4-T6,Fri-Sat,>120 Days (W7),26-50,26,50,,,T4,310,328,337,356,310,328,337
T4-T6,Fri-Sat,>120 Days (W7),51-75,51,75,,,T7,310,328,337,356,310,328,337
T4-T6,Fri-Sat,>120 Days (W7),76-100,76,100,,,T9,310,328,337,356,310,328,337
T4-T6,Fri-Sat,60-120 Days (W6),0-25,0,25,,,T3,310,328,337,356,310,328,337
T4-T6,Fri-Sat,60-120 Days (W6),26-50,26,50,,,T4,310,328,337,356,310,328,337
T4-T6,Fri-Sat,60-120 Days (W6),51-75,51,75,,,T6,310,328,337,356,310,328,337
T4-T6,Fri-Sat,60-120 Days (W6),76-100,76,100,,,T8,310,328,337,356,310,328,337
T4-T6,Fri-Sat,46-59 Days (W5),0-25,0,25,,,T3,310,328,337,356,310,328,337
T4-T6,Fri-Sat,46-59 Days (W5),26-50,26,50,,,T4,310,328,337,356,310,328,337
T4-T6,Fri-Sat,46-59 Days (W5),51-75,51,75,,,T5,310,328,337,356,310,328,337
T4-T6,Fri-Sat,46-59 Days (W5),76-100,76,100,,,T7,310,328,337,356,310,328,337
T4-T6,Fri-Sat,31-45 Days (W4),0-25,0,25,,,T3,310,328,337,356,310,328,337
T4-T6,Fri-Sat,31-45 Days (W4),26-50,26,50,,,T4,310,328,337,356,310,328,337
T4-T6,Fri-Sat,31-45 Days (W4),51-75,51,75,,,T5,310,328,337,356,310,328,337
T4-T6,Fri-Sat,31-45 Days (W4),76-100,76,100,,,T6,310,328,337,356,310,328,337
T4-T6,Fri-Sat,22-30 Days (W3),0-25,0,25,,,T3,310,328,337,356,310,328,337
T4-T6,Fri-Sat,22-30 Days (W3),26-50,26,50,,,T4,310,328,337,356,310,328,337
T4-T6,Fri-Sat,22-30 Days (W3),51-75,51,75,,,T5,310,328,337,356,310,328,337
T4-T6,Fri-Sat,22-30 Days (W3),76-100,76,100,,,T6,310,328,337,356,310,328,337
T4-T6,Fri-Sat,10-21 Days (W2),0-25,0,25,,,T3,310,328,337,356,310,328,337
T4-T6,Fri-Sat,10-21 Days (W2),26-50,26,50,,,T4,310,328,337,356,310,328,337
T4-T6,Fri-Sat,10-21 Days (W2),51-75,51,75,,,T5,310,328,337,356,310,328,337
T4-T6,Fri-Sat,10-21 Days (W2),76-100,76,100,,,T6,310,328,337,356,310,328,337
T4-T6,Fri-Sat,0-9 Days (W1),0-25,0,25,,,T3,310,328,337,356,310,328,337
T4-T6,Fri-Sat,0-9 Days (W1),26-50,26,50,,,T4,310,328,337,356,310,328,337
T4-T6,Fri-Sat,0-9 Days (W1),51-75,51,75,,,T5,310,328,337,356,310,328,337
T4-T6,Fri-Sat,0-9 Days (W1),76-100,76,100,,,T6,310,328,337,356,310,328,337
T7-T9,Fri-Sat,>120 Days (W7),0-25,0,25,,,T5,310,328,337,356,310,328,337
T7-T9,Fri-Sat,>120 Days (W7),26-50,26,50,,,T6,310,328,337,356,310,328,337
T7-T9,Fri-Sat,>120 Days (W7),51-75,51,75,,,T9,310,328,337,356,310,328,337
T7-T9,Fri-Sat,>120 Days (W7),76-100,76,100,,,T11,310,328,337,356,310,328,337
T7-T9,Fri-Sat,60-120 Days (W6),0-25,0,25,,,T5,310,328,337,356,310,328,337
T7-T9,Fri-Sat,60-120 Days (W6),26-50,26,50,,,T6,310,328,337,356,310,328,337
T7-T9,Fri-Sat,60-120 Days (W6),51-75,51,75,,,T8,310,328,337,356,310,328,337
T7-T9,Fri-Sat,60-120 Days (W6),76-100,76,100,,,T10,310,328,337,356,310,328,337
T7-T9,Fri-Sat,46-59 Days (W5),0-25,0,25,,,T5,310,328,337,356,310,328,337
T7-T9,Fri-Sat,46-59 Days (W5),26-50,26,50,,,T6,310,328,337,356,310,328,337
T7-T9,Fri-Sat,46-59 Days (W5),51-75,51,75,,,T7,310,328,337,356,310,328,337
T7-T9,Fri-Sat,46-59 Days (W5),76-100,76,100,,,T9,310,328,337,356,310,328,337
T7-T9,Fri-Sat,31-45 Days (W4),0-25,0,25,,,T5,310,328,337,356,310,328,337
T7-T9,Fri-Sat,31-45 Days (W4),26-50,26,50,,,T6,310,328,337,356,310,328,337
T7-T9,Fri-Sat,31-45 Days (W4),51-75,51,75,,,T7,310,328,337,356,310,328,337
T7-T9,Fri-Sat,31-45 Days (W4),76-100,76,100,,,T8,310,328,337,356,310,328,337
T7-T9,Fri-Sat,22-30 Days (W3),0-25,0,25,,,T5,310,328,337,356,310,328,337
T7-T9,Fri-Sat,22-30 Days (W3),26-50,26,50,,,T6,310,328,337,356,310,328,337
T7-T9,Fri-Sat,22-30 Days (W3),51-75,51,75,,,T7,310,328,337,356,310,328,337
T7-T9,Fri-Sat,22-30 Days (W3),76-100,76,100,,,T8,310,328,337,356,310,328,337
T7-T9,Fri-Sat,10-21 Days (W2),0-25,0,25,,,T5,310,328,337,356,310,328,337
T7-T9,Fri-Sat,10-21 Days (W2),26-50,26,50,,,T6,310,328,337,356,310,328,337
T7-T9,Fri-Sat,10-21 Days (W2),51-75,51,75,,,T7,310,328,337,356,310,328,337
T7-T9,Fri-Sat,10-21 Days (W2),76-100,76,100,,,T8,310,328,337,356,310,328,337
T7-T9,Fri-Sat,0-9 Days (W1),0-25,0,25,,,T5,310,328,337,356,310,328,337
T7-T9,Fri-Sat,0-9 Days (W1),26-50,26,50,,,T6,310,328,337,356,310,328,337
T7-T9,Fri-Sat,0-9 Days (W1),51-75,51,75,,,T7,310,328,337,356,310,328,337
T7-T9,Fri-Sat,0-9 Days (W1),76-100,76,100,,,T8,310,328,337,356,310,328,337
T10-T12,Fri-Sat,>120 Days (W7),0-25,0,25,,,T8,310,328,337,356,310,328,337
T10-T12,Fri-Sat,>120 Days (W7),26-50,26,50,,,T9,310,328,337,356,310,328,337
T10-T12,Fri-Sat,>120 Days (W7),51-75,51,75,,,T11,310,328,337,356,310,328,337
T10-T12,Fri-Sat,>120 Days (W7),76-100,76,100,,,T13,310,328,337,356,310,328,337
T10-T12,Fri-Sat,60-120 Days (W6),0-25,0,25,,,T7,310,328,337,356,310,328,337
T10-T12,Fri-Sat,60-120 Days (W6),26-50,26,50,,,T8,310,328,337,356,310,328,337
T10-T12,Fri-Sat,60-120 Days (W6),51-75,51,75,,,T10,310,328,337,356,310,328,337
T10-T12,Fri-Sat,60-120 Days (W6),76-100,76,100,,,T12,310,328,337,356,310,328,337
T10-T12,Fri-Sat,46-59 Days (W5),0-25,0,25,,,T7,310,328,337,356,310,328,337
T10-T12,Fri-Sat,46-59 Days (W5),26-50,26,50,,,T8,310,328,337,356,310,328,337
T10-T12,Fri-Sat,46-59 Days (W5),51-75,51,75,,,T9,310,328,337,356,310,328,337
T10-T12,Fri-Sat,46-59 Days (W5),76-100,76,100,,,T11,310,328,337,356,310,328,337
T10-T12,Fri-Sat,31-45 Days (W4),0-25,0,25,,,T7,310,328,337,356,310,328,337
T10-T12,Fri-Sat,31-45 Days (W4),26-50,26,50,,,T8,310,328,337,356,310,328,337
T10-T12,Fri-Sat,31-45 Days (W4),51-75,51,75,,,T9,310,328,337,356,310,328,337
T10-T12,Fri-Sat,31-45 Days (W4),76-100,76,100,,,T10,310,328,337,356,310,328,337
T10-T12,Fri-Sat,22-30 Days (W3),0-25,0,25,,,T7,310,328,337,356,310,328,337
T10-T12,Fri-Sat,22-30 Days (W3),26-50,26,50,,,T8,310,328,337,356,310,328,337
T10-T12,Fri-Sat,22-30 Days (W3),51-75,51,75,,,T9,310,328,337,356,310,328,337
T10-T12,Fri-Sat,22-30 Days (W3),76-100,76,100,,,T10,310,328,337,356,310,328,337
T10-T12,Fri-Sat,10-21 Days (W2),0-25,0,25,,,T7,310,328,337,356,310,328,337
T10-T12,Fri-Sat,10-21 Days (W2),26-50,26,50,,,T8,310,328,337,356,310,328,337
T10-T12,Fri-Sat,10-21 Days (W2),51-75,51,75,,,T9,310,328,337,356,310,328,337
T10-T12,Fri-Sat,10-21 Days (W2),76-100,76,100,,,T10,310,328,337,356,310,328,337
T10-T12,Fri-Sat,0-9 Days (W1),0-25,0,25,0-1,,T5,310,328,337,356,310,328,337
T10-T12,Fri-Sat,0-9 Days (W1),0-25,0,25,2-3,,T6,310,328,337,356,310,328,337
T10-T12,Fri-Sat,0-9 Days (W1),0-25,0,25,4-6,,T7,310,328,337,356,310,328,337
T10-T12,Fri-Sat,0-9 Days (W1),0-25,0,25,7-9,,T8,310,328,337,356,310,328,337
T10-T12,Fri-Sat,0-9 Days (W1),26-50,26,50,,,T9,310,328,337,356,310,328,337
T10-T12,Fri-Sat,0-9 Days (W1),51-75,51,75,,,T10,310,328,337,356,310,328,337
T10-T12,Fri-Sat,0-9 Days (W1),76-100,76,100,,,T11,310,328,337,356,310,328,337
T13-T15,Fri-Sat,>120 Days (W7),0-25,0,25,,,T10,310,328,337,356,310,328,337
T13-T15,Fri-Sat,>120 Days (W7),26-50,26,50,,,T11,310,328,337,356,310,328,337
T13-T15,Fri-Sat,>120 Days (W7),51-75,51,75,,,T13,310,328,337,356,310,328,337
T13-T15,Fri-Sat,>120 Days (W7),76-100,76,100,,,T15,310,328,337,356,310,328,337
T13-T15,Fri-Sat,60-120 Days (W6),0-25,0,25,,,T9,310,328,337,356,310,328,337
T13-T15,Fri-Sat,60-120 Days (W6),26-50,26,50,,,T10,310,328,337,356,310,328,337
T13-T15,Fri-Sat,60-120 Days (W6),51-75,51,75,,,T12,310,328,337,356,310,328,337
T13-T15,Fri-Sat,60-120 Days (W6),76-100,76,100,,,T14,310,328,337,356,310,328,337
T13-T15,Fri-Sat,46-59 Days (W5),0-25,0,25,,,T8,310,328,337,356,310,328,337
T13-T15,Fri-Sat,46-59 Days (W5),26-50,26,50,,,T9,310,328,337,356,310,328,337
T13-T15,Fri-Sat,46-59 Days (W5),51-75,51,75,,,T11,310,328,337,356,310,328,337
T13-T15,Fri-Sat,46-59 Days (W5),76-100,76,100,,,T13,310,328,337,356,310,328,337
T13-T15,Fri-Sat,31-45 Days (W4),0-25,0,25,,,T8,310,328,337,356,310,328,337
T13-T15,Fri-Sat,31-45 Days (W4),26-50,26,50,,,T9,310,328,337,356,310,328,337
T13-T15,Fri-Sat,31-45 Days (W4),51-75,51,75,,,T10,310,328,337,356,310,328,337
T13-T15,Fri-Sat,31-45 Days (W4),76-100,76,100,,,T12,310,328,337,356,310,328,337
T13-T15,Fri-Sat,22-30 Days (W3),0-25,0,25,,,T8,310,328,337,356,310,328,337
T13-T15,Fri-Sat,22-30 Days (W3),26-50,26,50,,,T9,310,328,337,356,310,328,337
T13-T15,Fri-Sat,22-30 Days (W3),51-75,51,75,,,T10,310,328,337,356,310,328,337
T13-T15,Fri-Sat,22-30 Days (W3),76-100,76,100,,,T11,310,328,337,356,310,328,337
T13-T15,Fri-Sat,10-21 Days (W2),0-25,0,25,,,T7,310,328,337,356,310,328,337
T13-T15,Fri-Sat,10-21 Days (W2),26-50,26,50,,,T8,310,328,337,356,310,328,337
T13-T15,Fri-Sat,10-21 Days (W2),51-75,51,75,,,T9,310,328,337,356,310,328,337
T13-T15,Fri-Sat,10-21 Days (W2),76-100,76,100,,,T10,310,328,337,356,310,328,337
T13-T15,Fri-Sat,0-9 Days (W1),0-25,0,25,0-1,,T6,310,328,337,356,310,328,337
T13-T15,Fri-Sat,0-9 Days (W1),0-25,0,25,2-3,,T7,310,328,337,356,310,328,337
T13-T15,Fri-Sat,0-9 Days (W1),0-25,0,25,4-6,,T8,310,328,337,356,310,328,337
T13-T15,Fri-Sat,0-9 Days (W1),0-25,0,25,7-9,,T9,310,328,337,356,310,328,337
T13-T15,Fri-Sat,0-9 Days (W1),26-50,26,50,,,T10,310,328,337,356,310,328,337
T13-T15,Fri-Sat,0-9 Days (W1),51-75,51,75,,,T11,310,328,337,356,310,328,337
T13-T15,Fri-Sat,0-9 Days (W1),76-100,76,100,,,T13,310,328,337,356,310,328,337