Listing ID,PMS Name,Date,Units,No. Booked,No. Blocked,blocking_units,Bookable Units,nightly_revenue,Vacant Units
146908,hostaway,2026-02-01T00:00:00.000000,1,0,0,0,1,0.0,1
146908,hostaway,2026-02-02T00:00:00.000000,1,0,0,0,1,0.0,1
146908,hostaway,2026-02-03T00:00:00.000000,1,0,0,0,1,0.0,1
146908,hostaway,2026-02-04T00:00:00.000000,1,1,0,0,1,0.0,0
146908,hostaway,2026-02-05T00:00:00.000000,1,0,0,0,1,0.0,1
146908,hostaway,2026-02-06T00:00:00.000000,1,0,0,0,1,0.0,1
146908,hostaway,2026-02-07T00:00:00.000000,1,1,0,0,1,0.0,0
146908,hostaway,2026-02-08T00:00:00.000000,1,0,0,0,1,0.0,1
146908,hostaway,2026-02-09T00:00:00.000000,1,0,0,0,1,0.0,1
146908,hostaway,2026-02-10T00:00:00.000000,1,0,0,0,1,0.0,1
146908,hostaway,2026-02-11T00:00:00.000000,1,0,0,0,1,0.0,1
146908,hostaway,2026-02-12T00:00:00.000000,1,0,0,0,1,0.0,1
146908,hostaway,2026-02-13T00:00:00.000000,1,0,0,0,1,0.0,1
146908,hostaway,2026-02-14T00:00:00.000000,1,1,0,0,1,0.0,0
146908,hostaway,2026-02-15T00:00:00.000000,1,1,0,0,1,0.0,0
146908,hostaway,2026-02-16T00:00:00.000000,1,1,0,0,1,0.0,0
146908,hostaway,2026-02-17T00:00:00.000000,1,0,0,0,1,0.0,1
146908,hostaway,2026-02-18T00:00:00.000000,1,0,0,0,1,0.0,1
146908,hostaway,2026-02-19T00:00:00.000000,1,0,0,0,1,0.0,1
146908,hostaway,2026-02-20T00:00:00.000000,1,0,0,0,1,0.0,1
146908,hostaway,2026-02-21T00:00:00.000000,1,1,0,0,1,0.0,0
146908,hostaway,2026-02-22T00:00:00.000000,1,1,0,0,1,0.0,0
146908,hostaway,2026-02-23T00:00:00.000000,1,1,0,0,1,0.0,0
146908,hostaway,2026-02-24T00:00:00.000000,1,0,0,0,1,0.0,1
146908,hostaway,2026-02-25T00:00:00.000000,1,0,0,0,1,0.0,1
146908,hostaway,2026-02-26T00:00:00.000000,1,0,0,0,1,0.0,1
146908,hostaway,2026-02-27T00:00:00.000000,1,1,0,0,1,0.0,0
146908,hostaway,2026-02-28T00:00:00.000000,1,1,0,0,1,0.0,0
146908,hostaway,2026-03-01T00:00:00.000000,1,1,0,0,1,0.0,0
146908,hostaway,2026-03-02T00:00:00.000000,1,1,0,0,1,0.0,0
146908,hostaway,2026-03-03T00:00:00.000000,1,0,0,0,1,0.0,1
146908,hostaway,2026-03-04T00:00:00.000000,1,1,0,0,1,0.0,0
146908,hostaway,2026-03-05T00:00:00.000000,1,1,0,0,1,0.0,0
146908,hostaway,2026-03-06T00:00:00.000000,1,1,0,0,1,0.0,0
146908,hostaway,2026-03-07T00:00:00.000000,1,1,0,0,1,0.0,0
146908,hostaway,2026-03-08T00:00:00.000000,1,1,0,0,1,0.0,0
146908,hostaway,2026-03-09T00:00:00.000000,1,1,0,0,1,483.0,0
146908,hostaway,2026-03-10T00:00:00.000000,1,1,0,0,1,483.0,0
146908,hostaway,2026-03-11T00:00:00.000000,1,1,0,0,1,315.0,0
146908,hostaway,2026-03-12T00:00:00.000000,1,0,0,0,1,344.0,1
146908,hostaway,2026-03-13T00:00:00.000000,1,0,0,0,1,414.0,1
146908,hostaway,2026-03-14T00:00:00.000000,1,1,0,0,1,859.0,0
146908,hostaway,2026-03-15T00:00:00.000000,1,1,0,0,1,751.0,0
146908,hostaway,2026-03-16T00:00:00.000000,1,1,0,0,1,360.0,0
146908,hostaway,2026-03-17T00:00:00.000000,1,0,0,0,1,360.0,1
146908,hostaway,2026-03-18T00:00:00.000000,1,1,0,0,1,360.0,0
146908,hostaway,2026-03-19T00:00:00.000000,1,1,0,0,1,395.0,0
146908,hostaway,2026-03-20T00:00:00.000000,1,1,0,0,1,540.0,0
146908,hostaway,2026-03-21T00:00:00.000000,1,1,0,0,1,601.0,0
146908,hostaway,2026-03-22T00:00:00.000000,1,0,0,0,1,410.0,1
146908,hostaway,2026-03-23T00:00:00.000000,1,0,0,0,1,360.0,1
146908,hostaway,2026-03-24T00:00:00.000000,1,1,0,0,1,483.0,0
146908,hostaway,2026-03-25T00:00:00.000000,1,1,0,0,1,483.0,0
146908,hostaway,2026-03-26T00:00:00.000000,1,1,0,0,1,569.0,0
146908,hostaway,2026-03-27T00:00:00.000000,1,1,0,0,1,775.0,0
146908,hostaway,2026-03-28T00:00:00.000000,1,1,0,0,1,601.0,0
146908,hostaway,2026-03-29T00:00:00.000000,1,1,0,0,1,410.0,0
146908,hostaway,2026-03-30T00:00:00.000000,1,1,0,0,1,432.0,0
146908,hostaway,2026-03-31T00:00:00.000000,1,1,0,0,1,432.0,0
146944,hostaway,2026-02-01T00:00:00.000000,1,0,0,0,1,0.0,1
146944,hostaway,2026-02-02T00:00:00.000000,1,0,0,0,1,0.0,1
146944,hostaway,2026-02-03T00:00:00.000000,1,0,0,0,1,0.0,1
146944,hostaway,2026-02-04T00:00:00.000000,1,0,0,0,1,0.0,1
146944,hostaway,2026-02-05T00:00:00.000000,1,0,0,0,1,0.0,1
146944,hostaway,2026-02-06T00:00:00.000000,1,1,0,0,1,0.0,0
146944,hostaway,2026-02-07T00:00:00.000000,1,1,0,0,1,0.0,0
146944,hostaway,2026-02-08T00:00:00.000000,1,0,0,0,1,0.0,1
146944,hostaway,2026-02-09T00:00:00.000000,1,0,0,0,1,0.0,1
146944,hostaway,2026-02-10T00:00:00.000000,1,0,0,0,1,0.0,1
146944,hostaway,2026-02-11T00:00:00.000000,1,0,0,0,1,0.0,1
146944,hostaway,2026-02-12T00:00:00.000000,1,0,0,0,1,0.0,1
146944,hostaway,2026-02-13T00:00:00.000000,1,1,0,0,1,0.0,0
146944,hostaway,2026-02-14T00:00:00.000000,1,1,0,0,1,0.0,0
146944,hostaway,2026-02-15T00:00:00.000000,1,1,0,0,1,0.0,0
146944,hostaway,2026-02-16T00:00:00.000000,1,0,0,0,1,0.0,1
146944,hostaway,2026-02-17T00:00:00.000000,1,1,0,0,1,0.0,0
146944,hostaway,2026-02-18T00:00:00.000000,1,1,0,0,1,0.0,0
146944,hostaway,2026-02-19T00:00:00.000000,1,0,0,0,1,0.0,1
146944,hostaway,2026-02-20T00:00:00.000000,1,1,0,0,1,0.0,0
146944,hostaway,2026-02-21T00:00:00.000000,1,1,0,0,1,0.0,0
146944,hostaway,2026-02-22T00:00:00.000000,1,1,0,0,1,0.0,0
146944,hostaway,2026-02-23T00:00:00.000000,1,0,0,0,1,0.0,1
146944,hostaway,2026-02-24T00:00:00.000000,1,0,0,0,1,0.0,1
146944,hostaway,2026-02-25T00:00:00.000000,1,0,0,0,1,0.0,1
146944,hostaway,2026-02-26T00:00:00.000000,1,0,0,0,1,0.0,1
146944,hostaway,2026-02-27T00:00:00.000000,1,1,0,0,1,0.0,0
146944,hostaway,2026-02-28T00:00:00.000000,1,1,0,0,1,0.0,0
146944,hostaway,2026-03-01T00:00:00.000000,1,0,0,0,1,0.0,1
146944,hostaway,2026-03-02T00:00:00.000000,1,0,0,0,1,0.0,1
146944,hostaway,2026-03-03T00:00:00.000000,1,0,0,0,1,0.0,1
146944,hostaway,2026-03-04T00:00:00.000000,1,1,0,0,1,0.0,0
146944,hostaway,2026-03-05T00:00:00.000000,1,1,0,0,1,0.0,0
146944,hostaway,2026-03-06T00:00:00.000000,1,1,0,0,1,0.0,0
146944,hostaway,2026-03-07T00:00:00.000000,1,1,0,0,1,0.0,0
146944,hostaway,2026-03-08T00:00:00.000000,1,0,0,0,1,0.0,1
146944,hostaway,2026-03-09T00:00:00.000000,1,1,0,0,1,254.0,0
146944,hostaway,2026-03-10T00:00:00.000000,1,1,0,0,1,254.0,0
146944,hostaway,2026-03-11T00:00:00.000000,1,0,0,0,1,254.0,1
146944,hostaway,2026-03-12T00:00:00.000000,1,1,0,0,1,279.0,0
146944,hostaway,2026-03-13T00:00:00.000000,1,1,0,0,1,395.0,0
146944,hostaway,2026-03-14T00:00:00.000000,1,1,0,0,1,445.0,0
146944,hostaway,2026-03-15T00:00:00.000000,1,0,0,0,1,279.0,1
146944,hostaway,2026-03-16T00:00:00.000000,1,0,0,0,1,295.0,1
146944,hostaway,2026-03-17T00:00:00.000000,1,0,0,0,1,295.0,1
146944,hostaway,2026-03-18T00:00:00.000000,1,0,0,0,1,295.0,1
146944,hostaway,2026-03-19T00:00:00.000000,1,0,0,0,1,320.0,1
146944,hostaway,2026-03-20T00:00:00.000000,1,1,0,0,1,774.0,0
146944,hostaway,2026-03-21T00:00:00.000000,1,1,0,0,1,774.0,0
146944,hostaway,2026-03-22T00:00:00.000000,1,0,0,0,1,334.0,1
146944,hostaway,2026-03-23T00:00:00.000000,1,0,0,0,1,295.0,1
146944,hostaway,2026-03-24T00:00:00.000000,1,0,0,0,1,295.0,1
146944,hostaway,2026-03-25T00:00:00.000000,1,0,0,0,1,295.0,1
146944,hostaway,2026-03-26T00:00:00.000000,1,0,0,0,1,334.0,1
146944,hostaway,2026-03-27T00:00:00.000000,1,0,0,0,1,438.0,1
146944,hostaway,2026-03-28T00:00:00.000000,1,1,0,0,1,641.0,0
146944,hostaway,2026-03-29T00:00:00.000000,1,1,0,0,1,576.0,0
146944,hostaway,2026-03-30T00:00:00.000000,1,0,0,0,1,295.0,1
146944,hostaway,2026-03-31T00:00:00.000000,1,0,0,0,1,295.0,1
260001,hostaway,2026-02-01T00:00:00.000000,1,0,0,0,1,0.0,1
260001,hostaway,2026-02-02T00:00:00.000000,1,0,0,0,1,0.0,1
260001,hostaway,2026-02-03T00:00:00.000000,1,0,0,0,1,0.0,1
260001,hostaway,2026-02-04T00:00:00.000000,1,0,0,0,1,0.0,1
260001,hostaway,2026-02-05T00:00:00.000000,1,0,0,0,1,0.0,1
260001,hostaway,2026-02-06T00:00:00.000000,1,1,0,0,1,0.0,0
260001,hostaway,2026-02-07T00:00:00.000000,1,1,0,0,1,0.0,0
260001,hostaway,2026-02-08T00:00:00.000000,1,1,0,0,1,0.0,0
260001,hostaway,2026-02-09T00:00:00.000000,1,0,0,0,1,0.0,1
260001,hostaway,2026-02-10T00:00:00.000000,1,0,0,0,1,0.0,1
260001,hostaway,2026-02-11T00:00:00.000000,1,1,0,0,1,0.0,0
260001,hostaway,2026-02-12T00:00:00.000000,1,1,0,0,1,0.0,0
260001,hostaway,2026-02-13T00:00:00.000000,1,0,0,0,1,0.0,1
260001,hostaway,2026-02-14T00:00:00.000000,1,0,0,0,1,0.0,1
260001,hostaway,2026-02-15T00:00:00.000000,1,0,0,0,1,0.0,1
260001,hostaway,2026-02-16T00:00:00.000000,1,0,0,0,1,0.0,1
260001,hostaway,2026-02-17T00:00:00.000000,1,0,0,0,1,0.0,1
260001,hostaway,2026-02-18T00:00:00.000000,1,0,0,0,1,0.0,1
260001,hostaway,2026-02-19T00:00:00.000000,1,0,0,0,1,0.0,1
260001,hostaway,2026-02-20T00:00:00.000000,1,1,0,0,1,0.0,0
260001,hostaway,2026-02-21T00:00:00.000000,1,1,0,0,1,0.0,0
260001,hostaway,2026-02-22T00:00:00.000000,1,1,0,0,1,0.0,0
260001,hostaway,2026-02-23T00:00:00.000000,1,0,0,0,1,0.0,1
260001,hostaway,2026-02-24T00:00:00.000000,1,1,0,0,1,0.0,0
260001,hostaway,2026-02-25T00:00:00.000000,1,1,0,0,1,0.0,0
260001,hostaway,2026-02-26T00:00:00.000000,1,0,0,0,1,0.0,1
260001,hostaway,2026-02-27T00:00:00.000000,1,1,0,0,1,0.0,0
260001,hostaway,2026-02-28T00:00:00.000000,1,1,0,0,1,0.0,0
260001,hostaway,2026-03-01T00:00:00.000000,1,1,0,0,1,0.0,0
260001,hostaway,2026-03-02T00:00:00.000000,1,1,0,0,1,0.0,0
260001,hostaway,2026-03-03T00:00:00.000000,1,0,0,0,1,0.0,1
260001,hostaway,2026-03-04T00:00:00.000000,1,0,0,0,1,0.0,1
260001,hostaway,2026-03-05T00:00:00.000000,1,0,0,0,1,0.0,1
260001,hostaway,2026-03-06T00:00:00.000000,1,1,0,0,1,0.0,0
260001,hostaway,2026-03-07T00:00:00.000000,1,1,0,0,1,0.0,0
260001,hostaway,2026-03-08T00:00:00.000000,1,1,0,0,1,0.0,0
260001,hostaway,2026-03-09T00:00:00.000000,1,1,0,0,1,456.0,0
260001,hostaway,2026-03-10T00:00:00.000000,1,1,0,0,1,456.0,0
260001,hostaway,2026-03-11T00:00:00.000000,1,0,0,0,1,315.0,1
260001,hostaway,2026-03-12T00:00:00.000000,1,0,0,0,1,344.0,1
260001,hostaway,2026-03-13T00:00:00.000000,1,0,0,0,1,414.0,1
260001,hostaway,2026-03-14T00:00:00.000000,1,0,0,0,1,490.0,1
260001,hostaway,2026-03-15T00:00:00.000000,1,1,0,0,1,564.0,0
260001,hostaway,2026-03-16T00:00:00.000000,1,1,0,0,1,467.0,0
260001,hostaway,2026-03-17T00:00:00.000000,1,1,0,0,1,467.0,0
260001,hostaway,2026-03-18T00:00:00.000000,1,1,0,0,1,360.0,0
260001,hostaway,2026-03-19T00:00:00.000000,1,0,0,0,1,395.0,1
260001,hostaway,2026-03-20T00:00:00.000000,1,1,0,0,1,747.0,0
260001,hostaway,2026-03-21T00:00:00.000000,1,1,0,0,1,642.0,0
260001,hostaway,2026-03-22T00:00:00.000000,1,1,0,0,1,434.0,0
260001,hostaway,2026-03-23T00:00:00.000000,1,1,0,0,1,360.0,0
260001,hostaway,2026-03-24T00:00:00.000000,1,1,0,0,1,360.0,0
260001,hostaway,2026-03-25T00:00:00.000000,1,1,0,0,1,360.0,0
260001,hostaway,2026-03-26T00:00:00.000000,1,0,0,0,1,395.0,1
260001,hostaway,2026-03-27T00:00:00.000000,1,1,0,0,1,618.0,0
260001,hostaway,2026-03-28T00:00:00.000000,1,1,0,0,1,618.0,0
260001,hostaway,2026-03-29T00:00:00.000000,1,1,0,0,1,434.0,0
260001,hostaway,2026-03-30T00:00:00.000000,1,1,0,0,1,360.0,0
260001,hostaway,2026-03-31T00:00:00.000000,1,0,0,0,1,360.0,1
146946,hostaway,2026-02-01T00:00:00.000000,1,0,0,0,1,0.0,1
146946,hostaway,2026-02-02T00:00:00.000000,1,0,0,0,1,0.0,1
146946,hostaway,2026-02-03T00:00:00.000000,1,0,0,0,1,0.0,1
146946,hostaway,2026-02-04T00:00:00.000000,1,0,0,0,1,0.0,1
146946,hostaway,2026-02-05T00:00:00.000000,1,0,0,0,1,0.0,1
146946,hostaway,2026-02-06T00:00:00.000000,1,0,0,0,1,0.0,1
146946,hostaway,2026-02-07T00:00:00.000000,1,0,0,0,1,0.0,1
146946,hostaway,2026-02-08T00:00:00.000000,1,0,0,0,1,0.0,1
146946,hostaway,2026-02-09T00:00:00.000000,1,0,0,0,1,0.0,1
146946,hostaway,2026-02-10T00:00:00.000000,1,0,0,0,1,0.0,1
146946,hostaway,2026-02-11T00:00:00.000000,1,0,0,0,1,0.0,1
146946,hostaway,2026-02-12T00:00:00.000000,1,0,0,0,1,0.0,1
146946,hostaway,2026-02-13T00:00:00.000000,1,1,0,0,1,0.0,0
146946,hostaway,2026-02-14T00:00:00.000000,1,1,0,0,1,0.0,0
146946,hostaway,2026-02-15T00:00:00.000000,1,1,0,0,1,0.0,0
146946,hostaway,2026-02-16T00:00:00.000000,1,1,0,0,1,0.0,0
146946,hostaway,2026-02-17T00:00:00.000000,1,0,0,0,1,0.0,1
146946,hostaway,2026-02-18T00:00:00.000000,1,1,0,0,1,0.0,0
146946,hostaway,2026-02-19T00:00:00.000000,1,1,0,0,1,0.0,0
146946,hostaway,2026-02-20T00:00:00.000000,1,0,0,0,1,0.0,1
146946,hostaway,2026-02-21T00:00:00.000000,1,0,0,0,1,0.0,1
146946,hostaway,2026-02-22T00:00:00.000000,1,0,0,0,1,0.0,1
146946,hostaway,2026-02-23T00:00:00.000000,1,0,0,0,1,0.0,1
146946,hostaway,2026-02-24T00:00:00.000000,1,0,0,0,1,0.0,1
146946,hostaway,2026-02-25T00:00:00.000000,1,1,0,0,1,0.0,0
146946,hostaway,2026-02-26T00:00:00.000000,1,1,0,0,1,0.0,0
146946,hostaway,2026-02-27T00:00:00.000000,1,1,0,0,1,0.0,0
146946,hostaway,2026-02-28T00:00:00.000000,1,1,0,0,1,0.0,0
146946,hostaway,2026-03-01T00:00:00.000000,1,0,0,0,1,0.0,1
146946,hostaway,2026-03-02T00:00:00.000000,1,0,0,0,1,0.0,1
146946,hostaway,2026-03-03T00:00:00.000000,1,0,0,0,1,0.0,1
146946,hostaway,2026-03-04T00:00:00.000000,1,1,0,0,1,0.0,0
146946,hostaway,2026-03-05T00:00:00.000000,1,0,0,0,1,0.0,1
146946,hostaway,2026-03-06T00:00:00.000000,1,1,0,0,1,0.0,0
146946,hostaway,2026-03-07T00:00:00.000000,1,1,0,0,1,0.0,0
146946,hostaway,2026-03-08T00:00:00.000000,1,0,0,0,1,0.0,1
146946,hostaway,2026-03-09T00:00:00.000000,1,1,0,0,1,136.0,0
146946,hostaway,2026-03-10T00:00:00.000000,1,1,0,0,1,136.0,0
146946,hostaway,2026-03-11T00:00:00.000000,1,0,0,0,1,136.0,1
146946,hostaway,2026-03-12T00:00:00.000000,1,0,0,0,1,145.0,1
146946,hostaway,2026-03-13T00:00:00.000000,1,0,0,0,1,203.0,1
146946,hostaway,2026-03-14T00:00:00.000000,1,0,0,0,1,240.0,1
146946,hostaway,2026-03-15T00:00:00.000000,1,1,0,0,1,145.0,0
146946,hostaway,2026-03-16T00:00:00.000000,1,1,0,0,1,158.0,0
146946,hostaway,2026-03-17T00:00:00.000000,1,0,0,0,1,158.0,1
146946,hostaway,2026-03-18T00:00:00.000000,1,0,0,0,1,158.0,1
146946,hostaway,2026-03-19T00:00:00.000000,1,0,0,0,1,180.0,1
146946,hostaway,2026-03-20T00:00:00.000000,1,0,0,0,1,235.0,1
146946,hostaway,2026-03-21T00:00:00.000000,1,0,0,0,1,271.0,1
146946,hostaway,2026-03-22T00:00:00.000000,1,1,0,0,1,180.0,0
146946,hostaway,2026-03-23T00:00:00.000000,1,0,0,0,1,158.0,1
146946,hostaway,2026-03-24T00:00:00.000000,1,0,0,0,1,158.0,1
146946,hostaway,2026-03-25T00:00:00.000000,1,0,0,0,1,158.0,1
146946,hostaway,2026-03-26T00:00:00.000000,1,0,0,0,1,173.0,1
146946,hostaway,2026-03-27T00:00:00.000000,1,1,0,0,1,235.0,0
146946,hostaway,2026-03-28T00:00:00.000000,1,1,0,0,1,271.0,0
146946,hostaway,2026-03-29T00:00:00.000000,1,1,0,0,1,180.0,0
146946,hostaway,2026-03-30T00:00:00.000000,1,0,0,0,1,234.0,1
146946,hostaway,2026-03-31T00:00:00.000000,1,0,0,0,1,234.0,1
345316,hostaway,2026-02-01T00:00:00.000000,1,1,0,0,1,0.0,0
345316,hostaway,2026-02-02T00:00:00.000000,1,1,0,0,1,0.0,0
345316,hostaway,2026-02-03T00:00:00.000000,1,1,0,0,1,0.0,0
345316,hostaway,2026-02-04T00:00:00.000000,1,0,0,0,1,0.0,1
345316,hostaway,2026-02-05T00:00:00.000000,1,0,0,0,1,0.0,1
345316,hostaway,2026-02-06T00:00:00.000000,1,1,0,0,1,0.0,0
345316,hostaway,2026-02-07T00:00:00.000000,1,1,0,0,1,0.0,0
345316,hostaway,2026-02-08T00:00:00.000000,1,0,0,0,1,0.0,1
345316,hostaway,2026-02-09T00:00:00.000000,1,0,0,0,1,0.0,1
345316,hostaway,2026-02-10T00:00:00.000000,1,0,0,0,1,0.0,1
345316,hostaway,2026-02-11T00:00:00.000000,1,0,0,0,1,0.0,1
345316,hostaway,2026-02-12T00:00:00.000000,1,1,0,0,1,0.0,0
345316,hostaway,2026-02-13T00:00:00.000000,1,1,0,0,1,0.0,0
345316,hostaway,2026-02-14T00:00:00.000000,1,1,0,0,1,0.0,0
345316,hostaway,2026-02-15T00:00:00.000000,1,1,0,0,1,0.0,0
345316,hostaway,2026-02-16T00:00:00.000000,1,1,0,0,1,0.0,0
345316,hostaway,2026-02-17T00:00:00.000000,1,0,0,0,1,0.0,1
345316,hostaway,2026-02-18T00:00:00.000000,1,0,0,0,1,0.0,1
345316,hostaway,2026-02-19T00:00:00.000000,1,0,0,0,1,0.0,1
345316,hostaway,2026-02-20T00:00:00.000000,1,1,0,0,1,0.0,0
345316,hostaway,2026-02-21T00:00:00.000000,1,1,0,0,1,0.0,0
345316,hostaway,2026-02-22T00:00:00.000000,1,1,0,0,1,0.0,0
345316,hostaway,2026-02-23T00:00:00.000000,1,1,0,0,1,0.0,0
345316,hostaway,2026-02-24T00:00:00.000000,1,0,0,0,1,0.0,1
345316,hostaway,2026-02-25T00:00:00.000000,1,1,0,0,1,0.0,0
345316,hostaway,2026-02-26T00:00:00.000000,1,1,0,0,1,0.0,0
345316,hostaway,2026-02-27T00:00:00.000000,1,0,0,0,1,0.0,1
345316,hostaway,2026-02-28T00:00:00.000000,1,1,0,0,1,0.0,0
345316,hostaway,2026-03-01T00:00:00.000000,1,1,0,0,1,0.0,0
345316,hostaway,2026-03-02T00:00:00.000000,1,1,0,0,1,0.0,0
345316,hostaway,2026-03-03T00:00:00.000000,1,0,0,0,1,0.0,1
345316,hostaway,2026-03-04T00:00:00.000000,1,0,0,0,1,0.0,1
345316,hostaway,2026-03-05T00:00:00.000000,1,0,0,0,1,0.0,1
345316,hostaway,2026-03-06T00:00:00.000000,1,1,0,0,1,0.0,0
345316,hostaway,2026-03-07T00:00:00.000000,1,1,0,0,1,0.0,0
345316,hostaway,2026-03-08T00:00:00.000000,1,1,0,0,1,0.0,0
345316,hostaway,2026-03-09T00:00:00.000000,1,1,0,0,1,340.0,0
345316,hostaway,2026-03-10T00:00:00.000000,1,1,0,0,1,340.0,0
345316,hostaway,2026-03-11T00:00:00.000000,1,0,0,0,1,340.0,1
345316,hostaway,2026-03-12T00:00:00.000000,1,0,0,0,1,374.0,1
345316,hostaway,2026-03-13T00:00:00.000000,1,1,0,0,1,747.0,0
345316,hostaway,2026-03-14T00:00:00.000000,1,1,0,0,1,747.0,0
345316,hostaway,2026-03-15T00:00:00.000000,1,1,0,0,1,642.0,0
345316,hostaway,2026-03-16T00:00:00.000000,1,1,0,0,1,552.0,0
345316,hostaway,2026-03-17T00:00:00.000000,1,1,0,0,1,552.0,0
345316,hostaway,2026-03-18T00:00:00.000000,1,1,0,0,1,552.0,0
345316,hostaway,2026-03-19T00:00:00.000000,1,1,0,0,1,747.0,0
345316,hostaway,2026-03-20T00:00:00.000000,1,1,0,0,1,747.0,0
345316,hostaway,2026-03-21T00:00:00.000000,1,1,0,0,1,747.0,0
345316,hostaway,2026-03-22T00:00:00.000000,1,1,0,0,1,552.0,0
345316,hostaway,2026-03-23T00:00:00.000000,1,1,0,0,1,395.0,0
345316,hostaway,2026-03-24T00:00:00.000000,1,1,0,0,1,395.0,0
345316,hostaway,2026-03-25T00:00:00.000000,1,0,0,0,1,395.0,1
345316,hostaway,2026-03-26T00:00:00.000000,1,0,0,0,1,434.0,1
345316,hostaway,2026-03-27T00:00:00.000000,1,1,0,0,1,618.0,0
345316,hostaway,2026-03-28T00:00:00.000000,1,1,0,0,1,618.0,0
345316,hostaway,2026-03-29T00:00:00.000000,1,0,0,0,1,447.0,1
345316,hostaway,2026-03-30T00:00:00.000000,1,1,0,0,1,456.0,0
345316,hostaway,2026-03-31T00:00:00.000000,1,1,0,0,1,456.0,0
278502,hostaway,2026-02-01T00:00:00.000000,1,0,0,0,1,0.0,1
278502,hostaway,2026-02-02T00:00:00.000000,1,1,0,0,1,0.0,0
278502,hostaway,2026-02-03T00:00:00.000000,1,1,0,0,1,0.0,0
278502,hostaway,2026-02-04T00:00:00.000000,1,0,0,0,1,0.0,1
278502,hostaway,2026-02-05T00:00:00.000000,1,0,0,0,1,0.0,1
278502,hostaway,2026-02-06T00:00:00.000000,1,1,0,0,1,0.0,0
278502,hostaway,2026-02-07T00:00:00.000000,1,0,0,0,1,0.0,1
278502,hostaway,2026-02-08T00:00:00.000000,1,0,0,0,1,0.0,1
278502,hostaway,2026-02-09T00:00:00.000000,1,0,0,0,1,0.0,1
278502,hostaway,2026-02-10T00:00:00.000000,1,0,0,0,1,0.0,1
278502,hostaway,2026-02-11T00:00:00.000000,1,0,0,0,1,0.0,1
278502,hostaway,2026-02-12T00:00:00.000000,1,0,0,0,1,0.0,1
278502,hostaway,2026-02-13T00:00:00.000000,1,1,0,0,1,0.0,0
278502,hostaway,2026-02-14T00:00:00.000000,1,1,0,0,1,0.0,0
278502,hostaway,2026-02-15T00:00:00.000000,1,1,0,0,1,0.0,0
278502,hostaway,2026-02-16T00:00:00.000000,1,1,0,0,1,0.0,0
278502,hostaway,2026-02-17T00:00:00.000000,1,0,0,0,1,0.0,1
278502,hostaway,2026-02-18T00:00:00.000000,1,0,0,0,1,0.0,1
278502,hostaway,2026-02-19T00:00:00.000000,1,1,0,0,1,0.0,0
278502,hostaway,2026-02-20T00:00:00.000000,1,1,0,0,1,0.0,0
278502,hostaway,2026-02-21T00:00:00.000000,1,1,0,0,1,0.0,0
278502,hostaway,2026-02-22T00:00:00.000000,1,1,0,0,1,0.0,0
278502,hostaway,2026-02-23T00:00:00.000000,1,1,0,0,1,0.0,0
278502,hostaway,2026-02-24T00:00:00.000000,1,0,0,0,1,0.0,1
278502,hostaway,2026-02-25T00:00:00.000000,1,1,0,0,1,0.0,0
278502,hostaway,2026-02-26T00:00:00.000000,1,1,0,0,1,0.0,0
278502,hostaway,2026-02-27T00:00:00.000000,1,1,0,0,1,0.0,0
278502,hostaway,2026-02-28T00:00:00.000000,1,1,0,0,1,0.0,0
278502,hostaway,2026-03-01T00:00:00.000000,1,0,0,0,1,0.0,1
278502,hostaway,2026-03-02T00:00:00.000000,1,0,0,0,1,0.0,1
278502,hostaway,2026-03-03T00:00:00.000000,1,0,0,0,1,0.0,1
278502,hostaway,2026-03-04T00:00:00.000000,1,1,0,0,1,0.0,0
278502,hostaway,2026-03-05T00:00:00.000000,1,1,0,0,1,0.0,0
278502,hostaway,2026-03-06T00:00:00.000000,1,1,0,0,1,0.0,0
278502,hostaway,2026-03-07T00:00:00.000000,1,1,0,0,1,0.0,0
278502,hostaway,2026-03-08T00:00:00.000000,1,1,0,0,1,0.0,0
278502,hostaway,2026-03-09T00:00:00.000000,1,1,0,0,1,225.0,0
278502,hostaway,2026-03-10T00:00:00.000000,1,1,0,0,1,225.0,0
278502,hostaway,2026-03-11T00:00:00.000000,1,1,0,0,1,225.0,0
278502,hostaway,2026-03-12T00:00:00.000000,1,1,0,0,1,424.0,0
278502,hostaway,2026-03-13T00:00:00.000000,1,1,0,0,1,596.0,0
278502,hostaway,2026-03-14T00:00:00.000000,1,1,0,0,1,353.0,0
278502,hostaway,2026-03-15T00:00:00.000000,1,1,0,0,1,250.0,0
278502,hostaway,2026-03-16T00:00:00.000000,1,0,0,0,1,257.0,1
278502,hostaway,2026-03-17T00:00:00.000000,1,0,0,0,1,257.0,1
278502,hostaway,2026-03-18T00:00:00.000000,1,0,0,0,1,257.0,1
278502,hostaway,2026-03-19T00:00:00.000000,1,0,0,0,1,282.0,1
278502,hostaway,2026-03-20T00:00:00.000000,1,1,0,0,1,389.0,0
278502,hostaway,2026-03-21T00:00:00.000000,1,1,0,0,1,436.0,0
278502,hostaway,2026-03-22T00:00:00.000000,1,0,0,0,1,296.0,1
278502,hostaway,2026-03-23T00:00:00.000000,1,0,0,0,1,257.0,1
278502,hostaway,2026-03-24T00:00:00.000000,1,0,0,0,1,257.0,1
278502,hostaway,2026-03-25T00:00:00.000000,1,0,0,0,1,257.0,1
278502,hostaway,2026-03-26T00:00:00.000000,1,0,0,0,1,296.0,1
278502,hostaway,2026-03-27T00:00:00.000000,1,0,0,0,1,389.0,1
278502,hostaway,2026-03-28T00:00:00.000000,1,1,0,0,1,436.0,0
278502,hostaway,2026-03-29T00:00:00.000000,1,1,0,0,1,296.0,0
278502,hostaway,2026-03-30T00:00:00.000000,1,0,0,0,1,257.0,1
278502,hostaway,2026-03-31T00:00:00.000000,1,0,0,0,1,257.0,1
376368,hostaway,2026-02-01T00:00:00.000000,1,0,0,0,1,0.0,1
376368,hostaway,2026-02-02T00:00:00.000000,1,0,0,0,1,0.0,1
376368,hostaway,2026-02-03T00:00:00.000000,1,0,0,0,1,0.0,1
376368,hostaway,2026-02-04T00:00:00.000000,1,0,0,0,1,0.0,1
376368,hostaway,2026-02-05T00:00:00.000000,1,0,0,0,1,0.0,1
376368,hostaway,2026-02-06T00:00:00.000000,1,0,0,0,1,0.0,1
376368,hostaway,2026-02-07T00:00:00.000000,1,0,0,0,1,0.0,1
376368,hostaway,2026-02-08T00:00:00.000000,1,0,0,0,1,0.0,1
376368,hostaway,2026-02-09T00:00:00.000000,1,0,0,0,1,0.0,1
376368,hostaway,2026-02-10T00:00:00.000000,1,0,0,0,1,0.0,1
376368,hostaway,2026-02-11T00:00:00.000000,1,0,0,0,1,0.0,1
376368,hostaway,2026-02-12T00:00:00.000000,1,0,0,0,1,0.0,1
376368,hostaway,2026-02-13T00:00:00.000000,1,1,0,0,1,0.0,0
376368,hostaway,2026-02-14T00:00:00.000000,1,1,0,0,1,0.0,0
376368,hostaway,2026-02-15T00:00:00.000000,1,1,0,0,1,0.0,0
376368,hostaway,2026-02-16T00:00:00.000000,1,0,0,0,1,0.0,1
376368,hostaway,2026-02-17T00:00:00.000000,1,0,0,0,1,0.0,1
376368,hostaway,2026-02-18T00:00:00.000000,1,0,0,0,1,0.0,1
376368,hostaway,2026-02-19T00:00:00.000000,1,0,0,0,1,0.0,1
376368,hostaway,2026-02-20T00:00:00.000000,1,1,0,0,1,0.0,0
376368,hostaway,2026-02-21T00:00:00.000000,1,1,0,0,1,0.0,0
376368,hostaway,2026-02-22T00:00:00.000000,1,0,0,0,1,0.0,1
376368,hostaway,2026-02-23T00:00:00.000000,1,1,0,0,1,0.0,0
376368,hostaway,2026-02-24T00:00:00.000000,1,1,0,0,1,0.0,0
376368,hostaway,2026-02-25T00:00:00.000000,1,1,0,0,1,0.0,0
376368,hostaway,2026-02-26T00:00:00.000000,1,1,0,0,1,0.0,0
376368,hostaway,2026-02-27T00:00:00.000000,1,1,0,0,1,0.0,0
376368,hostaway,2026-02-28T00:00:00.000000,1,1,0,0,1,0.0,0
376368,hostaway,2026-03-01T00:00:00.000000,1,0,0,0,1,0.0,1
376368,hostaway,2026-03-02T00:00:00.000000,1,0,0,0,1,0.0,1
376368,hostaway,2026-03-03T00:00:00.000000,1,0,0,0,1,0.0,1
376368,hostaway,2026-03-04T00:00:00.000000,1,1,0,0,1,0.0,0
376368,hostaway,2026-03-05T00:00:00.000000,1,1,0,0,1,0.0,0
376368,hostaway,2026-03-06T00:00:00.000000,1,1,0,0,1,0.0,0
376368,hostaway,2026-03-07T00:00:00.000000,1,1,0,0,1,0.0,0
376368,hostaway,2026-03-08T00:00:00.000000,1,0,0,0,1,0.0,1
376368,hostaway,2026-03-09T00:00:00.000000,1,1,0,0,1,190.0,0
376368,hostaway,2026-03-10T00:00:00.000000,1,1,0,0,1,190.0,0
376368,hostaway,2026-03-11T00:00:00.000000,1,0,0,0,1,190.0,1
376368,hostaway,2026-03-12T00:00:00.000000,1,0,0,0,1,212.0,1
376368,hostaway,2026-03-13T00:00:00.000000,1,0,0,0,1,258.0,1
376368,hostaway,2026-03-14T00:00:00.000000,1,0,0,0,1,304.0,1
376368,hostaway,2026-03-15T00:00:00.000000,1,1,0,0,1,212.0,0
376368,hostaway,2026-03-16T00:00:00.000000,1,0,0,0,1,227.0,1
376368,hostaway,2026-03-17T00:00:00.000000,1,0,0,0,1,227.0,1
376368,hostaway,2026-03-18T00:00:00.000000,1,0,0,0,1,227.0,1
376368,hostaway,2026-03-19T00:00:00.000000,1,0,0,0,1,256.0,1
376368,hostaway,2026-03-20T00:00:00.000000,1,0,0,0,1,339.0,1
376368,hostaway,2026-03-21T00:00:00.000000,1,0,0,0,1,380.0,1
376368,hostaway,2026-03-22T00:00:00.000000,1,1,0,0,1,342.0,0
376368,hostaway,2026-03-23T00:00:00.000000,1,1,0,0,1,279.0,0
376368,hostaway,2026-03-24T00:00:00.000000,1,0,0,0,1,227.0,1
376368,hostaway,2026-03-25T00:00:00.000000,1,0,0,0,1,227.0,1
376368,hostaway,2026-03-26T00:00:00.000000,1,0,0,0,1,256.0,1
376368,hostaway,2026-03-27T00:00:00.000000,1,0,0,0,1,339.0,1
376368,hostaway,2026-03-28T00:00:00.000000,1,1,0,0,1,465.0,0
376368,hostaway,2026-03-29T00:00:00.000000,1,1,0,0,1,339.0,0
376368,hostaway,2026-03-30T00:00:00.000000,1,1,0,0,1,227.0,0
376368,hostaway,2026-03-31T00:00:00.000000,1,1,0,0,1,227.0,0
366176,hostaway,2026-02-01T00:00:00.000000,1,0,0,0,1,0.0,1
366176,hostaway,2026-02-02T00:00:00.000000,1,0,0,0,1,0.0,1
366176,hostaway,2026-02-03T00:00:00.000000,1,0,0,0,1,0.0,1
366176,hostaway,2026-02-04T00:00:00.000000,1,0,0,0,1,0.0,1
366176,hostaway,2026-02-05T00:00:00.000000,1,0,0,0,1,0.0,1
366176,hostaway,2026-02-06T00:00:00.000000,1,0,0,0,1,0.0,1
366176,hostaway,2026-02-07T00:00:00.000000,1,1,0,0,1,0.0,0
366176,hostaway,2026-02-08T00:00:00.000000,1,1,0,0,1,0.0,0
366176,hostaway,2026-02-09T00:00:00.000000,1,0,0,0,1,0.0,1
366176,hostaway,2026-02-10T00:00:00.000000,1,0,0,0,1,0.0,1
366176,hostaway,2026-02-11T00:00:00.000000,1,0,0,0,1,0.0,1
366176,hostaway,2026-02-12T00:00:00.000000,1,0,0,0,1,0.0,1
366176,hostaway,2026-02-13T00:00:00.000000,1,1,0,0,1,0.0,0
366176,hostaway,2026-02-14T00:00:00.000000,1,1,0,0,1,0.0,0
366176,hostaway,2026-02-15T00:00:00.000000,1,0,0,0,1,0.0,1
366176,hostaway,2026-02-16T00:00:00.000000,1,1,0,0,1,0.0,0
366176,hostaway,2026-02-17T00:00:00.000000,1,0,0,0,1,0.0,1
366176,hostaway,2026-02-18T00:00:00.000000,1,0,0,0,1,0.0,1
366176,hostaway,2026-02-19T00:00:00.000000,1,0,0,0,1,0.0,1
366176,hostaway,2026-02-20T00:00:00.000000,1,1,0,0,1,0.0,0
366176,hostaway,2026-02-21T00:00:00.000000,1,1,0,0,1,0.0,0
366176,hostaway,2026-02-22T00:00:00.000000,1,1,0,0,1,0.0,0
366176,hostaway,2026-02-23T00:00:00.000000,1,0,0,0,1,0.0,1
366176,hostaway,2026-02-24T00:00:00.000000,1,0,0,0,1,0.0,1
366176,hostaway,2026-02-25T00:00:00.000000,1,1,0,0,1,0.0,0
366176,hostaway,2026-02-26T00:00:00.000000,1,0,0,0,1,0.0,1
366176,hostaway,2026-02-27T00:00:00.000000,1,0,0,0,1,0.0,1
366176,hostaway,2026-02-28T00:00:00.000000,1,0,0,0,1,0.0,1
366176,hostaway,2026-03-01T00:00:00.000000,1,0,0,0,1,0.0,1
366176,hostaway,2026-03-02T00:00:00.000000,1,0,0,0,1,0.0,1
366176,hostaway,2026-03-03T00:00:00.000000,1,0,0,0,1,0.0,1
366176,hostaway,2026-03-04T00:00:00.000000,1,1,0,0,1,0.0,0
366176,hostaway,2026-03-05T00:00:00.000000,1,1,0,0,1,0.0,0
366176,hostaway,2026-03-06T00:00:00.000000,1,1,0,0,1,0.0,0
366176,hostaway,2026-03-07T00:00:00.000000,1,1,0,0,1,0.0,0
366176,hostaway,2026-03-08T00:00:00.000000,1,1,0,0,1,0.0,0
366176,hostaway,2026-03-09T00:00:00.000000,1,1,0,0,1,279.0,0
366176,hostaway,2026-03-10T00:00:00.000000,1,1,0,0,1,279.0,0
366176,hostaway,2026-03-11T00:00:00.000000,1,0,0,0,1,279.0,1
366176,hostaway,2026-03-12T00:00:00.000000,1,1,0,0,1,315.0,0
366176,hostaway,2026-03-13T00:00:00.000000,1,0,0,0,1,374.0,1
366176,hostaway,2026-03-14T00:00:00.000000,1,0,0,0,1,445.0,1
366176,hostaway,2026-03-15T00:00:00.000000,1,1,0,0,1,597.0,0
366176,hostaway,2026-03-16T00:00:00.000000,1,1,0,0,1,351.0,0
366176,hostaway,2026-03-17T00:00:00.000000,1,0,0,0,1,327.0,1
366176,hostaway,2026-03-18T00:00:00.000000,1,0,0,0,1,327.0,1
366176,hostaway,2026-03-19T00:00:00.000000,1,1,0,0,1,636.0,0
366176,hostaway,2026-03-20T00:00:00.000000,1,1,0,0,1,636.0,0
366176,hostaway,2026-03-21T00:00:00.000000,1,1,0,0,1,636.0,0
366176,hostaway,2026-03-22T00:00:00.000000,1,0,0,0,1,372.0,1
366176,hostaway,2026-03-23T00:00:00.000000,1,0,0,0,1,327.0,1
366176,hostaway,2026-03-24T00:00:00.000000,1,0,0,0,1,327.0,1
366176,hostaway,2026-03-25T00:00:00.000000,1,1,0,0,1,344.0,0
366176,hostaway,2026-03-26T00:00:00.000000,1,1,0,0,1,422.0,0
366176,hostaway,2026-03-27T00:00:00.000000,1,1,0,0,1,606.0,0
366176,hostaway,2026-03-28T00:00:00.000000,1,1,0,0,1,606.0,0
366176,hostaway,2026-03-29T00:00:00.000000,1,0,0,0,1,372.0,1
366176,hostaway,2026-03-30T00:00:00.000000,1,1,0,0,1,327.0,0
366176,hostaway,2026-03-31T00:00:00.000000,1,1,0,0,1,327.0,0
383097,hostaway,2026-02-01T00:00:00.000000,1,0,0,0,1,0.0,1
383097,hostaway,2026-02-02T00:00:00.000000,1,0,0,0,1,0.0,1
383097,hostaway,2026-02-03T00:00:00.000000,1,0,0,0,1,0.0,1
383097,hostaway,2026-02-04T00:00:00.000000,1,0,0,0,1,0.0,1
383097,hostaway,2026-02-05T00:00:00.000000,1,0,0,0,1,0.0,1
383097,hostaway,2026-02-06T00:00:00.000000,1,0,0,0,1,0.0,1
383097,hostaway,2026-02-07T00:00:00.000000,1,0,0,0,1,0.0,1
383097,hostaway,2026-02-08T00:00:00.000000,1,0,0,0,1,0.0,1
383097,hostaway,2026-02-09T00:00:00.000000,1,0,0,0,1,0.0,1
383097,hostaway,2026-02-10T00:00:00.000000,1,0,0,0,1,0.0,1
383097,hostaway,2026-02-11T00:00:00.000000,1,0,0,0,1,0.0,1
383097,hostaway,2026-02-12T00:00:00.000000,1,0,0,0,1,0.0,1
383097,hostaway,2026-02-13T00:00:00.000000,1,1,0,0,1,0.0,0
383097,hostaway,2026-02-14T00:00:00.000000,1,1,0,0,1,0.0,0
383097,hostaway,2026-02-15T00:00:00.000000,1,1,0,0,1,0.0,0
383097,hostaway,2026-02-16T00:00:00.000000,1,0,0,0,1,0.0,1
383097,hostaway,2026-02-17T00:00:00.000000,1,0,0,0,1,0.0,1
383097,hostaway,2026-02-18T00:00:00.000000,1,0,0,0,1,0.0,1
383097,hostaway,2026-02-19T00:00:00.000000,1,0,0,0,1,0.0,1
383097,hostaway,2026-02-20T00:00:00.000000,1,0,0,0,1,0.0,1
383097,hostaway,2026-02-21T00:00:00.000000,1,0,0,0,1,0.0,1
383097,hostaway,2026-02-22T00:00:00.000000,1,1,0,0,1,0.0,0
383097,hostaway,2026-02-23T00:00:00.000000,1,0,0,0,1,0.0,1
383097,hostaway,2026-02-24T00:00:00.000000,1,0,0,0,1,0.0,1
383097,hostaway,2026-02-25T00:00:00.000000,1,0,0,0,1,0.0,1
383097,hostaway,2026-02-26T00:00:00.000000,1,0,0,0,1,0.0,1
383097,hostaway,2026-02-27T00:00:00.000000,1,0,0,0,1,0.0,1
383097,hostaway,2026-02-28T00:00:00.000000,1,0,0,0,1,0.0,1
383097,hostaway,2026-03-01T00:00:00.000000,1,0,0,0,1,0.0,1
383097,hostaway,2026-03-02T00:00:00.000000,1,0,0,0,1,0.0,1
383097,hostaway,2026-03-03T00:00:00.000000,1,0,0,0,1,0.0,1
383097,hostaway,2026-03-04T00:00:00.000000,1,1,0,0,1,0.0,0
383097,hostaway,2026-03-05T00:00:00.000000,1,1,0,0,1,0.0,0
383097,hostaway,2026-03-06T00:00:00.000000,1,0,0,0,1,0.0,1
383097,hostaway,2026-03-07T00:00:00.000000,1,1,0,0,1,0.0,0
383097,hostaway,2026-03-08T00:00:00.000000,1,1,0,0,1,0.0,0
383097,hostaway,2026-03-09T00:00:00.000000,1,1,0,0,1,309.0,0
383097,hostaway,2026-03-10T00:00:00.000000,1,1,0,0,1,309.0,0
383097,hostaway,2026-03-11T00:00:00.000000,1,1,0,0,1,225.0,0
383097,hostaway,2026-03-12T00:00:00.000000,1,1,0,0,1,250.0,0
383097,hostaway,2026-03-13T00:00:00.000000,1,1,0,0,1,317.0,0
383097,hostaway,2026-03-14T00:00:00.000000,1,1,0,0,1,353.0,0
383097,hostaway,2026-03-15T00:00:00.000000,1,0,0,0,1,250.0,1
383097,hostaway,2026-03-16T00:00:00.000000,1,0,0,0,1,257.0,1
383097,hostaway,2026-03-17T00:00:00.000000,1,0,0,0,1,257.0,1
383097,hostaway,2026-03-18T00:00:00.000000,1,0,0,0,1,257.0,1
383097,hostaway,2026-03-19T00:00:00.000000,1,0,0,0,1,296.0,1
383097,hostaway,2026-03-20T00:00:00.000000,1,0,0,0,1,389.0,1
383097,hostaway,2026-03-21T00:00:00.000000,1,0,0,0,1,436.0,1
383097,hostaway,2026-03-22T00:00:00.000000,1,1,0,0,1,296.0,0
383097,hostaway,2026-03-23T00:00:00.000000,1,1,0,0,1,257.0,0
383097,hostaway,2026-03-24T00:00:00.000000,1,1,0,0,1,257.0,0
383097,hostaway,2026-03-25T00:00:00.000000,1,0,0,0,1,257.0,1
383097,hostaway,2026-03-26T00:00:00.000000,1,0,0,0,1,282.0,1
383097,hostaway,2026-03-27T00:00:00.000000,1,1,0,0,1,389.0,0
383097,hostaway,2026-03-28T00:00:00.000000,1,1,0,0,1,499.0,0
383097,hostaway,2026-03-29T00:00:00.000000,1,0,0,0,1,308.0,1
383097,hostaway,2026-03-30T00:00:00.000000,1,0,0,0,1,257.0,1
383097,hostaway,2026-03-31T00:00:00.000000,1,0,0,0,1,257.0,1
404358,hostaway,2026-02-01T00:00:00.000000,1,0,0,0,1,0.0,1
404358,hostaway,2026-02-02T00:00:00.000000,1,0,0,0,1,0.0,1
404358,hostaway,2026-02-03T00:00:00.000000,1,0,0,0,1,0.0,1
404358,hostaway,2026-02-04T00:00:00.000000,1,0,0,0,1,0.0,1
404358,hostaway,2026-02-05T00:00:00.000000,1,0,0,0,1,0.0,1
404358,hostaway,2026-02-06T00:00:00.000000,1,0,0,0,1,0.0,1
404358,hostaway,2026-02-07T00:00:00.000000,1,0,0,0,1,0.0,1
404358,hostaway,2026-02-08T00:00:00.000000,1,0,0,0,1,0.0,1
404358,hostaway,2026-02-09T00:00:00.000000,1,0,0,0,1,0.0,1
404358,hostaway,2026-02-10T00:00:00.000000,1,0,0,0,1,0.0,1
404358,hostaway,2026-02-11T00:00:00.000000,1,0,0,0,1,0.0,1
404358,hostaway,2026-02-12T00:00:00.000000,1,0,0,0,1,0.0,1
404358,hostaway,2026-02-13T00:00:00.000000,1,0,0,0,1,0.0,1
404358,hostaway,2026-02-14T00:00:00.000000,1,0,0,0,1,0.0,1
404358,hostaway,2026-02-15T00:00:00.000000,1,0,0,0,1,0.0,1
404358,hostaway,2026-02-16T00:00:00.000000,1,1,0,0,1,0.0,0
404358,hostaway,2026-02-17T00:00:00.000000,1,1,0,0,1,0.0,0
404358,hostaway,2026-02-18T00:00:00.000000,1,0,0,0,1,0.0,1
404358,hostaway,2026-02-19T00:00:00.000000,1,0,0,0,1,0.0,1
404358,hostaway,2026-02-20T00:00:00.000000,1,0,0,0,1,0.0,1
404358,hostaway,2026-02-21T00:00:00.000000,1,0,0,0,1,0.0,1
404358,hostaway,2026-02-22T00:00:00.000000,1,0,0,0,1,0.0,1
404358,hostaway,2026-02-23T00:00:00.000000,1,0,0,0,1,0.0,1
404358,hostaway,2026-02-24T00:00:00.000000,1,0,0,0,1,0.0,1
404358,hostaway,2026-02-25T00:00:00.000000,1,0,0,0,1,0.0,1
404358,hostaway,2026-02-26T00:00:00.000000,1,0,0,0,1,0.0,1
404358,hostaway,2026-02-27T00:00:00.000000,1,1,0,0,1,0.0,0
404358,hostaway,2026-02-28T00:00:00.000000,1,1,0,0,1,0.0,0
404358,hostaway,2026-03-01T00:00:00.000000,1,1,0,0,1,0.0,0
404358,hostaway,2026-03-02T00:00:00.000000,1,1,0,0,1,0.0,0
404358,hostaway,2026-03-03T00:00:00.000000,1,0,0,0,1,0.0,1
404358,hostaway,2026-03-04T00:00:00.000000,1,0,0,0,1,0.0,1
404358,hostaway,2026-03-05T00:00:00.000000,1,0,0,0,1,0.0,1
404358,hostaway,2026-03-06T00:00:00.000000,1,1,0,0,1,0.0,0
404358,hostaway,2026-03-07T00:00:00.000000,1,1,0,0,1,0.0,0
404358,hostaway,2026-03-08T00:00:00.000000,1,1,0,0,1,0.0,0
404358,hostaway,2026-03-09T00:00:00.000000,1,1,0,0,1,279.0,0
404358,hostaway,2026-03-10T00:00:00.000000,1,0,0,0,1,279.0,1
404358,hostaway,2026-03-11T00:00:00.000000,1,0,0,0,1,279.0,1
404358,hostaway,2026-03-12T00:00:00.000000,1,0,0,0,1,315.0,1
404358,hostaway,2026-03-13T00:00:00.000000,1,0,0,0,1,374.0,1
404358,hostaway,2026-03-14T00:00:00.000000,1,1,0,0,1,445.0,0
404358,hostaway,2026-03-15T00:00:00.000000,1,1,0,0,1,315.0,0
404358,hostaway,2026-03-16T00:00:00.000000,1,1,0,0,1,327.0,0
404358,hostaway,2026-03-17T00:00:00.000000,1,1,0,0,1,327.0,0
404358,hostaway,2026-03-18T00:00:00.000000,1,0,0,0,1,327.0,1
404358,hostaway,2026-03-19T00:00:00.000000,1,0,0,0,1,372.0,1
404358,hostaway,2026-03-20T00:00:00.000000,1,0,0,0,1,490.0,1
404358,hostaway,2026-03-21T00:00:00.000000,1,0,0,0,1,550.0,1
404358,hostaway,2026-03-22T00:00:00.000000,1,0,0,0,1,372.0,1
404358,hostaway,2026-03-23T00:00:00.000000,1,0,0,0,1,327.0,1
404358,hostaway,2026-03-24T00:00:00.000000,1,0,0,0,1,327.0,1
404358,hostaway,2026-03-25T00:00:00.000000,1,0,0,0,1,327.0,1
404358,hostaway,2026-03-26T00:00:00.000000,1,0,0,0,1,372.0,1
404358,hostaway,2026-03-27T00:00:00.000000,1,0,0,0,1,490.0,1
404358,hostaway,2026-03-28T00:00:00.000000,1,0,0,0,1,550.0,1
404358,hostaway,2026-03-29T00:00:00.000000,1,0,0,0,1,372.0,1
404358,hostaway,2026-03-30T00:00:00.000000,1,0,0,0,1,327.0,1
404358,hostaway,2026-03-31T00:00:00.000000,1,0,0,0,1,327.0,1
427313,hostaway,2026-02-01T00:00:00.000000,1,0,0,0,1,0.0,1
427313,hostaway,2026-02-02T00:00:00.000000,1,0,0,0,1,0.0,1
427313,hostaway,2026-02-03T00:00:00.000000,1,0,0,0,1,0.0,1
427313,hostaway,2026-02-04T00:00:00.000000,1,0,0,0,1,0.0,1
427313,hostaway,2026-02-05T00:00:00.000000,1,0,0,0,1,0.0,1
427313,hostaway,2026-02-06T00:00:00.000000,1,1,0,0,1,0.0,0
427313,hostaway,2026-02-07T00:00:00.000000,1,1,0,0,1,0.0,0
427313,hostaway,2026-02-08T00:00:00.000000,1,0,0,0,1,0.0,1
427313,hostaway,2026-02-09T00:00:00.000000,1,1,0,0,1,0.0,0
427313,hostaway,2026-02-10T00:00:00.000000,1,1,0,0,1,0.0,0
427313,hostaway,2026-02-11T00:00:00.000000,1,0,0,0,1,0.0,1
427313,hostaway,2026-02-12T00:00:00.000000,1,0,0,0,1,0.0,1
427313,hostaway,2026-02-13T00:00:00.000000,1,1,0,0,1,0.0,0
427313,hostaway,2026-02-14T00:00:00.000000,1,1,0,0,1,0.0,0
427313,hostaway,2026-02-15T00:00:00.000000,1,1,0,0,1,0.0,0
427313,hostaway,2026-02-16T00:00:00.000000,1,1,0,0,1,0.0,0
427313,hostaway,2026-02-17T00:00:00.000000,1,1,0,0,1,0.0,0
427313,hostaway,2026-02-18T00:00:00.000000,1,1,0,0,1,0.0,0
427313,hostaway,2026-02-19T00:00:00.000000,1,0,0,0,1,0.0,1
427313,hostaway,2026-02-20T00:00:00.000000,1,1,0,0,1,0.0,0
427313,hostaway,2026-02-21T00:00:00.000000,1,1,0,0,1,0.0,0
427313,hostaway,2026-02-22T00:00:00.000000,1,0,0,0,1,0.0,1
427313,hostaway,2026-02-23T00:00:00.000000,1,1,0,0,1,0.0,0
427313,hostaway,2026-02-24T00:00:00.000000,1,1,0,0,1,0.0,0
427313,hostaway,2026-02-25T00:00:00.000000,1,1,0,0,1,0.0,0
427313,hostaway,2026-02-26T00:00:00.000000,1,0,0,0,1,0.0,1
427313,hostaway,2026-02-27T00:00:00.000000,1,1,0,0,1,0.0,0
427313,hostaway,2026-02-28T00:00:00.000000,1,1,0,0,1,0.0,0
427313,hostaway,2026-03-01T00:00:00.000000,1,0,0,0,1,0.0,1
427313,hostaway,2026-03-02T00:00:00.000000,1,1,0,0,1,0.0,0
427313,hostaway,2026-03-03T00:00:00.000000,1,0,0,0,1,0.0,1
427313,hostaway,2026-03-04T00:00:00.000000,1,1,0,0,1,0.0,0
427313,hostaway,2026-03-05T00:00:00.000000,1,1,0,0,1,0.0,0
427313,hostaway,2026-03-06T00:00:00.000000,1,1,0,0,1,0.0,0
427313,hostaway,2026-03-07T00:00:00.000000,1,1,0,0,1,0.0,0
427313,hostaway,2026-03-08T00:00:00.000000,1,1,0,0,1,0.0,0
427313,hostaway,2026-03-09T00:00:00.000000,1,1,0,0,1,136.0,0
427313,hostaway,2026-03-10T00:00:00.000000,1,1,0,0,1,136.0,0
427313,hostaway,2026-03-11T00:00:00.000000,1,1,0,0,1,136.0,0
427313,hostaway,2026-03-12T00:00:00.000000,1,1,0,0,1,168.0,0
427313,hostaway,2026-03-13T00:00:00.000000,1,1,0,0,1,235.0,0
427313,hostaway,2026-03-14T00:00:00.000000,1,1,0,0,1,271.0,0
427313,hostaway,2026-03-15T00:00:00.000000,1,1,0,0,1,145.0,0
427313,hostaway,2026-03-16T00:00:00.000000,1,0,0,0,1,158.0,1
427313,hostaway,2026-03-17T00:00:00.000000,1,1,0,0,1,158.0,0
427313,hostaway,2026-03-18T00:00:00.000000,1,1,0,0,1,158.0,0
427313,hostaway,2026-03-19T00:00:00.000000,1,0,0,0,1,173.0,1
427313,hostaway,2026-03-20T00:00:00.000000,1,1,0,0,1,235.0,0
427313,hostaway,2026-03-21T00:00:00.000000,1,1,0,0,1,271.0,0
427313,hostaway,2026-03-22T00:00:00.000000,1,0,0,0,1,180.0,1
427313,hostaway,2026-03-23T00:00:00.000000,1,0,0,0,1,158.0,1
427313,hostaway,2026-03-24T00:00:00.000000,1,0,0,0,1,158.0,1
427313,hostaway,2026-03-25T00:00:00.000000,1,1,0,0,1,158.0,0
427313,hostaway,2026-03-26T00:00:00.000000,1,1,0,0,1,176.0,0
427313,hostaway,2026-03-27T00:00:00.000000,1,1,0,0,1,235.0,0
427313,hostaway,2026-03-28T00:00:00.000000,1,1,0,0,1,271.0,0
427313,hostaway,2026-03-29T00:00:00.000000,1,1,0,0,1,180.0,0
427313,hostaway,2026-03-30T00:00:00.000000,1,1,0,0,1,158.0,0
427313,hostaway,2026-03-31T00:00:00.000000,1,1,0,0,1,158.0,0
422608,hostaway,2026-02-01T00:00:00.000000,1,0,0,0,1,0.0,1
422608,hostaway,2026-02-02T00:00:00.000000,1,0,0,0,1,0.0,1
422608,hostaway,2026-02-03T00:00:00.000000,1,0,0,0,1,0.0,1
422608,hostaway,2026-02-04T00:00:00.000000,1,1,0,0,1,0.0,0
422608,hostaway,2026-02-05T00:00:00.000000,1,1,0,0,1,0.0,0
422608,hostaway,2026-02-06T00:00:00.000000,1,1,0,0,1,0.0,0
422608,hostaway,2026-02-07T00:00:00.000000,1,0,0,0,1,0.0,1
422608,hostaway,2026-02-08T00:00:00.000000,1,0,0,0,1,0.0,1
422608,hostaway,2026-02-09T00:00:00.000000,1,0,0,0,1,0.0,1
422608,hostaway,2026-02-10T00:00:00.000000,1,0,0,0,1,0.0,1
422608,hostaway,2026-02-11T00:00:00.000000,1,0,0,0,1,0.0,1
422608,hostaway,2026-02-12T00:00:00.000000,1,0,0,0,1,0.0,1
422608,hostaway,2026-02-13T00:00:00.000000,1,0,0,0,1,0.0,1
422608,hostaway,2026-02-14T00:00:00.000000,1,1,0,0,1,0.0,0
422608,hostaway,2026-02-15T00:00:00.000000,1,1,0,0,1,0.0,0
422608,hostaway,2026-02-16T00:00:00.000000,1,1,0,0,1,0.0,0
422608,hostaway,2026-02-17T00:00:00.000000,1,1,0,0,1,0.0,0
422608,hostaway,2026-02-18T00:00:00.000000,1,0,0,0,1,0.0,1
422608,hostaway,2026-02-19T00:00:00.000000,1,0,0,0,1,0.0,1
422608,hostaway,2026-02-20T00:00:00.000000,1,0,0,0,1,0.0,1
422608,hostaway,2026-02-21T00:00:00.000000,1,1,0,0,1,0.0,0
422608,hostaway,2026-02-22T00:00:00.000000,1,1,0,0,1,0.0,0
422608,hostaway,2026-02-23T00:00:00.000000,1,0,0,0,1,0.0,1
422608,hostaway,2026-02-24T00:00:00.000000,1,0,0,0,1,0.0,1
422608,hostaway,2026-02-25T00:00:00.000000,1,0,0,0,1,0.0,1
422608,hostaway,2026-02-26T00:00:00.000000,1,0,0,0,1,0.0,1
422608,hostaway,2026-02-27T00:00:00.000000,1,0,0,0,1,0.0,1
422608,hostaway,2026-02-28T00:00:00.000000,1,1,0,0,1,0.0,0
422608,hostaway,2026-03-01T00:00:00.000000,1,0,0,0,1,0.0,1
422608,hostaway,2026-03-02T00:00:00.000000,1,1,0,0,1,0.0,0
422608,hostaway,2026-03-03T00:00:00.000000,1,1,0,0,1,0.0,0
422608,hostaway,2026-03-04T00:00:00.000000,1,1,0,0,1,0.0,0
422608,hostaway,2026-03-05T00:00:00.000000,1,0,0,0,1,0.0,1
422608,hostaway,2026-03-06T00:00:00.000000,1,1,0,0,1,0.0,0
422608,hostaway,2026-03-07T00:00:00.000000,1,1,0,0,1,0.0,0
422608,hostaway,2026-03-08T00:00:00.000000,1,0,0,0,1,0.0,1
422608,hostaway,2026-03-09T00:00:00.000000,1,0,0,0,1,279.0,1
422608,hostaway,2026-03-10T00:00:00.000000,1,0,0,0,1,279.0,1
422608,hostaway,2026-03-11T00:00:00.000000,1,1,0,0,1,279.0,0
422608,hostaway,2026-03-12T00:00:00.000000,1,1,0,0,1,358.0,0
422608,hostaway,2026-03-13T00:00:00.000000,1,0,0,0,1,374.0,1
422608,hostaway,2026-03-14T00:00:00.000000,1,0,0,0,1,445.0,1
422608,hostaway,2026-03-15T00:00:00.000000,1,0,0,0,1,315.0,1
422608,hostaway,2026-03-16T00:00:00.000000,1,0,0,0,1,327.0,1
422608,hostaway,2026-03-17T00:00:00.000000,1,0,0,0,1,327.0,1
422608,hostaway,2026-03-18T00:00:00.000000,1,0,0,0,1,327.0,1
422608,hostaway,2026-03-19T00:00:00.000000,1,0,0,0,1,359.0,1
422608,hostaway,2026-03-20T00:00:00.000000,1,1,0,0,1,636.0,0
422608,hostaway,2026-03-21T00:00:00.000000,1,1,0,0,1,548.0,0
422608,hostaway,2026-03-22T00:00:00.000000,1,0,0,0,1,372.0,1
422608,hostaway,2026-03-23T00:00:00.000000,1,0,0,0,1,327.0,1
422608,hostaway,2026-03-24T00:00:00.000000,1,0,0,0,1,327.0,1
422608,hostaway,2026-03-25T00:00:00.000000,1,0,0,0,1,327.0,1
422608,hostaway,2026-03-26T00:00:00.000000,1,0,0,0,1,372.0,1
422608,hostaway,2026-03-27T00:00:00.000000,1,0,0,0,1,490.0,1
422608,hostaway,2026-03-28T00:00:00.000000,1,1,0,0,1,697.0,0
422608,hostaway,2026-03-29T00:00:00.000000,1,0,0,0,1,372.0,1
422608,hostaway,2026-03-30T00:00:00.000000,1,0,0,0,1,327.0,1
422608,hostaway,2026-03-31T00:00:00.000000,1,0,0,0,1,327.0,1
485833,hostaway,2026-02-01T00:00:00.000000,1,0,0,0,1,0.0,1
485833,hostaway,2026-02-02T00:00:00.000000,1,0,0,0,1,0.0,1
485833,hostaway,2026-02-03T00:00:00.000000,1,0,0,0,1,0.0,1
485833,hostaway,2026-02-04T00:00:00.000000,1,0,0,0,1,0.0,1
485833,hostaway,2026-02-05T00:00:00.000000,1,0,0,0,1,0.0,1
485833,hostaway,2026-02-06T00:00:00.000000,1,0,0,0,1,0.0,1
485833,hostaway,2026-02-07T00:00:00.000000,1,0,0,0,1,0.0,1
485833,hostaway,2026-02-08T00:00:00.000000,1,0,0,0,1,0.0,1
485833,hostaway,2026-02-09T00:00:00.000000,1,0,0,0,1,0.0,1
485833,hostaway,2026-02-10T00:00:00.000000,1,0,0,0,1,0.0,1
485833,hostaway,2026-02-11T00:00:00.000000,1,0,0,0,1,0.0,1
485833,hostaway,2026-02-12T00:00:00.000000,1,0,0,0,1,0.0,1
485833,hostaway,2026-02-13T00:00:00.000000,1,0,0,0,1,0.0,1
485833,hostaway,2026-02-14T00:00:00.000000,1,0,0,0,1,0.0,1
485833,hostaway,2026-02-15T00:00:00.000000,1,0,0,0,1,0.0,1
485833,hostaway,2026-02-16T00:00:00.000000,1,0,0,0,1,0.0,1
485833,hostaway,2026-02-17T00:00:00.000000,1,0,0,0,1,0.0,1
485833,hostaway,2026-02-18T00:00:00.000000,1,0,0,0,1,0.0,1
485833,hostaway,2026-02-19T00:00:00.000000,1,0,0,0,1,0.0,1
485833,hostaway,2026-02-20T00:00:00.000000,1,0,0,0,1,0.0,1
485833,hostaway,2026-02-21T00:00:00.000000,1,0,0,0,1,0.0,1
485833,hostaway,2026-02-22T00:00:00.000000,1,0,0,0,1,0.0,1
485833,hostaway,2026-02-23T00:00:00.000000,1,0,0,0,1,0.0,1
485833,hostaway,2026-02-24T00:00:00.000000,1,0,0,0,1,0.0,1
485833,hostaway,2026-02-25T00:00:00.000000,1,0,0,0,1,0.0,1
485833,hostaway,2026-02-26T00:00:00.000000,1,0,0,0,1,0.0,1
485833,hostaway,2026-02-27T00:00:00.000000,1,0,0,0,1,0.0,1
485833,hostaway,2026-02-28T00:00:00.000000,1,0,0,0,1,0.0,1
485833,hostaway,2026-03-01T00:00:00.000000,1,0,0,0,1,0.0,1
485833,hostaway,2026-03-02T00:00:00.000000,1,0,0,0,1,0.0,1
485833,hostaway,2026-03-03T00:00:00.000000,1,0,0,0,1,0.0,1
485833,hostaway,2026-03-04T00:00:00.000000,1,0,0,0,1,0.0,1
485833,hostaway,2026-03-05T00:00:00.000000,1,0,0,0,1,0.0,1
485833,hostaway,2026-03-06T00:00:00.000000,1,1,0,0,1,0.0,0
485833,hostaway,2026-03-07T00:00:00.000000,1,1,0,0,1,0.0,0
485833,hostaway,2026-03-08T00:00:00.000000,1,0,0,0,1,0.0,1
485833,hostaway,2026-03-09T00:00:00.000000,1,0,0,0,1,351.0,1
485833,hostaway,2026-03-10T00:00:00.000000,1,0,0,0,1,351.0,1
485833,hostaway,2026-03-11T00:00:00.000000,1,0,0,0,1,351.0,1
485833,hostaway,2026-03-12T00:00:00.000000,1,0,0,0,1,418.0,1
485833,hostaway,2026-03-13T00:00:00.000000,1,0,0,0,1,556.0,1
485833,hostaway,2026-03-14T00:00:00.000000,1,0,0,0,1,556.0,1
485833,hostaway,2026-03-15T00:00:00.000000,1,0,0,0,1,418.0,1
485833,hostaway,2026-03-16T00:00:00.000000,1,0,0,0,1,351.0,1
485833,hostaway,2026-03-17T00:00:00.000000,1,0,0,0,1,351.0,1
485833,hostaway,2026-03-18T00:00:00.000000,1,0,0,0,1,351.0,1
485833,hostaway,2026-03-19T00:00:00.000000,1,0,0,0,1,467.0,1
485833,hostaway,2026-03-20T00:00:00.000000,1,0,0,0,1,706.0,1
485833,hostaway,2026-03-21T00:00:00.000000,1,0,0,0,1,706.0,1
485833,hostaway,2026-03-22T00:00:00.000000,1,0,0,0,1,467.0,1
485833,hostaway,2026-03-23T00:00:00.000000,1,0,0,0,1,432.0,1
485833,hostaway,2026-03-24T00:00:00.000000,1,0,0,0,1,432.0,1
485833,hostaway,2026-03-25T00:00:00.000000,1,1,0,0,1,432.0,0
485833,hostaway,2026-03-26T00:00:00.000000,1,0,0,0,1,624.0,1
485833,hostaway,2026-03-27T00:00:00.000000,1,0,0,0,1,920.0,1
485833,hostaway,2026-03-28T00:00:00.000000,1,0,0,0,1,920.0,1
485833,hostaway,2026-03-29T00:00:00.000000,1,0,0,0,1,624.0,1
485833,hostaway,2026-03-30T00:00:00.000000,1,0,0,0,1,514.0,1
485833,hostaway,2026-03-31T00:00:00.000000,1,0,0,0,1,514.0,1
407612,hostaway,2026-02-01T00:00:00.000000,1,0,0,0,1,0.0,1
407612,hostaway,2026-02-02T00:00:00.000000,1,0,0,0,1,0.0,1
407612,hostaway,2026-02-03T00:00:00.000000,1,0,0,0,1,0.0,1
407612,hostaway,2026-02-04T00:00:00.000000,1,1,0,0,1,0.0,0
407612,hostaway,2026-02-05T00:00:00.000000,1,1,0,0,1,0.0,0
407612,hostaway,2026-02-06T00:00:00.000000,1,0,0,0,1,0.0,1
407612,hostaway,2026-02-07T00:00:00.000000,1,0,0,0,1,0.0,1
407612,hostaway,2026-02-08T00:00:00.000000,1,0,0,0,1,0.0,1
407612,hostaway,2026-02-09T00:00:00.000000,1,0,0,0,1,0.0,1
407612,hostaway,2026-02-10T00:00:00.000000,1,0,0,0,1,0.0,1
407612,hostaway,2026-02-11T00:00:00.000000,1,0,0,0,1,0.0,1
407612,hostaway,2026-02-12T00:00:00.000000,1,0,0,0,1,0.0,1
407612,hostaway,2026-02-13T00:00:00.000000,1,1,0,0,1,0.0,0
407612,hostaway,2026-02-14T00:00:00.000000,1,1,0,0,1,0.0,0
407612,hostaway,2026-02-15T00:00:00.000000,1,1,0,0,1,0.0,0
407612,hostaway,2026-02-16T00:00:00.000000,1,0,0,0,1,0.0,1
407612,hostaway,2026-02-17T00:00:00.000000,1,0,0,0,1,0.0,1
407612,hostaway,2026-02-18T00:00:00.000000,1,0,0,0,1,0.0,1
407612,hostaway,2026-02-19T00:00:00.000000,1,0,0,0,1,0.0,1
407612,hostaway,2026-02-20T00:00:00.000000,1,0,0,0,1,0.0,1
407612,hostaway,2026-02-21T00:00:00.000000,1,0,0,0,1,0.0,1
407612,hostaway,2026-02-22T00:00:00.000000,1,0,0,0,1,0.0,1
407612,hostaway,2026-02-23T00:00:00.000000,1,1,0,0,1,0.0,0
407612,hostaway,2026-02-24T00:00:00.000000,1,1,0,0,1,0.0,0
407612,hostaway,2026-02-25T00:00:00.000000,1,0,0,0,1,0.0,1
407612,hostaway,2026-02-26T00:00:00.000000,1,0,0,0,1,0.0,1
407612,hostaway,2026-02-27T00:00:00.000000,1,1,0,0,1,0.0,0
407612,hostaway,2026-02-28T00:00:00.000000,1,1,0,0,1,0.0,0
407612,hostaway,2026-03-01T00:00:00.000000,1,0,0,0,1,0.0,1
407612,hostaway,2026-03-02T00:00:00.000000,1,0,0,0,1,0.0,1
407612,hostaway,2026-03-03T00:00:00.000000,1,0,0,0,1,0.0,1
407612,hostaway,2026-03-04T00:00:00.000000,1,0,0,0,1,0.0,1
407612,hostaway,2026-03-05T00:00:00.000000,1,0,0,0,1,0.0,1
407612,hostaway,2026-03-06T00:00:00.000000,1,1,0,0,1,0.0,0
407612,hostaway,2026-03-07T00:00:00.000000,1,1,0,0,1,0.0,0
407612,hostaway,2026-03-08T00:00:00.000000,1,0,0,0,1,0.0,1
407612,hostaway,2026-03-09T00:00:00.000000,1,0,0,0,1,164.0,1
407612,hostaway,2026-03-10T00:00:00.000000,1,0,0,0,1,164.0,1
407612,hostaway,2026-03-11T00:00:00.000000,1,0,0,0,1,164.0,1
407612,hostaway,2026-03-12T00:00:00.000000,1,1,0,0,1,311.0,0
407612,hostaway,2026-03-13T00:00:00.000000,1,1,0,0,1,447.0,0
407612,hostaway,2026-03-14T00:00:00.000000,1,1,0,0,1,447.0,0
407612,hostaway,2026-03-15T00:00:00.000000,1,1,0,0,1,374.0,0
407612,hostaway,2026-03-16T00:00:00.000000,1,1,0,0,1,190.0,0
407612,hostaway,2026-03-17T00:00:00.000000,1,0,0,0,1,190.0,1
407612,hostaway,2026-03-18T00:00:00.000000,1,0,0,0,1,190.0,1
407612,hostaway,2026-03-19T00:00:00.000000,1,0,0,0,1,208.0,1
407612,hostaway,2026-03-20T00:00:00.000000,1,1,0,0,1,290.0,0
407612,hostaway,2026-03-21T00:00:00.000000,1,1,0,0,1,374.0,0
407612,hostaway,2026-03-22T00:00:00.000000,1,1,0,0,1,316.0,0
407612,hostaway,2026-03-23T00:00:00.000000,1,1,0,0,1,190.0,0
407612,hostaway,2026-03-24T00:00:00.000000,1,1,0,0,1,190.0,0
407612,hostaway,2026-03-25T00:00:00.000000,1,0,0,0,1,190.0,1
407612,hostaway,2026-03-26T00:00:00.000000,1,0,0,0,1,208.0,1
407612,hostaway,2026-03-27T00:00:00.000000,1,1,0,0,1,290.0,0
407612,hostaway,2026-03-28T00:00:00.000000,1,1,0,0,1,323.0,0
407612,hostaway,2026-03-29T00:00:00.000000,1,1,0,0,1,215.0,0
407612,hostaway,2026-03-30T00:00:00.000000,1,1,0,0,1,190.0,0
407612,hostaway,2026-03-31T00:00:00.000000,1,1,0,0,1,190.0,0
